accession_no,ticker,accepted_at_utc,item_group,year
0001157523-10-000006,F,2010-01-04T19:18:06+00:00,other,2010
0001110783-10-000002,MON,2010-01-06T13:26:38+00:00,earnings,2010
0001181431-10-002180,MAR,2010-01-07T22:03:19+00:00,earnings,2010
0001104659-10-000980,DOC,2010-01-11T13:30:33+00:00,earnings,2010
0001193125-10-004865,BXP,2010-01-12T14:05:15+00:00,management,2010
0000950123-10-002005,BIIB,2010-01-12T21:06:06+00:00,earnings,2010
0001193125-10-007199,PNC,2010-01-15T20:20:50+00:00,earnings,2010
0000277948-10-000003,CSX,2010-01-19T21:05:22+00:00,earnings,2010
0001193125-10-008555,PGR,2010-01-20T14:59:35+00:00,earnings,2010
0000950123-10-004095,WDC,2010-01-21T21:22:56+00:00,earnings,2010
0001193125-10-009816,COF,2010-01-21T22:05:16+00:00,earnings,2010
0000950117-10-000131,FHN,2010-01-22T19:58:19+00:00,management,2010
0000950103-10-000146,MS,2010-01-22T21:39:18+00:00,management,2010
0000050863-10-000009,INTC,2010-01-25T20:06:42+00:00,other,2010
0001193125-10-012551,BNY,2010-01-26T14:09:54+00:00,earnings,2010
0000200406-10-000006,JNJ,2010-01-26T16:30:09+00:00,earnings,2010
0000950123-10-005300,ALTR,2010-01-26T21:25:57+00:00,earnings,2010
0000950123-10-005688,GEN,2010-01-27T21:16:38+00:00,earnings,2010
0000950123-10-005712,MWW,2010-01-27T21:38:38+00:00,other,2010
0001104659-10-003781,BBY,2010-01-29T14:27:35+00:00,agreement,2010
0000950123-10-006799,MHS,2010-01-29T21:00:23+00:00,management,2010
0001193125-10-018172,BBWI,2010-02-01T21:31:35+00:00,other,2010
0001181431-10-005603,EBAY,2010-02-01T21:44:55+00:00,management,2010
0001299933-10-000375,BSX,2010-02-01T22:12:44+00:00,agreement,2010
0001171843-10-000105,ADP,2010-02-02T12:30:38+00:00,earnings,2010
0000107815-10-000041,WEC,2010-02-02T12:32:56+00:00,other,2010
0000950123-10-007538,WAT,2010-02-02T15:09:38+00:00,agreement,2010
0001181431-10-005890,SCHW,2010-02-02T19:17:25+00:00,other,2010
0000950123-10-008230,ALTR,2010-02-03T18:54:58+00:00,other,2010
0001299933-10-000428,CLF,2010-02-03T20:45:11+00:00,other,2010
0001031296-10-000006,FE,2010-02-03T21:44:19+00:00,management,2010
0001193125-10-021517,UNH,2010-02-04T12:04:34+00:00,other,2010
0001193125-10-021643,WFR,2010-02-04T13:46:47+00:00,earnings,2010
0001193125-10-022209,SUN,2010-02-04T21:31:43+00:00,earnings,2010
0001193125-10-023283,TT,2010-02-05T20:18:30+00:00,management,2010
0001299933-10-000486,PEP,2010-02-05T21:41:46+00:00,other,2010
0001299933-10-000488,WDC,2010-02-05T21:44:45+00:00,management,2010
0000950123-10-009653,KEY,2010-02-08T12:03:29+00:00,management,2010
0001299933-10-000504,JNPR,2010-02-08T21:30:12+00:00,management,2010
0000020520-10-000012,FTR,2010-02-09T17:04:29+00:00,other,2010
0001299933-10-000522,GLW,2010-02-09T21:12:12+00:00,management,2010
0001157523-10-000781,ARG,2010-02-09T22:40:40+00:00,other,2010
0000704051-10-000072,LM,2010-02-11T23:13:00+00:00,agreement,2010
0001193125-10-030626,FITB,2010-02-12T21:19:44+00:00,management,2010
0000950123-10-012415,GS,2010-02-12T22:21:55+00:00,management,2010
0000950123-10-012636,BTU,2010-02-16T11:03:33+00:00,other,2010
0001104659-10-007431,A,2010-02-16T22:14:31+00:00,agreement,2010
0001193125-10-033842,CLF,2010-02-18T14:18:41+00:00,earnings,2010
0001193125-10-034620,ZION,2010-02-19T11:06:53+00:00,other,2010
0001193125-10-035112,ORLY,2010-02-19T19:51:49+00:00,earnings,2010
0000941548-10-000013,CAM,2010-02-19T20:05:34+00:00,management,2010
0001193125-10-035204,SAI,2010-02-19T21:06:54+00:00,other,2010
0000950123-10-015050,WMB,2010-02-22T19:18:35+00:00,agreement,2010
0000950123-10-015088,NOC,2010-02-22T20:11:31+00:00,management,2010
0000004904-10-000009,AEP,2010-02-24T14:34:23+00:00,other,2010
0001193125-10-040088,BXP,2010-02-25T16:38:42+00:00,management,2010
0001193125-10-040265,DIS,2010-02-25T18:21:29+00:00,other,2010
0000096223-10-000007,JEF,2010-02-26T21:35:36+00:00,other,2010
0001193125-10-045892,EMC,2010-03-02T20:46:01+00:00,other,2010
0001193125-10-046550,SWY,2010-03-03T15:01:59+00:00,earnings,2010
0001193125-10-046803,PNC,2010-03-03T20:19:26+00:00,earnings,2010
0001193125-10-047036,ODP,2010-03-03T23:12:18+00:00,other,2010
0000950123-10-020833,JWN,2010-03-04T13:30:59+00:00,earnings,2010
0001181431-10-013830,KSS,2010-03-04T13:33:19+00:00,earnings,2010
0001193125-10-047431,BMY,2010-03-04T14:30:24+00:00,other,2010
0001299933-10-000952,PEP,2010-03-04T22:25:40+00:00,management,2010
0000950123-10-021434,JCI,2010-03-05T18:16:24+00:00,other,2010
0001193125-10-049593,PGR,2010-03-08T13:41:46+00:00,management,2010
0000950127-10-000055,HES,2010-03-09T20:51:04+00:00,management,2010
0001193125-10-051856,CLF,2010-03-10T11:05:51+00:00,management,2010
0001193125-10-055641,COF,2010-03-12T22:46:46+00:00,other,2010
0000950123-10-026432,KG,2010-03-19T21:08:24+00:00,agreement,2010
0001104659-10-015472,SPG,2010-03-19T21:16:04+00:00,management,2010
0000898822-10-000112,BIIB,2010-03-22T12:20:52+00:00,management,2010
0001193125-10-066732,WFC,2010-03-25T15:00:34+00:00,other,2010
0001104659-10-016494,DE,2010-03-25T21:15:47+00:00,other,2010
0000072333-10-000078,JWN,2010-03-29T20:38:38+00:00,other,2010
0001193125-10-072935,DF,2010-03-31T16:32:36+00:00,agreement,2010
0001104659-10-017869,DUK,2010-04-01T10:02:21+00:00,other,2010
0001163302-10-000014,X,2010-04-08T13:23:35+00:00,other,2010
0001193125-10-079731,MEE,2010-04-08T22:57:57+00:00,other,2010
0000950123-10-033540,SLM,2010-04-09T18:33:36+00:00,other,2010
0001144204-10-019368,C,2010-04-09T20:04:09+00:00,other,2010
0000950123-10-033602,TJX,2010-04-09T20:10:51+00:00,management,2010
0001341004-10-000661,WYNN,2010-04-09T20:14:24+00:00,other,2010
0001193125-10-082259,FITB,2010-04-13T17:35:44+00:00,other,2010
0000950123-10-034941,PWR,2010-04-14T23:31:05+00:00,other,2010
0001299933-10-001471,BTU,2010-04-15T11:46:01+00:00,other,2010
0000014693-10-000031,BF-B,2010-04-16T15:08:44+00:00,other,2010
0001339947-10-000008,VIAB,2010-04-16T21:04:53+00:00,management,2010
0001104659-10-020186,C,2010-04-19T12:03:55+00:00,earnings,2010
0001104659-10-020449,IBM,2010-04-19T20:13:03+00:00,earnings,2010
0000950123-10-036256,USB,2010-04-20T20:13:25+00:00,management,2010
0000950123-10-036306,WY,2010-04-20T21:11:41+00:00,other,2010
0001157523-10-002155,MCO,2010-04-21T12:00:20+00:00,earnings,2010
0000950123-10-036505,NBR,2010-04-21T13:33:46+00:00,earnings,2010
0001104659-10-021005,CF,2010-04-21T20:26:30+00:00,agreement,2010
0000217346-10-000044,TXT,2010-04-22T11:14:31+00:00,earnings,2010
0001193125-10-089687,NTRS,2010-04-22T15:13:39+00:00,other,2010
0001193125-10-090110,FITB,2010-04-22T20:16:34+00:00,management,2010
0000950123-10-037405,CMS,2010-04-23T12:45:22+00:00,earnings,2010
0000018230-10-000212,CAT,2010-04-26T13:04:27+00:00,earnings,2010
0001193125-10-094036,TLAB,2010-04-27T11:01:20+00:00,earnings,2010
0000930413-10-002190,HON,2010-04-27T16:13:24+00:00,other,2010
0000804055-10-000028,CCE,2010-04-27T19:16:01+00:00,other,2010
0001193125-10-095018,AA,2010-04-27T21:11:32+00:00,management,2010
0000914208-10-000256,IVZ,2010-04-28T12:56:40+00:00,earnings,2010
0001193125-10-096625,AKAM,2010-04-28T20:06:12+00:00,earnings,2010
0001144204-10-022667,VAR,2010-04-28T20:14:20+00:00,earnings,2010
0000861878-10-000004,SRCL,2010-04-28T20:52:49+00:00,earnings,2010
0001341004-10-000773,WYNN,2010-04-28T20:54:28+00:00,agreement,2010
0000922224-10-000034,PPL,2010-04-29T11:13:52+00:00,other,2010
0001181431-10-023490,BMC,2010-04-29T22:11:27+00:00,other,2010
0001171843-10-000734,ORLY,2010-04-30T18:57:08+00:00,earnings,2010
0001104659-10-024117,HP,2010-04-30T21:16:21+00:00,management,2010
0001299933-10-001744,UNH,2010-05-03T11:59:48+00:00,other,2010
0001144204-10-023981,CINF,2010-05-03T20:34:34+00:00,other,2010
0000751652-10-000021,STR,2010-05-03T21:51:46+00:00,other,2010
0001193125-10-105309,CTSH,2010-05-04T10:22:17+00:00,earnings,2010
0000062709-10-000016,MRSH,2010-05-04T12:03:29+00:00,earnings,2010
0001193125-10-105604,SNI,2010-05-04T13:23:43+00:00,other,2010
0000007332-10-000023,SWN,2010-05-04T21:20:56+00:00,other,2010
0001407463-10-000039,PXD,2010-05-04T22:29:33+00:00,earnings,2010
0000950123-10-044057,WMB,2010-05-05T11:46:38+00:00,earnings,2010
0000920148-10-000042,LH,2010-05-06T20:32:20+00:00,other,2010
0001193125-10-110973,CNX,2010-05-06T20:35:35+00:00,other,2010
0001193125-10-111972,EIX,2010-05-07T12:35:20+00:00,earnings,2010
0001193125-10-112794,CNX,2010-05-07T19:39:35+00:00,other,2010
0001193125-10-112886,UAA,2010-05-07T20:10:34+00:00,other,2010
0000950123-10-046444,PLD,2010-05-07T20:31:37+00:00,other,2010
0000950123-10-046961,ALTR,2010-05-10T16:44:15+00:00,other,2010
0001193125-10-114473,UNP,2010-05-10T19:29:34+00:00,other,2010
0001193125-10-117799,AMGN,2010-05-12T23:02:46+00:00,management,2010
0001193125-10-118857,PM,2010-05-13T19:22:54+00:00,other,2010
0000950123-10-049043,JWN,2010-05-13T20:13:54+00:00,earnings,2010
0000950123-10-049082,ATI,2010-05-13T20:49:05+00:00,other,2010
0000754737-10-000014,SCG,2010-05-13T21:49:36+00:00,other,2010
0000950123-10-049737,NI,2010-05-14T20:52:32+00:00,other,2010
0000950123-10-049777,KG,2010-05-14T21:06:00+00:00,agreement,2010
0000950123-10-050027,AIG,2010-05-17T12:09:30+00:00,agreement,2010
0000004962-10-000025,AXP,2010-05-17T15:59:18+00:00,other,2010
0001193125-10-123476,ED,2010-05-18T21:30:10+00:00,other,2010
0001193125-10-124215,FLIR,2010-05-19T19:35:11+00:00,other,2010
0000007332-10-000024,SWN,2010-05-19T20:56:27+00:00,other,2010
0001193125-10-125240,ED,2010-05-20T20:39:43+00:00,other,2010
0000062709-10-000018,MRSH,2010-05-21T17:33:27+00:00,other,2010
0000950123-10-052195,CPB,2010-05-24T11:08:31+00:00,earnings,2010
0001166126-10-000021,JCP,2010-05-24T14:16:50+00:00,agreement,2010
0001126328-10-000299,PFG,2010-05-24T18:34:00+00:00,management,2010
0001193125-10-128266,LMT,2010-05-25T20:39:33+00:00,other,2010
0000092122-10-000057,SO,2010-06-01T21:11:01+00:00,other,2010
0001104659-10-031916,DE,2010-06-02T13:00:24+00:00,other,2010
0000898822-10-000350,IVZ,2010-06-02T13:00:47+00:00,agreement,2010
0001193125-10-131314,LMT,2010-06-02T20:02:54+00:00,management,2010
0001362310-10-000005,XLNX,2010-06-03T11:00:18+00:00,other,2010
0001437749-10-001780,IGT,2010-06-03T13:00:25+00:00,other,2010
0001193125-10-133655,PEG,2010-06-07T15:25:27+00:00,other,2010
0001144204-10-032275,CBRE,2010-06-08T10:00:56+00:00,other,2010
0001193125-10-136123,WMT,2010-06-09T21:08:34+00:00,other,2010
0001193125-10-138082,CRM,2010-06-11T21:20:08+00:00,other,2010
0000047111-10-000021,HSY,2010-06-15T19:53:45+00:00,other,2010
0001104659-10-034264,DE,2010-06-17T13:00:41+00:00,other,2010
0000950123-10-062251,SVU,2010-06-29T20:05:17+00:00,other,2010
0001193125-10-149956,CSCO,2010-06-29T20:39:00+00:00,other,2010
0001181431-10-035044,AIZ,2010-06-29T20:46:07+00:00,other,2010
0001193125-10-151241,EXC,2010-06-30T19:08:44+00:00,other,2010
0001144204-10-036035,RDC,2010-07-01T15:53:30+00:00,agreement,2010
0000950123-10-063962,WEC,2010-07-07T18:00:45+00:00,other,2010
0000950123-10-064325,F,2010-07-08T18:35:24+00:00,management,2010
0000004904-10-000098,AEP,2010-07-09T12:59:27+00:00,other,2010
0000950123-10-064896,CVX,2010-07-12T21:00:47+00:00,earnings,2010
0001299933-10-002669,WDC,2010-07-14T17:59:59+00:00,management,2010
0000060086-10-000019,L,2010-07-16T16:24:57+00:00,agreement,2010
0000950123-10-065952,NOC,2010-07-16T17:58:16+00:00,earnings,2010
0001193125-10-160170,SCHW,2010-07-16T19:55:22+00:00,earnings,2010
0000950123-10-066010,AIG,2010-07-16T20:17:31+00:00,agreement,2010
0001193125-10-160269,BNY,2010-07-16T21:11:34+00:00,management,2010
0001193125-10-160890,PHM,2010-07-19T19:38:34+00:00,management,2010
0000950123-10-066378,PEP,2010-07-20T11:48:17+00:00,earnings,2010
0000950123-10-066384,GS,2010-07-20T12:26:00+00:00,earnings,2010
0001157523-10-004105,YHOO,2010-07-20T20:20:30+00:00,earnings,2010
0001193125-10-162272,RTX,2010-07-21T11:36:31+00:00,earnings,2010
0000831259-10-000046,FCX,2010-07-21T21:12:01+00:00,earnings,2010
0001104659-10-038997,MMM,2010-07-22T12:03:43+00:00,earnings,2010
0001193125-10-163363,UNP,2010-07-22T12:08:35+00:00,earnings,2010
0001193125-10-163365,AN,2010-07-22T12:10:33+00:00,earnings,2010
0001193125-10-166021,BNY,2010-07-26T20:32:42+00:00,earnings,2010
0001144204-10-039412,X,2010-07-27T12:09:21+00:00,earnings,2010
0001157523-10-004342,COP,2010-07-28T12:38:30+00:00,earnings,2010
0001157523-10-004344,HES,2010-07-28T13:45:26+00:00,earnings,2010
0001144204-10-039824,CINF,2010-07-28T20:45:01+00:00,earnings,2010
0001193125-10-169207,AVP,2010-07-28T21:06:54+00:00,other,2010
0001104659-10-040319,JCI,2010-07-29T11:31:04+00:00,earnings,2010
0000950123-10-069420,NOV,2010-07-29T11:48:31+00:00,earnings,2010
0001144204-10-039921,EQT,2010-07-29T12:00:06+00:00,earnings,2010
0001193125-10-170743,GNW,2010-07-29T20:33:55+00:00,earnings,2010
0001341004-10-001299,KO,2010-07-30T15:13:47+00:00,other,2010
0000950123-10-070522,T,2010-07-30T20:28:25+00:00,other,2010
0001193125-10-173034,AEE,2010-08-02T13:26:52+00:00,other,2010
0000086521-10-000049,SRE,2010-08-03T16:05:42+00:00,earnings,2010
0000950123-10-071775,MOLX,2010-08-03T20:03:55+00:00,earnings,2010
0001193125-10-176469,AYE,2010-08-04T14:11:14+00:00,earnings,2010
0000794367-10-000152,M,2010-08-05T14:02:07+00:00,earnings,2010
0001104659-10-042441,CF,2010-08-05T21:15:39+00:00,earnings,2010
0000950123-10-074374,MET,2010-08-06T20:45:49+00:00,other,2010
0000004904-10-000120,AEP,2010-08-09T19:24:52+00:00,management,2010
0001104659-10-043631,DE,2010-08-11T13:00:41+00:00,other,2010
0001193125-10-185943,AFL,2010-08-11T19:14:38+00:00,other,2010
0001170010-10-000048,KMX,2010-08-11T20:13:54+00:00,management,2010
0000950123-10-078847,AMAT,2010-08-18T20:06:03+00:00,earnings,2010
0000950123-10-079153,ESRX,2010-08-19T20:01:54+00:00,agreement,2010
0001104659-10-045193,BBBY,2010-08-19T20:29:32+00:00,management,2010
0001193125-10-193199,INTC,2010-08-19T21:17:41+00:00,other,2010
0000045012-10-000267,HAL,2010-08-20T20:07:21+00:00,other,2010
0001144204-10-046205,CINF,2010-08-23T20:38:16+00:00,other,2010
0001193125-10-195843,XRX,2010-08-24T20:42:21+00:00,other,2010
0001193125-10-195891,COST,2010-08-24T21:17:33+00:00,other,2010
0001144204-10-046447,VAR,2010-08-24T21:23:01+00:00,agreement,2010
0001193125-10-199617,SLB,2010-08-27T21:01:37+00:00,other,2010
0001193125-10-199960,WY,2010-08-30T12:38:19+00:00,other,2010
0001299933-10-003226,CAG,2010-08-30T20:13:48+00:00,management,2010
0000950123-10-082712,WDC,2010-08-31T20:30:18+00:00,management,2010
0000950123-10-082859,PEP,2010-09-01T12:50:49+00:00,other,2010
0000950123-10-084030,PNW,2010-09-07T12:31:43+00:00,other,2010
0000950123-10-084246,NTAP,2010-09-07T20:51:50+00:00,management,2010
0001104659-10-047810,IRM,2010-09-09T12:02:27+00:00,management,2010
0001104659-10-047980,CMA,2010-09-10T12:06:31+00:00,other,2010
0001104659-10-048131,WFM,2010-09-10T21:01:41+00:00,other,2010
0001299933-10-003362,UNH,2010-09-13T10:47:16+00:00,other,2010
0000909518-10-000518,JEF,2010-09-13T20:31:03+00:00,other,2010
0001193125-10-208988,AEE,2010-09-13T20:41:37+00:00,agreement,2010
0001104659-10-048319,HPQ,2010-09-13T20:48:35+00:00,other,2010
0001104659-10-048442,KR,2010-09-14T12:55:14+00:00,earnings,2010
0001193125-10-209862,EXC,2010-09-14T20:35:38+00:00,other,2010
0001193125-10-210714,NUE,2010-09-15T20:26:43+00:00,other,2010
0001193125-10-211117,CAH,2010-09-16T13:14:00+00:00,other,2010
0001193125-10-211428,ORCL,2010-09-16T20:14:10+00:00,earnings,2010
0001072613-10-000895,BSX,2010-09-20T12:36:48+00:00,other,2010
0001004155-10-000071,GAS,2010-09-20T20:56:07+00:00,agreement,2010
0001193125-10-213157,HOG,2010-09-20T21:07:44+00:00,other,2010
0000950138-10-000581,GME,2010-09-22T20:15:36+00:00,other,2010
0001193125-10-216058,SLB,2010-09-24T15:27:43+00:00,management,2010
0000950123-10-089083,HIG,2010-09-27T16:06:00+00:00,other,2010
0001031296-10-000029,FE,2010-09-27T16:34:02+00:00,management,2010
0000040545-10-000057,GE,2010-09-28T15:50:26+00:00,other,2010
0000047217-10-000030,HPQ,2010-09-28T20:42:08+00:00,other,2010
0001104659-10-050666,MSI,2010-09-30T17:22:59+00:00,earnings,2010
0001193125-10-221033,EXC,2010-09-30T19:54:35+00:00,agreement,2010
0000020520-10-000098,FTR,2010-10-01T16:26:31+00:00,other,2010
0000950123-10-091814,BDX,2010-10-06T21:09:14+00:00,other,2010
0001193125-10-226551,BXP,2010-10-08T14:31:45+00:00,agreement,2010
0000950123-10-092337,BIIB,2010-10-08T20:30:22+00:00,other,2010
0000950123-10-092758,ANF,2010-10-12T20:18:00+00:00,other,2010
0001193125-10-228177,AA,2010-10-12T21:09:51+00:00,earnings,2010
0001104659-10-052316,BBBY,2010-10-14T19:01:49+00:00,other,2010
0001140361-10-041235,COF,2010-10-14T22:10:25+00:00,other,2010
0001193125-10-231389,HST,2010-10-19T12:10:31+00:00,other,2010
0001193125-10-231716,GILD,2010-10-19T20:20:00+00:00,earnings,2010
0000892712-10-000734,MI,2010-10-20T12:01:56+00:00,earnings,2010
0000950123-10-094364,PLD,2010-10-20T13:03:50+00:00,earnings,2010
0001157523-10-005903,GENZ,2010-10-20T14:25:36+00:00,earnings,2010
0001193125-10-232496,RTN,2010-10-20T18:20:36+00:00,other,2010
0001157523-10-005934,VFC,2010-10-21T11:05:29+00:00,earnings,2010
0001193125-10-233205,SIAL,2010-10-21T12:35:37+00:00,earnings,2010
0000930413-10-005182,HON,2010-10-22T11:10:29+00:00,earnings,2010
0001193125-10-234680,MEE,2010-10-22T21:06:34+00:00,management,2010
0000914208-10-000393,IVZ,2010-10-25T12:56:41+00:00,earnings,2010
0001144204-10-055403,SPGI,2010-10-26T11:11:33+00:00,earnings,2010
0001193125-10-236268,ARG,2010-10-26T13:10:22+00:00,earnings,2010
0000950123-10-095937,JCI,2010-10-26T14:42:56+00:00,earnings,2010
0000950123-10-096102,ATI,2010-10-26T20:01:29+00:00,earnings,2010
0001104659-10-054012,AMP,2010-10-27T20:15:55+00:00,earnings,2010
0000892251-10-000204,CTAS,2010-10-27T20:34:22+00:00,other,2010
0001104659-10-054031,CEPH,2010-10-27T21:02:22+00:00,other,2010
0001193125-10-238745,CME,2010-10-28T11:00:38+00:00,earnings,2010
0001491675-10-000038,CCE,2010-10-28T20:11:26+00:00,earnings,2010
0000950123-10-097465,MWW,2010-10-28T20:24:10+00:00,earnings,2010
0001188112-10-002924,ICE,2010-11-01T11:30:31+00:00,earnings,2010
0000310764-10-000074,SYK,2010-11-01T19:39:41+00:00,agreement,2010
0001140361-10-042965,JOY,2010-11-01T21:25:52+00:00,agreement,2010
0001193125-10-243770,PH,2010-11-02T14:48:34+00:00,management,2010
0000821189-10-000047,EOG,2010-11-02T21:22:01+00:00,earnings,2010
0001104659-10-055424,DOC,2010-11-03T13:02:49+00:00,other,2010
0001193125-10-246076,CCE,2010-11-03T19:52:35+00:00,management,2010
0000950123-10-100538,MTB,2010-11-04T12:32:42+00:00,other,2010
0001181431-10-053434,GPS,2010-11-04T17:52:48+00:00,earnings,2010
0000950123-10-100900,RSG,2010-11-04T20:11:29+00:00,earnings,2010
0000950123-10-101135,RSG,2010-11-04T23:31:50+00:00,agreement,2010
0001054833-10-000043,CVH,2010-11-05T12:25:45+00:00,earnings,2010
0001104659-10-056308,BBY,2010-11-05T12:48:03+00:00,other,2010
0001193125-10-250178,MEE,2010-11-05T20:35:47+00:00,other,2010
0001193125-10-250276,BAC,2010-11-05T21:12:36+00:00,other,2010
0001181431-10-054013,KFT,2010-11-08T20:50:20+00:00,other,2010
0001104659-10-056924,CEG,2010-11-08T21:41:26+00:00,agreement,2010
0000096289-10-000024,RSH,2010-11-08T21:59:19+00:00,other,2010
0000060667-10-000180,LOW,2010-11-15T22:41:03+00:00,management,2010
0000930413-10-005660,HON,2010-11-16T12:10:23+00:00,earnings,2010
0001193125-10-261533,J,2010-11-16T15:46:07+00:00,earnings,2010
0001193125-10-261860,URBN,2010-11-16T20:19:43+00:00,earnings,2010
0001135971-10-000153,POM,2010-11-16T21:04:01+00:00,other,2010
0000021344-10-000007,KO,2010-11-16T21:46:12+00:00,management,2010
0001144204-10-061624,C,2010-11-17T14:30:49+00:00,other,2010
0001193125-10-263063,PRU,2010-11-17T21:48:34+00:00,other,2010
0000018230-10-000536,CAT,2010-11-18T14:16:22+00:00,other,2010
0000014693-10-000124,BF-B,2010-11-18T21:30:49+00:00,other,2010
0000950123-10-107320,AIV,2010-11-19T18:54:55+00:00,other,2010
0000092122-10-000130,SO,2010-11-19T22:19:15+00:00,other,2010
0000047217-10-000041,HPQ,2010-11-22T21:07:15+00:00,earnings,2010
0000950123-10-107897,EOG,2010-11-22T22:29:07+00:00,agreement,2010
0000950123-10-108025,MDT,2010-11-23T12:45:23+00:00,earnings,2010
0001104659-10-059789,KO,2010-11-23T22:01:52+00:00,other,2010
0001000180-10-000108,SNDK,2010-11-24T20:09:31+00:00,management,2010
0000018926-10-000040,LUMN,2010-11-26T18:40:41+00:00,other,2010
0001193125-10-269511,MEE,2010-11-26T22:00:54+00:00,other,2010
0000950123-10-109432,C,2010-11-29T22:21:20+00:00,other,2010
0000950123-10-109477,MET,2010-11-30T00:13:23+00:00,other,2010
0000014693-10-000127,BF-B,2010-12-01T13:04:07+00:00,other,2010
0000016918-10-000057,STZ,2010-12-01T18:19:41+00:00,other,2010
0000950103-10-003584,PEP,2010-12-02T11:30:34+00:00,agreement,2010
0001193125-10-273463,BA,2010-12-03T16:03:32+00:00,management,2010
0001041061-10-000049,YUM,2010-12-03T21:31:36+00:00,other,2010
0001004155-10-000100,GAS,2010-12-07T14:46:56+00:00,other,2010
0001193125-10-275647,HST,2010-12-07T21:42:58+00:00,other,2010
0000950123-10-112048,VTR,2010-12-08T21:53:49+00:00,other,2010
0001104659-10-061947,DUK,2010-12-09T21:33:41+00:00,management,2010
0000950123-10-113196,AIG,2010-12-13T22:18:30+00:00,other,2010
0000101830-10-000022,S,2010-12-13T22:49:12+00:00,other,2010
0000950123-10-114068,FDX,2010-12-16T13:01:16+00:00,earnings,2010
0001140361-10-050322,XEL,2010-12-17T22:17:25+00:00,other,2010
0000950123-10-115081,PNW,2010-12-20T22:17:48+00:00,management,2010
0000101830-10-000024,S,2010-12-21T21:05:35+00:00,management,2010
0000950123-10-115394,ESRX,2010-12-21T21:05:49+00:00,management,2010
0000320187-10-000194,NKE,2010-12-21T21:22:15+00:00,earnings,2010
0001206774-10-002655,CLX,2010-12-23T21:25:02+00:00,management,2010
0001299933-11-000011,HBAN,2011-01-03T15:50:25+00:00,other,2011
0001104659-11-000193,IBM,2011-01-04T16:17:28+00:00,other,2011
0000950123-11-000449,ATI,2011-01-05T13:50:27+00:00,agreement,2011
0001299933-11-000073,SLM,2011-01-06T14:52:08+00:00,management,2011
0001193125-11-005582,ORLY,2011-01-11T14:16:33+00:00,other,2011
0000950123-11-002057,CVX,2011-01-11T22:00:27+00:00,earnings,2011
0001140361-11-003041,COF,2011-01-14T22:46:47+00:00,other,2011
0000821189-11-000009,EOG,2011-01-18T22:10:23+00:00,management,2011
0000950123-11-003616,HCBK,2011-01-19T14:10:29+00:00,earnings,2011
0001144204-11-003022,COL,2011-01-20T13:30:35+00:00,earnings,2011
0000040545-11-000002,GE,2011-01-21T12:48:49+00:00,earnings,2011
0001193125-11-011600,PBCT,2011-01-21T14:18:09+00:00,other,2011
0001126328-11-000002,PFG,2011-01-21T16:59:24+00:00,other,2011
0000950123-11-004835,CVH,2011-01-24T20:04:27+00:00,management,2011
0000950123-11-005019,KEY,2011-01-25T13:20:17+00:00,earnings,2011
0000918160-11-000003,AKS,2011-01-25T13:34:51+00:00,earnings,2011
0001157523-11-000360,COP,2011-01-26T13:47:26+00:00,earnings,2011
0000092122-11-000010,SO,2011-01-26T14:17:06+00:00,earnings,2011
0001193125-11-014957,DHR,2011-01-26T22:38:34+00:00,earnings,2011
0001104659-11-003237,JCI,2011-01-27T12:00:35+00:00,earnings,2011
0000070530-11-000005,NSM,2011-01-27T21:45:51+00:00,management,2011
0000950123-11-006684,ATI,2011-01-28T21:37:16+00:00,management,2011
0001140361-11-004729,COF,2011-01-28T22:07:05+00:00,management,2011
0000950123-11-007757,C,2011-02-01T17:45:21+00:00,other,2011
0001193125-11-020037,LUV,2011-02-01T18:44:37+00:00,other,2011
0001193125-11-020321,AFL,2011-02-01T21:37:16+00:00,earnings,2011
0000941548-11-000005,CAM,2011-02-02T15:03:14+00:00,earnings,2011
0000950123-11-008517,PLD,2011-02-03T12:01:41+00:00,earnings,2011
0001193125-11-022512,CME,2011-02-03T12:01:41+00:00,earnings,2011
0000915389-11-000010,EMN,2011-02-03T20:21:12+00:00,other,2011
0000092380-11-000006,LUV,2011-02-07T15:17:15+00:00,other,2011
0000950123-11-009628,JCI,2011-02-07T18:27:59+00:00,other,2011
0001193125-11-025846,STT,2011-02-07T21:31:28+00:00,other,2011
0001193125-11-027246,MA,2011-02-08T21:18:25+00:00,agreement,2011
0000047111-11-000014,HSY,2011-02-09T19:32:30+00:00,management,2011
0001193125-11-030262,STT,2011-02-10T17:13:45+00:00,other,2011
0001193125-11-030680,KFT,2011-02-10T21:21:05+00:00,earnings,2011
0000310764-11-000016,SYK,2011-02-11T21:51:56+00:00,management,2011
0001193125-11-034065,GE,2011-02-14T14:17:05+00:00,other,2011
0000950123-11-014482,GENZ,2011-02-16T12:17:30+00:00,earnings,2011
0001104659-11-007764,MMM,2011-02-16T17:45:57+00:00,other,2011
0000950123-11-014633,GR,2011-02-16T19:08:43+00:00,other,2011
0001045810-11-000006,NVDA,2011-02-16T21:22:17+00:00,earnings,2011
0001104659-11-007934,ECL,2011-02-17T13:58:48+00:00,earnings,2011
0000059255-11-000035,TIE,2011-02-17T22:30:44+00:00,other,2011
0000049071-11-000026,HUM,2011-02-17T22:57:28+00:00,other,2011
0001193125-11-040469,PDCO,2011-02-18T22:13:50+00:00,earnings,2011
0000950123-11-015826,NBL,2011-02-18T23:16:41+00:00,agreement,2011
0001104659-11-008613,BBY,2011-02-22T11:17:48+00:00,other,2011
0001193125-11-041393,AEE,2011-02-22T13:25:38+00:00,earnings,2011
0001407463-11-000016,PXD,2011-02-22T21:07:58+00:00,management,2011
0001193125-11-042170,VRSN,2011-02-22T21:20:54+00:00,other,2011
0001193125-11-043279,PBCT,2011-02-23T17:49:35+00:00,management,2011
0001104659-11-009523,TGT,2011-02-24T13:55:25+00:00,earnings,2011
0001135971-11-000028,POM,2011-02-25T12:25:30+00:00,earnings,2011
0001144204-11-010886,RDC,2011-02-25T12:29:29+00:00,other,2011
0001193125-11-046320,THC,2011-02-25T12:30:38+00:00,earnings,2011
0000007332-11-000004,SWN,2011-02-25T15:04:08+00:00,other,2011
0001193125-11-047408,RF,2011-02-25T21:10:47+00:00,management,2011
0001393311-11-000007,PSA,2011-02-25T23:34:01+00:00,earnings,2011
0001104659-11-010574,BBBY,2011-02-28T14:05:29+00:00,earnings,2011
0000004904-11-000038,AEP,2011-02-28T14:10:48+00:00,other,2011
0000950123-11-019795,WELL,2011-02-28T21:31:00+00:00,agreement,2011
0001193125-11-050092,VRSN,2011-02-28T21:50:31+00:00,earnings,2011
0001193125-11-051613,RF,2011-03-01T18:02:49+00:00,other,2011
0001193125-11-053510,WFC,2011-03-02T20:19:53+00:00,other,2011
0001193125-11-053646,MA,2011-03-02T21:31:23+00:00,other,2011
0001193125-11-054763,PNC,2011-03-03T18:44:47+00:00,earnings,2011
0001193125-11-056535,AMGN,2011-03-05T00:24:33+00:00,management,2011
0001483096-11-000008,CHK,2011-03-07T21:52:37+00:00,other,2011
0000950123-11-022931,LHX,2011-03-08T14:36:28+00:00,earnings,2011
0001193125-11-058626,SWY,2011-03-08T15:01:01+00:00,earnings,2011
0001217211-11-000005,HRB,2011-03-09T21:09:42+00:00,earnings,2011
0000200406-11-000038,JNJ,2011-03-10T21:38:01+00:00,other,2011
0000861878-11-000012,SRCL,2011-03-11T21:49:43+00:00,other,2011
0001181431-11-017563,AIZ,2011-03-14T12:58:48+00:00,management,2011
0001299933-11-000867,GIS,2011-03-18T10:43:11+00:00,other,2011
0000950123-11-026887,KEY,2011-03-18T20:37:50+00:00,other,2011
0001299933-11-000889,GT,2011-03-22T12:03:58+00:00,other,2011
0001193125-11-073781,SRE,2011-03-22T20:08:05+00:00,other,2011
0001193125-11-076052,STI,2011-03-24T14:34:37+00:00,other,2011
0000950123-11-029446,GT,2011-03-28T10:45:32+00:00,other,2011
0001193125-11-079092,PHM,2011-03-28T15:05:40+00:00,agreement,2011
0000004962-11-000020,AXP,2011-03-28T16:35:32+00:00,other,2011
0001193125-11-082907,EBAY,2011-03-30T20:15:40+00:00,agreement,2011
0001193125-11-085081,WFC,2011-03-31T21:15:08+00:00,other,2011
0001193125-11-085948,BXP,2011-04-01T13:24:51+00:00,other,2011
0000020520-11-000014,FTR,2011-04-05T19:25:15+00:00,other,2011
0001193125-11-091262,GPS,2011-04-07T20:00:47+00:00,other,2011
0000909518-11-000147,EL,2011-04-07T22:23:27+00:00,agreement,2011
0001193125-11-093556,AMD,2011-04-11T17:08:57+00:00,other,2011
0000950123-11-035216,JPM,2011-04-13T18:25:02+00:00,other,2011
0001104659-11-020056,BBY,2011-04-14T13:16:55+00:00,other,2011
0001193125-11-097970,CNX,2011-04-14T20:21:34+00:00,agreement,2011
0000950123-11-036041,RSG,2011-04-15T19:33:25+00:00,other,2011
0000950123-11-036249,KEY,2011-04-18T12:05:23+00:00,earnings,2011
0001104659-11-020748,TAP,2011-04-18T21:21:36+00:00,agreement,2011
0001157523-11-002087,STT,2011-04-19T12:38:09+00:00,earnings,2011
0001193125-11-101918,LLY,2011-04-19T16:25:34+00:00,other,2011
0001193125-11-102442,RTX,2011-04-19T21:07:46+00:00,management,2011
0001341004-11-000942,WYNN,2011-04-19T21:11:54+00:00,earnings,2011
0000950123-11-037059,PLD,2011-04-20T12:06:40+00:00,earnings,2011
0001144204-11-023100,COL,2011-04-20T12:51:36+00:00,management,2011
0000703360-11-000016,LSI,2011-04-20T20:05:05+00:00,management,2011
0001104659-11-021489,TRV,2011-04-21T10:39:39+00:00,earnings,2011
0001193125-11-105247,AMD,2011-04-21T20:32:05+00:00,earnings,2011
0001299933-11-001177,CLF,2011-04-21T21:26:01+00:00,agreement,2011
0001193125-11-106299,WHR,2011-04-22T20:06:15+00:00,other,2011
0000096289-11-000015,RSH,2011-04-25T11:07:01+00:00,earnings,2011
0000906318-11-000055,CINF,2011-04-25T15:20:16+00:00,management,2011
0001193125-11-107227,PCAR,2011-04-25T15:40:04+00:00,management,2011
0001193125-11-107751,NFLX,2011-04-25T20:28:21+00:00,earnings,2011
0001193125-11-108426,J,2011-04-26T10:08:16+00:00,earnings,2011
0000918160-11-000012,AKS,2011-04-26T12:37:29+00:00,earnings,2011
0000754737-11-000009,SCG,2011-04-26T14:29:00+00:00,other,2011
0001104659-11-022749,CBRE,2011-04-27T14:15:40+00:00,earnings,2011
0001104659-11-022792,SCG,2011-04-27T16:02:03+00:00,earnings,2011
0000950123-11-039955,ATI,2011-04-27T18:21:00+00:00,earnings,2011
0001193125-11-111976,FISV,2011-04-27T20:26:35+00:00,earnings,2011
0001193125-11-112129,GS,2011-04-27T20:51:37+00:00,other,2011
0000950123-11-040504,ZBH,2011-04-28T11:15:20+00:00,earnings,2011
0000018230-11-000251,CAT,2011-04-29T16:00:57+00:00,other,2011
0001193125-11-117937,SNA,2011-04-29T17:17:35+00:00,management,2011
0001144204-11-025070,WFR,2011-04-29T20:30:16+00:00,other,2011
0001193125-11-118793,GS,2011-04-29T20:55:38+00:00,other,2011
0001193125-11-121228,TDC,2011-05-02T18:56:35+00:00,other,2011
0001193125-11-121236,PSA,2011-05-02T18:59:39+00:00,agreement,2011
0001193125-11-121908,HST,2011-05-02T20:44:01+00:00,other,2011
0001193125-11-122119,GS,2011-05-02T21:13:29+00:00,other,2011
0000950123-11-043419,MHS,2011-05-03T13:31:04+00:00,other,2011
0000277948-11-000021,CSX,2011-05-04T13:50:42+00:00,other,2011
0001144204-11-026113,WFR,2011-05-04T20:27:53+00:00,earnings,2011
0001054833-11-000023,CVH,2011-05-05T18:03:43+00:00,management,2011
0000092380-11-000022,LUV,2011-05-06T13:44:29+00:00,earnings,2011
0000898822-11-000329,NYX,2011-05-06T20:31:22+00:00,agreement,2011
0000821189-11-000038,EOG,2011-05-06T21:19:43+00:00,other,2011
0000107815-11-000057,WEC,2011-05-10T19:06:10+00:00,other,2011
0000950123-11-048224,RAI,2011-05-10T19:40:28+00:00,other,2011
0000950123-11-048311,ESRX,2011-05-10T20:08:40+00:00,management,2011
0001193125-11-135484,AA,2011-05-11T15:45:06+00:00,management,2011
0001193125-11-136038,VRSN,2011-05-11T21:09:46+00:00,other,2011
0001181431-11-029288,CHRW,2011-05-12T20:30:28+00:00,other,2011
0001193125-11-137751,DUK,2011-05-12T21:20:50+00:00,other,2011
0000715957-11-000012,D,2011-05-13T19:33:19+00:00,other,2011
0001004980-11-000044,PCG,2011-05-13T23:09:51+00:00,other,2011
0001104659-11-029326,SCG,2011-05-16T20:15:24+00:00,other,2011
0000950123-11-050874,PLD,2011-05-16T21:03:20+00:00,agreement,2011
0001193125-11-141682,DRI,2011-05-16T21:03:41+00:00,other,2011
0001193125-11-141757,NVLS,2011-05-16T21:24:40+00:00,agreement,2011
0000018926-11-000023,LUMN,2011-05-17T16:42:48+00:00,other,2011
0000950123-11-051579,F,2011-05-18T17:37:04+00:00,other,2011
0001193125-11-145381,GPS,2011-05-19T20:24:08+00:00,earnings,2011
0000922224-11-000080,PPL,2011-05-20T19:33:19+00:00,agreement,2011
0001193125-11-147602,SCHW,2011-05-23T18:09:10+00:00,management,2011
0001299933-11-001587,LHX,2011-05-23T22:05:18+00:00,management,2011
0001104659-11-030968,DE,2011-05-24T12:08:01+00:00,other,2011
0001339947-11-000021,VIAB,2011-05-25T20:08:54+00:00,other,2011
0001104659-11-031520,AON,2011-05-25T21:15:05+00:00,management,2011
0001104659-11-031773,CAT,2011-05-26T21:17:08+00:00,agreement,2011
0000950123-11-054813,AIG,2011-05-27T16:35:59+00:00,other,2011
0001193125-11-153414,UNH,2011-05-27T20:30:59+00:00,management,2011
0001193125-11-153451,GS,2011-05-27T20:46:39+00:00,other,2011
0000092122-11-000081,SO,2011-05-27T20:58:27+00:00,management,2011
0001144204-11-033232,EFX,2011-05-31T20:25:55+00:00,other,2011
0000950123-11-055479,PLD,2011-05-31T21:27:57+00:00,other,2011
0001104659-11-032468,ALL,2011-06-01T10:03:31+00:00,other,2011
0001193125-11-157386,EIX,2011-06-02T22:07:49+00:00,other,2011
0000882835-11-000017,ROP,2011-06-03T17:48:04+00:00,other,2011
0001299933-11-001697,R,2011-06-03T21:00:37+00:00,management,2011
0000914208-11-000376,IVZ,2011-06-07T15:49:10+00:00,agreement,2011
0000950123-11-057282,PLD,2011-06-07T20:30:42+00:00,management,2011
0001193125-11-160392,WFC,2011-06-07T21:02:33+00:00,other,2011
0000753308-11-000040,NEE,2011-06-10T14:05:43+00:00,other,2011
0001193125-11-162883,AMAT,2011-06-10T19:06:09+00:00,agreement,2011
0000941548-11-000028,CAM,2011-06-10T20:52:32+00:00,agreement,2011
0000704051-11-000050,LM,2011-06-16T20:53:17+00:00,other,2011
0001193125-11-167393,PPG,2011-06-17T15:02:49+00:00,other,2011
0000950123-11-059881,FCX,2011-06-17T20:33:24+00:00,other,2011
0001193125-11-167945,GS,2011-06-17T21:09:37+00:00,other,2011
0000950123-11-060656,FDX,2011-06-22T12:10:49+00:00,earnings,2011
0000950123-11-060725,CMS,2011-06-22T17:00:57+00:00,other,2011
0000950123-11-061038,BIIB,2011-06-23T12:34:20+00:00,other,2011
0000320187-11-000054,NKE,2011-06-27T20:22:22+00:00,earnings,2011
0001094093-11-000144,PGN,2011-06-27T21:00:04+00:00,other,2011
0001144204-11-037979,RDC,2011-06-28T21:01:36+00:00,other,2011
0001104659-11-037124,CEPH,2011-06-29T20:01:22+00:00,other,2011
0001193125-11-178026,ELV,2011-06-30T12:01:22+00:00,management,2011
0001299933-11-001960,GPC,2011-06-30T18:48:17+00:00,other,2011
0000918160-11-000023,AKS,2011-07-05T21:16:39+00:00,other,2011
0001193125-11-182949,SNI,2011-07-06T21:23:43+00:00,agreement,2011
0000092380-11-000062,LUV,2011-07-08T14:20:02+00:00,earnings,2011
0001193125-11-185041,SE,2011-07-08T20:52:33+00:00,management,2011
0001140361-11-036404,CPWR,2011-07-11T19:24:59+00:00,agreement,2011
0001171843-11-001962,FAST,2011-07-12T11:50:22+00:00,earnings,2011
0001299933-11-002111,BTU,2011-07-14T13:01:25+00:00,other,2011
0000950123-11-065608,TMO,2011-07-14T16:11:31+00:00,management,2011
0001193125-11-191365,GHC,2011-07-19T20:29:35+00:00,other,2011
0001206774-11-001575,CLX,2011-07-20T18:45:56+00:00,other,2011
0001193125-11-192470,RHI,2011-07-20T20:08:02+00:00,earnings,2011
0001157523-11-004111,MS,2011-07-21T11:18:01+00:00,earnings,2011
0001193125-11-193134,PM,2011-07-21T12:57:44+00:00,earnings,2011
0001193125-11-194673,AGN,2011-07-22T18:58:25+00:00,agreement,2011
0000950123-11-067495,HBAN,2011-07-22T20:36:11+00:00,other,2011
0001104659-11-040665,MMM,2011-07-26T11:54:09+00:00,earnings,2011
0001104659-11-040954,HSP,2011-07-27T11:59:32+00:00,earnings,2011
0001140361-11-038259,XEL,2011-07-28T11:08:08+00:00,earnings,2011
0001193125-11-199865,PHM,2011-07-28T11:40:50+00:00,earnings,2011
0000034088-11-000029,XOM,2011-07-28T12:55:32+00:00,earnings,2011
0001193125-11-200727,CLF,2011-07-28T19:26:50+00:00,earnings,2011
0001193125-11-202920,EA,2011-07-29T20:38:09+00:00,other,2011
0000007332-11-000021,SWN,2011-08-01T21:09:15+00:00,earnings,2011
0001104659-11-042672,CEPH,2011-08-02T20:20:50+00:00,earnings,2011
0001193125-11-206522,SWK,2011-08-02T21:05:59+00:00,other,2011
0001004155-11-000193,GAS,2011-08-03T12:32:49+00:00,other,2011
0001193125-11-208270,DVA,2011-08-03T20:35:25+00:00,other,2011
0001193125-11-208349,GD,2011-08-03T20:57:12+00:00,management,2011
0001193125-11-208354,SE,2011-08-03T20:59:14+00:00,earnings,2011
0000950123-11-072309,HIG,2011-08-03T21:15:39+00:00,earnings,2011
0001193125-11-209129,KFT,2011-08-04T10:18:59+00:00,management,2011
0001004980-11-000059,PCG,2011-08-04T13:20:58+00:00,earnings,2011
0001104659-11-043445,SCG,2011-08-04T14:10:24+00:00,earnings,2011
0001157523-11-004711,DTV,2011-08-04T16:17:05+00:00,earnings,2011
0001104659-11-043706,FLR,2011-08-04T20:13:48+00:00,earnings,2011
0001193125-11-210364,SUN,2011-08-04T20:19:34+00:00,earnings,2011
0001193125-11-212536,WFC,2011-08-05T21:05:49+00:00,other,2011
0001193125-11-216436,UNP,2011-08-09T19:51:36+00:00,other,2011
0000023082-11-000074,CSC,2011-08-11T14:42:37+00:00,other,2011
0000950123-11-076140,CMS,2011-08-11T20:03:29+00:00,other,2011
0001104659-11-047316,TGT,2011-08-17T11:53:59+00:00,earnings,2011
0001104659-11-047805,HPQ,2011-08-19T11:02:16+00:00,agreement,2011
0001193125-11-227749,SJM,2011-08-19T22:01:35+00:00,other,2011
0000947871-11-000741,DGX,2011-08-22T20:21:33+00:00,other,2011
0000950123-11-079707,MAS,2011-08-24T18:45:06+00:00,management,2011
0000950123-11-079724,VFC,2011-08-24T19:33:10+00:00,other,2011
0001144204-11-050025,CINF,2011-08-26T20:06:04+00:00,agreement,2011
0001193125-11-235655,WU,2011-08-29T21:22:35+00:00,management,2011
0000950123-11-081345,SLB,2011-08-30T20:37:01+00:00,other,2011
0001193125-11-239068,SCHW,2011-09-01T19:05:07+00:00,other,2011
0001193125-11-243283,ADM,2011-09-08T18:41:37+00:00,other,2011
0000950123-11-083685,CNP,2011-09-09T18:43:14+00:00,other,2011
0001140361-11-045428,XEL,2011-09-12T15:23:23+00:00,other,2011
0001104659-11-051893,AMP,2011-09-15T20:18:13+00:00,agreement,2011
0001193125-11-250489,AN,2011-09-16T21:02:18+00:00,other,2011
0001193125-11-250530,YHOO,2011-09-16T21:24:54+00:00,management,2011
0001171843-11-002790,AZO,2011-09-20T11:15:18+00:00,earnings,2011
0001104659-11-052939,HPQ,2011-09-22T20:38:20+00:00,management,2011
0001193125-11-254435,AMT,2011-09-22T20:55:34+00:00,other,2011
0001299933-11-002862,SLE,2011-09-23T18:14:31+00:00,management,2011
0000063908-11-000067,MCD,2011-09-26T15:21:13+00:00,other,2011
0001193125-11-256245,JPM,2011-09-26T18:53:23+00:00,management,2011
0001193125-11-260091,GIS,2011-09-29T20:44:33+00:00,management,2011
0001166126-11-000061,JCP,2011-10-03T19:44:32+00:00,management,2011
0000945764-11-000009,DNR,2011-10-03T19:53:13+00:00,other,2011
0001193125-11-263829,SNI,2011-10-04T20:51:39+00:00,other,2011
0000950103-11-004148,CSX,2011-10-04T21:25:58+00:00,agreement,2011
0000097745-11-000048,TMO,2011-10-06T12:39:42+00:00,earnings,2011
0001193125-11-266550,DIS,2011-10-07T17:04:28+00:00,management,2011
0001193125-11-267771,GT,2011-10-11T13:13:38+00:00,other,2011
0001193125-11-270175,MOS,2011-10-13T15:38:45+00:00,other,2011
0000080424-11-000025,PG,2011-10-14T13:29:59+00:00,other,2011
0001004155-11-000218,GAS,2011-10-17T23:18:20+00:00,earnings,2011
0001193125-11-273272,BAC,2011-10-18T11:04:44+00:00,earnings,2011
0001104659-11-056480,KO,2011-10-18T12:34:17+00:00,earnings,2011
0000950123-11-090400,SWK,2011-10-18T14:05:24+00:00,earnings,2011
0001193125-11-274421,BLK,2011-10-19T13:26:27+00:00,earnings,2011
0000950123-11-090662,RRC,2011-10-19T16:40:16+00:00,other,2011
0000885725-11-000051,BSX,2011-10-20T11:06:26+00:00,earnings,2011
0000047111-11-000070,HSY,2011-10-20T16:55:11+00:00,agreement,2011
0000750556-11-000180,STI,2011-10-21T10:13:26+00:00,earnings,2011
0000040554-11-000148,GE,2011-10-21T11:09:33+00:00,earnings,2011
0001299933-11-003095,BRCM,2011-10-21T16:46:20+00:00,other,2011
0001193125-11-277337,NDAQ,2011-10-21T20:25:33+00:00,other,2011
0001193125-11-278757,MAS,2011-10-24T21:10:56+00:00,earnings,2011
0000930413-11-006781,DGX,2011-10-25T10:51:33+00:00,earnings,2011
0001144204-11-059111,X,2011-10-25T11:41:16+00:00,earnings,2011
0001104659-11-057561,ECL,2011-10-25T13:04:06+00:00,earnings,2011
0001104659-11-057650,IBM,2011-10-25T18:00:44+00:00,management,2011
0001193125-11-280242,ESRX,2011-10-25T20:09:42+00:00,earnings,2011
0000101830-11-000043,S,2011-10-26T10:59:27+00:00,earnings,2011
0001171843-11-003112,ADP,2011-10-26T11:30:17+00:00,earnings,2011
0001193125-11-282083,LSI,2011-10-26T20:29:55+00:00,earnings,2011
0001193125-11-282143,GS,2011-10-26T20:47:31+00:00,other,2011
0001193125-11-282169,AFL,2011-10-26T20:56:33+00:00,earnings,2011
0000950123-11-092237,GR,2011-10-27T11:35:57+00:00,earnings,2011
0001193125-11-283252,FITB,2011-10-27T12:42:33+00:00,other,2011
0001193125-11-284077,GHC,2011-10-27T19:54:34+00:00,management,2011
0000950159-11-000659,CI,2011-10-28T10:01:02+00:00,earnings,2011
0001193125-11-285055,NI,2011-10-28T10:30:53+00:00,earnings,2011
0001104659-11-058878,ECL,2011-10-28T21:06:11+00:00,other,2011
0000277948-11-000063,CSX,2011-10-31T16:52:40+00:00,other,2011
0001031296-11-000044,FE,2011-10-31T20:02:30+00:00,other,2011
0001193125-11-288674,KEY,2011-10-31T20:06:24+00:00,other,2011
0001193125-11-288855,PLD,2011-10-31T21:01:55+00:00,other,2011
0001193125-11-288897,MPC,2011-10-31T21:11:33+00:00,management,2011
0001193125-11-289721,THC,2011-11-01T11:31:35+00:00,earnings,2011
0000950123-11-094033,NBR,2011-11-01T21:29:30+00:00,other,2011
0001011657-11-000037,TIE,2011-11-02T21:23:52+00:00,earnings,2011
0001104659-11-060349,EL,2011-11-03T12:38:17+00:00,earnings,2011
0001157523-11-006481,DV,2011-11-04T15:51:54+00:00,other,2011
0001299933-11-003233,CME,2011-11-04T16:57:49+00:00,agreement,2011
0001193125-11-297731,THC,2011-11-04T21:20:35+00:00,other,2011
0001193125-11-299439,AMAT,2011-11-07T19:16:55+00:00,other,2011
0001193125-11-299978,THC,2011-11-07T21:59:33+00:00,other,2011
0001039684-11-000127,OKE,2011-11-08T19:31:45+00:00,other,2011
0001193125-11-302495,MOS,2011-11-08T22:42:05+00:00,other,2011
0001193125-11-304535,ADSK,2011-11-09T21:07:55+00:00,management,2011
0000950159-11-000748,CI,2011-11-14T21:17:32+00:00,agreement,2011
0001193125-11-310947,HST,2011-11-14T21:19:38+00:00,other,2011
0000004962-11-000054,AXP,2011-11-15T17:59:36+00:00,other,2011
0001193125-11-315656,INTU,2011-11-17T21:09:00+00:00,earnings,2011
0001193125-11-315812,KEY,2011-11-17T22:05:34+00:00,management,2011
0000898822-11-000912,MMI,2011-11-18T00:32:17+00:00,other,2011
0001193125-11-317838,MAR,2011-11-21T13:10:19+00:00,agreement,2011
0001206774-11-002631,COL,2011-11-21T16:10:28+00:00,agreement,2011
0001193125-11-319177,MDT,2011-11-22T12:26:17+00:00,earnings,2011
0000037785-11-000037,FMC,2011-11-22T22:06:27+00:00,other,2011
0001104659-11-065920,DE,2011-11-23T14:00:41+00:00,earnings,2011
0000034088-11-000042,XOM,2011-11-29T14:49:43+00:00,management,2011
0001104659-11-066565,HRL,2011-11-29T17:12:12+00:00,other,2011
0001193125-11-324291,MTB,2011-11-29T19:25:43+00:00,other,2011
0000026172-11-000025,CMI,2011-12-05T21:56:33+00:00,other,2011
0001064728-11-000028,BTU,2011-12-05T23:21:51+00:00,other,2011
0001193125-11-331766,RF,2011-12-06T18:11:24+00:00,other,2011
0001140361-11-056354,XEL,2011-12-06T22:00:33+00:00,other,2011
0001140361-11-056549,QEP,2011-12-07T21:56:37+00:00,management,2011
0000930413-11-007768,DGX,2011-12-08T21:35:56+00:00,management,2011
0000822416-11-000005,PHM,2011-12-09T17:52:03+00:00,management,2011
0001193125-11-336485,MUR,2011-12-09T20:00:41+00:00,other,2011
0001193125-11-338297,BAC,2011-12-12T22:15:45+00:00,management,2011
0000753308-11-000090,NEE,2011-12-13T20:01:20+00:00,other,2011
0000914208-11-000529,IVZ,2011-12-13T20:55:51+00:00,other,2011
0001193125-11-340927,AZO,2011-12-14T21:15:54+00:00,management,2011
0001299933-11-003590,LHX,2011-12-15T21:06:26+00:00,other,2011
0001193125-11-342541,ZION,2011-12-15T22:21:53+00:00,other,2011
0001140361-11-057995,XEL,2011-12-16T21:58:13+00:00,other,2011
0000021344-11-000015,KO,2011-12-19T21:48:28+00:00,management,2011
0001193125-11-347034,CMS,2011-12-20T19:24:35+00:00,agreement,2011
0001104659-11-070494,TEL,2011-12-21T15:55:50+00:00,agreement,2011
0001301063-11-000199,ANR,2011-12-27T21:09:23+00:00,other,2011
0001140361-11-059060,XEL,2011-12-28T20:11:51+00:00,other,2011
0000732717-11-000115,T,2011-12-29T13:19:58+00:00,other,2011
0001181431-11-062252,NWL,2011-12-30T20:43:43+00:00,management,2011
0001193125-12-002216,NTAP,2012-01-04T21:39:54+00:00,management,2012
0001181431-12-001221,GPS,2012-01-05T18:00:42+00:00,other,2012
0001193125-12-004256,WPX,2012-01-06T12:01:41+00:00,management,2012
0000764478-12-000007,BBY,2012-01-06T13:04:28+00:00,other,2012
0000908255-12-000002,BWA,2012-01-11T14:00:21+00:00,other,2012
0000732717-12-000006,T,2012-01-13T14:59:46+00:00,other,2012
0001193125-12-013965,GILD,2012-01-17T21:59:24+00:00,other,2012
0001193125-12-015254,PNC,2012-01-18T19:26:49+00:00,earnings,2012
0001193125-12-015487,USB,2012-01-18T21:11:56+00:00,management,2012
0001137411-12-000011,COL,2012-01-19T13:41:16+00:00,earnings,2012
0001193125-12-019252,EQR,2012-01-23T11:02:37+00:00,agreement,2012
0001193125-12-021023,EMC,2012-01-24T11:46:25+00:00,earnings,2012
0000045012-12-000054,HAL,2012-01-24T15:32:59+00:00,earnings,2012
0001104659-12-003727,TEL,2012-01-25T11:08:04+00:00,earnings,2012
0000950138-12-000021,EMR,2012-01-25T12:00:26+00:00,other,2012
0000029905-12-000005,DOV,2012-01-25T12:05:26+00:00,earnings,2012
0001193125-12-022552,MSI,2012-01-25T12:22:54+00:00,earnings,2012
0000277135-12-000005,GWW,2012-01-25T13:14:19+00:00,earnings,2012
0001193125-12-023337,GEN,2012-01-25T21:11:05+00:00,earnings,2012
0001144204-12-003901,VAR,2012-01-25T21:14:10+00:00,earnings,2012
0001193125-12-023354,LSI,2012-01-25T21:19:11+00:00,earnings,2012
0000914208-12-000005,IVZ,2012-01-26T13:12:56+00:00,earnings,2012
0001031296-12-000003,FE,2012-01-26T13:41:08+00:00,other,2012
0001157523-12-000307,CL,2012-01-26T14:22:07+00:00,earnings,2012
0001104659-12-004271,ADBE,2012-01-26T22:04:55+00:00,management,2012
0001104659-12-004273,AON,2012-01-26T22:10:08+00:00,other,2012
0001193125-12-026237,MO,2012-01-27T13:56:27+00:00,other,2012
0001104659-12-004659,TGT,2012-01-27T21:00:48+00:00,management,2012
0001491675-12-000005,CCE,2012-01-27T21:20:56+00:00,other,2012
0000047217-12-000006,HPQ,2012-01-30T21:07:18+00:00,management,2012
0000060667-12-000025,LOW,2012-01-31T15:12:32+00:00,management,2012
0001193125-12-031604,UPS,2012-01-31T18:16:35+00:00,earnings,2012
0001193125-12-032057,AMZN,2012-01-31T21:08:59+00:00,earnings,2012
0001193125-12-032402,V,2012-01-31T22:25:24+00:00,management,2012
0001181431-12-005095,KSS,2012-02-02T14:08:39+00:00,earnings,2012
0001144204-12-005525,RDC,2012-02-02T21:06:50+00:00,other,2012
0001193125-12-040547,ADM,2012-02-06T17:39:10+00:00,management,2012
0001144204-12-005997,X,2012-02-06T19:14:21+00:00,other,2012
0001104659-12-006926,CF,2012-02-06T21:40:28+00:00,management,2012
0001193125-12-044965,CTSH,2012-02-08T11:13:53+00:00,earnings,2012
0001193125-12-045030,WYN,2012-02-08T11:53:59+00:00,earnings,2012
0001193125-12-046500,TRIP,2012-02-08T21:02:19+00:00,earnings,2012
0001171843-12-000419,WFM,2012-02-08T22:12:45+00:00,earnings,2012
0001193125-12-046894,YHOO,2012-02-08T22:21:59+00:00,management,2012
0001193125-12-048652,PM,2012-02-09T18:15:41+00:00,earnings,2012
0001157523-12-000637,PBI,2012-02-09T21:01:32+00:00,earnings,2012
0001193125-12-049259,ACN,2012-02-09T21:09:54+00:00,other,2012
0001193125-12-056715,NBL,2012-02-13T22:22:56+00:00,management,2012
0000080424-12-000022,PG,2012-02-15T12:25:13+00:00,other,2012
0000861878-12-000006,SRCL,2012-02-16T21:01:42+00:00,other,2012
0000821189-12-000006,EOG,2012-02-16T22:29:33+00:00,earnings,2012
0000059255-12-000030,TIE,2012-02-16T22:31:36+00:00,other,2012
0001157523-12-000873,VTR,2012-02-17T14:26:04+00:00,earnings,2012
0001193125-12-067732,NOC,2012-02-17T22:15:46+00:00,management,2012
0001193125-12-069339,EQR,2012-02-21T13:46:05+00:00,agreement,2012
0001104659-12-011327,MMM,2012-02-21T20:45:48+00:00,other,2012
0000896878-12-000035,INTU,2012-02-21T21:02:41+00:00,earnings,2012
0001031296-12-000008,FE,2012-02-21T21:48:05+00:00,management,2012
0000080424-12-000026,PG,2012-02-23T18:46:40+00:00,other,2012
0000930413-12-001033,HON,2012-02-23T22:17:53+00:00,management,2012
0001135971-12-000037,POM,2012-02-24T00:39:24+00:00,earnings,2012
0001299933-12-000465,WDC,2012-02-24T21:09:27+00:00,management,2012
0001140361-12-010759,XEL,2012-02-24T22:10:29+00:00,other,2012
0001104659-12-013256,TAP,2012-02-27T21:45:07+00:00,management,2012
0000096223-12-000012,JEF,2012-02-27T21:52:29+00:00,other,2012
0001193125-12-082008,VLO,2012-02-27T22:19:54+00:00,management,2012
0001193125-12-089145,WELL,2012-02-29T21:12:24+00:00,other,2012
0001144204-12-012246,X,2012-03-01T17:18:15+00:00,other,2012
0001157523-12-001183,DV,2012-03-01T21:31:27+00:00,management,2012
0000037996-12-000009,F,2012-03-01T22:14:39+00:00,other,2012
0001104659-12-015230,KR,2012-03-02T17:18:00+00:00,agreement,2012
0001410578-12-000083,LUMN,2012-03-02T22:05:56+00:00,other,2012
0001410578-12-000098,DE,2012-03-02T22:21:07+00:00,other,2012
0001193125-12-095153,DO,2012-03-05T11:02:05+00:00,other,2012
0001193125-12-095471,PNC,2012-03-05T12:01:37+00:00,management,2012
0001193125-12-096896,MET,2012-03-05T21:58:40+00:00,other,2012
0001193125-12-105529,APC,2012-03-09T14:00:56+00:00,other,2012
0000831259-12-000016,FCX,2012-03-09T18:40:27+00:00,other,2012
0001217211-12-000010,HRB,2012-03-12T17:57:03+00:00,other,2012
0001193125-12-112186,PRU,2012-03-13T20:47:27+00:00,management,2012
0001193125-12-114323,MAR,2012-03-14T17:05:38+00:00,other,2012
0000920148-12-000043,LH,2012-03-14T21:14:33+00:00,other,2012
0001206774-12-001053,ROST,2012-03-15T12:25:19+00:00,earnings,2012
0001341004-12-000435,NSC,2012-03-15T19:20:50+00:00,agreement,2012
0001299933-12-000670,CME,2012-03-15T20:43:16+00:00,management,2012
0001193125-12-119556,X,2012-03-16T19:35:11+00:00,agreement,2012
0001104659-12-019204,ADBE,2012-03-19T20:14:53+00:00,earnings,2012
0001004155-12-000019,GAS,2012-03-20T12:29:35+00:00,other,2012
0001193125-12-125562,WFC,2012-03-21T20:36:53+00:00,other,2012
0001193125-12-126339,CAG,2012-03-22T11:35:54+00:00,earnings,2012
0001193125-12-126451,PGR,2012-03-22T12:53:44+00:00,management,2012
0001193125-12-126493,FITB,2012-03-22T13:37:58+00:00,management,2012
0001054833-12-000026,CVH,2012-03-22T16:13:51+00:00,management,2012
0001193125-12-129776,HIG,2012-03-23T20:27:05+00:00,earnings,2012
0000350698-12-000025,AN,2012-03-23T21:06:27+00:00,other,2012
0001135971-12-000062,POM,2012-03-26T21:19:59+00:00,management,2012
0001193125-12-133236,MKC,2012-03-27T11:30:53+00:00,earnings,2012
0001104659-12-021392,DOC,2012-03-27T20:30:57+00:00,other,2012
0001157523-12-001583,RHT,2012-03-28T20:05:42+00:00,earnings,2012
0001075531-12-000016,BKNG,2012-03-29T11:58:25+00:00,other,2012
0001140361-12-018646,XEL,2012-04-02T22:24:40+00:00,other,2012
0000023082-12-000021,CSC,2012-04-03T20:57:22+00:00,other,2012
0000037996-12-000019,F,2012-04-04T19:07:14+00:00,other,2012
0000023082-12-000023,CSC,2012-04-05T16:54:32+00:00,other,2012
0000020520-12-000028,FTR,2012-04-09T18:07:30+00:00,other,2012
0001193125-12-157266,PNC,2012-04-10T20:42:50+00:00,other,2012
0000092380-12-000010,LUV,2012-04-11T13:46:10+00:00,other,2012
0001094093-12-000139,PGN,2012-04-13T14:29:02+00:00,other,2012
0000028412-12-000043,CMA,2012-04-17T11:00:10+00:00,earnings,2012
0001193125-12-165497,SYY,2012-04-17T12:07:54+00:00,other,2012
0000277948-12-000021,CSX,2012-04-17T20:00:57+00:00,earnings,2012
0001193125-12-168455,MAR,2012-04-18T20:44:07+00:00,earnings,2012
0001157523-12-001896,SNA,2012-04-19T11:35:35+00:00,earnings,2012
0001038357-12-000045,PXD,2012-04-20T12:53:29+00:00,earnings,2012
0000020520-12-000029,FTR,2012-04-20T13:20:54+00:00,management,2012
0001193125-12-173423,LUMN,2012-04-20T21:24:54+00:00,other,2012
0001193125-12-177267,WAT,2012-04-24T11:18:31+00:00,earnings,2012
0001437749-12-004086,IGT,2012-04-24T20:30:49+00:00,earnings,2012
0001193125-12-178928,AAPL,2012-04-24T20:30:55+00:00,earnings,2012
0000950138-12-000238,EMR,2012-04-25T11:00:55+00:00,other,2012
0000097745-12-000013,TMO,2012-04-25T11:34:53+00:00,earnings,2012
0000092122-12-000066,SO,2012-04-25T12:33:21+00:00,earnings,2012
0001193125-12-180536,HCBK,2012-04-25T12:44:25+00:00,earnings,2012
0001193125-12-180688,SHW,2012-04-25T13:49:53+00:00,agreement,2012
0001193125-12-182151,AIZ,2012-04-25T20:32:54+00:00,earnings,2012
0000101778-12-000013,MRO,2012-04-26T14:50:39+00:00,other,2012
0001193125-12-186207,PRU,2012-04-26T20:38:32+00:00,earnings,2012
0001193125-12-189791,RRC,2012-04-27T16:47:54+00:00,earnings,2012
0001193125-12-191686,NYX,2012-04-27T21:19:01+00:00,management,2012
0001193125-12-196506,NYX,2012-04-30T21:06:25+00:00,earnings,2012
0001171843-12-001561,ADP,2012-05-01T11:30:22+00:00,earnings,2012
0001004155-12-000033,GAS,2012-05-01T19:41:43+00:00,other,2012
0001193125-12-204795,TWC,2012-05-02T20:41:25+00:00,agreement,2012
0000794367-12-000116,M,2012-05-03T14:09:12+00:00,earnings,2012
0001181431-12-027278,GPS,2012-05-03T17:21:56+00:00,earnings,2012
0000029905-12-000021,DOV,2012-05-04T20:16:57+00:00,other,2012
0001193125-12-213391,CTSH,2012-05-07T10:19:06+00:00,earnings,2012
0001193125-12-215195,SLM,2012-05-07T20:38:01+00:00,other,2012
0001193125-12-217649,RSG,2012-05-08T17:01:56+00:00,agreement,2012
0001104659-12-034811,MMM,2012-05-09T12:08:27+00:00,management,2012
0001193125-12-223780,PSX,2012-05-10T12:23:54+00:00,management,2012
0001104659-12-035635,MMM,2012-05-10T14:37:22+00:00,other,2012
0001104659-12-036913,EW,2012-05-14T20:04:39+00:00,management,2012
0001157523-12-002865,DV,2012-05-14T22:09:56+00:00,other,2012
0001193125-12-231995,XYL,2012-05-14T23:36:45+00:00,other,2012
0001193125-12-232823,COF,2012-05-15T11:50:24+00:00,other,2012
0001193125-12-235026,MSI,2012-05-15T21:25:05+00:00,other,2012
0001193125-12-236662,BNY,2012-05-16T20:36:43+00:00,other,2012
0000922224-12-000056,PPL,2012-05-21T18:43:16+00:00,other,2012
0001193125-12-241969,PEG,2012-05-21T21:15:34+00:00,other,2012
0001039684-12-000051,OKE,2012-05-21T21:16:15+00:00,other,2012
0001104659-12-039493,VTR,2012-05-23T20:53:50+00:00,management,2012
0001299933-12-001306,GIS,2012-05-24T13:04:00+00:00,other,2012
0001206774-12-002356,ROST,2012-05-24T20:05:20+00:00,management,2012
0001521332-12-000008,APTV,2012-05-24T21:17:09+00:00,other,2012
0000753308-12-000062,NEE,2012-05-25T12:11:52+00:00,other,2012
0001193125-12-249194,RF,2012-05-25T20:02:54+00:00,management,2012
0001193125-12-252191,V,2012-05-30T12:01:57+00:00,other,2012
0001193125-12-253460,RHT,2012-05-30T20:14:18+00:00,management,2012
0001193125-12-253772,CTXS,2012-05-30T21:32:25+00:00,management,2012
0001104659-12-041229,DE,2012-06-01T17:15:32+00:00,other,2012
0001144204-12-032957,CINF,2012-06-01T20:17:53+00:00,agreement,2012
0001193125-12-257416,RTX,2012-06-01T21:28:07+00:00,other,2012
0001193125-12-259725,EMN,2012-06-05T16:04:41+00:00,agreement,2012
0000732717-12-000042,T,2012-06-07T12:41:38+00:00,other,2012
0000945764-12-000050,DNR,2012-06-08T13:34:35+00:00,other,2012
0000814453-12-000090,NWL,2012-06-11T13:35:37+00:00,other,2012
0000049071-12-000080,HUM,2012-06-11T14:21:02+00:00,other,2012
0001193125-12-266773,DIS,2012-06-11T20:31:04+00:00,other,2012
0001193125-12-269017,TSN,2012-06-13T14:10:54+00:00,agreement,2012
0001000180-12-000035,SNDK,2012-06-13T20:58:08+00:00,other,2012
0001193125-12-272206,LUMN,2012-06-15T18:20:54+00:00,other,2012
0001193125-12-272587,DTE,2012-06-15T21:09:15+00:00,other,2012
0000950103-12-003195,MUR,2012-06-21T19:59:10+00:00,management,2012
0001193125-12-279616,CCL,2012-06-22T13:22:47+00:00,earnings,2012
0001140361-12-030922,XEL,2012-06-22T17:32:17+00:00,management,2012
0000827052-12-000062,EIX,2012-06-22T17:52:36+00:00,other,2012
0001193125-12-284082,AES,2012-06-26T22:38:09+00:00,other,2012
0000950103-12-003289,MS,2012-06-28T13:12:28+00:00,management,2012
0000037996-12-000031,F,2012-07-03T15:48:42+00:00,other,2012
0001171843-12-002481,FAST,2012-07-05T21:30:13+00:00,other,2012
0001299933-12-001613,BTU,2012-07-06T20:02:19+00:00,management,2012
0001193125-12-301465,WFC,2012-07-13T12:03:57+00:00,earnings,2012
0000028412-12-000067,CMA,2012-07-17T11:01:10+00:00,earnings,2012
0001193125-12-304070,HST,2012-07-17T12:27:41+00:00,earnings,2012
0000930413-12-003961,FHN,2012-07-17T20:35:11+00:00,management,2012
0001126328-12-000205,PFG,2012-07-18T20:51:08+00:00,other,2012
0001193125-12-308231,TT,2012-07-20T12:44:34+00:00,earnings,2012
0000040545-12-000063,GE,2012-07-23T20:46:51+00:00,management,2012
0001193125-12-311344,FAST,2012-07-24T12:00:27+00:00,management,2012
0001193125-12-312331,RHI,2012-07-24T20:24:58+00:00,earnings,2012
0001193125-12-313348,NDAQ,2012-07-25T11:12:10+00:00,earnings,2012
0001193125-12-313694,RRC,2012-07-25T14:18:57+00:00,earnings,2012
0001193125-12-313838,HCBK,2012-07-25T15:43:26+00:00,earnings,2012
0001104659-12-050963,AMP,2012-07-25T20:08:47+00:00,earnings,2012
0001193125-12-314549,LRCX,2012-07-25T20:38:57+00:00,earnings,2012
0001193125-12-315649,WM,2012-07-26T11:50:56+00:00,earnings,2012
0001193125-12-315864,CLF,2012-07-26T13:08:39+00:00,earnings,2012
0000797468-12-000062,OXY,2012-07-26T15:34:37+00:00,earnings,2012
0001193125-12-317017,MAS,2012-07-26T21:00:46+00:00,other,2012
0001193125-12-318112,NWL,2012-07-27T11:46:24+00:00,earnings,2012
0001104659-12-051645,HP,2012-07-27T12:36:44+00:00,earnings,2012
0001193125-12-318311,MCK,2012-07-27T13:27:59+00:00,other,2012
0001193125-12-324080,GT,2012-07-31T11:16:38+00:00,earnings,2012
0001193125-12-324414,EA,2012-07-31T12:36:00+00:00,management,2012
0001193125-12-324565,PBCT,2012-07-31T13:50:57+00:00,other,2012
0001193125-12-326016,WFC,2012-07-31T20:44:53+00:00,other,2012
0001188112-12-002314,ICE,2012-08-01T11:30:28+00:00,earnings,2012
0001193125-12-327339,CMS,2012-08-01T13:15:53+00:00,management,2012
0001193125-12-328811,PRU,2012-08-01T20:15:30+00:00,earnings,2012
0001193125-12-328901,UNM,2012-08-01T20:29:34+00:00,other,2012
0001193125-12-329182,MUR,2012-08-01T21:18:06+00:00,earnings,2012
0001193125-12-339372,FOSL,2012-08-07T12:00:56+00:00,earnings,2012
0001193125-12-341130,WFC,2012-08-07T20:51:00+00:00,other,2012
0001299933-12-001873,GT,2012-08-07T21:08:23+00:00,management,2012
0001193125-12-346287,HST,2012-08-09T15:44:58+00:00,agreement,2012
0001193125-12-347569,PRU,2012-08-09T20:16:28+00:00,other,2012
0000018230-12-000411,CAT,2012-08-10T19:56:58+00:00,other,2012
0000732717-12-000075,T,2012-08-13T17:54:41+00:00,other,2012
0001104659-12-057599,EL,2012-08-14T13:24:26+00:00,earnings,2012
0001193125-12-357440,MOS,2012-08-15T20:01:41+00:00,management,2012
0000109380-12-000363,ZION,2012-08-17T22:38:35+00:00,other,2012
0001506307-12-000099,KMI,2012-08-20T23:01:27+00:00,other,2012
0001193125-12-363834,MTB,2012-08-21T23:59:53+00:00,agreement,2012
0001437749-12-008786,IGT,2012-08-22T21:15:47+00:00,other,2012
0001104659-12-059687,HRL,2012-08-23T12:42:12+00:00,earnings,2012
0000768251-12-000053,ALTR,2012-08-30T17:20:42+00:00,management,2012
0001104659-12-061151,AON,2012-08-31T20:24:05+00:00,other,2012
0001104659-12-061269,PNW,2012-09-04T13:01:08+00:00,other,2012
0001157523-12-004759,DV,2012-09-04T20:29:12+00:00,other,2012
0000764180-12-000021,MO,2012-09-05T14:55:17+00:00,other,2012
0000050863-12-000103,INTC,2012-09-07T12:06:49+00:00,other,2012
0001193125-12-386058,MAR,2012-09-10T15:16:38+00:00,other,2012
0001193125-12-386646,WYNN,2012-09-10T20:31:13+00:00,other,2012
0001193125-12-386662,ATI,2012-09-10T20:35:47+00:00,management,2012
0001193125-12-386731,CMS,2012-09-10T20:58:59+00:00,other,2012
0001193125-12-386812,WFC,2012-09-10T21:21:57+00:00,other,2012
0001104659-12-062950,F,2012-09-12T12:30:33+00:00,agreement,2012
0001299933-12-002139,CLF,2012-09-14T18:39:57+00:00,management,2012
0001039684-12-000094,OKE,2012-09-14T20:24:11+00:00,other,2012
0001193125-12-393849,UNM,2012-09-17T18:31:14+00:00,other,2012
0001193125-12-395437,BNY,2012-09-18T20:19:54+00:00,other,2012
0001193125-12-395604,DO,2012-09-18T21:29:34+00:00,other,2012
0001104659-12-064177,GIS,2012-09-19T11:41:17+00:00,earnings,2012
0001193125-12-397597,KMX,2012-09-20T10:54:38+00:00,earnings,2012
0001137411-12-000105,COL,2012-09-21T20:03:29+00:00,other,2012
0001193125-12-401096,JPM,2012-09-24T16:11:56+00:00,other,2012
0000945764-12-000072,DNR,2012-09-25T18:53:01+00:00,agreement,2012
0001193125-12-403270,CHRW,2012-09-25T19:58:54+00:00,agreement,2012
0001104659-12-065567,GIS,2012-09-26T17:09:11+00:00,other,2012
0000723125-12-000101,MU,2012-09-27T20:00:51+00:00,earnings,2012
0001299933-12-002204,HIG,2012-09-27T20:28:32+00:00,agreement,2012
0001144204-12-053992,EFX,2012-10-01T21:01:20+00:00,other,2012
0000936340-12-000100,DTE,2012-10-01T21:10:38+00:00,other,2012
0001193125-12-411525,TWC,2012-10-01T21:13:05+00:00,other,2012
0001193125-12-412107,MOS,2012-10-02T12:09:11+00:00,earnings,2012
0000072207-12-000013,NBL,2012-10-02T20:48:44+00:00,agreement,2012
0000047217-12-000028,HPQ,2012-10-03T16:22:23+00:00,other,2012
0001181431-12-053570,KSS,2012-10-04T12:35:44+00:00,earnings,2012
0001193125-12-416095,ES,2012-10-05T12:30:51+00:00,other,2012
0001193125-12-417844,ES,2012-10-09T12:41:41+00:00,other,2012
0001193125-12-420581,RRC,2012-10-11T14:21:53+00:00,management,2012
0001506307-12-000110,KMI,2012-10-11T20:24:45+00:00,other,2012
0001104659-12-069238,STX,2012-10-16T10:03:34+00:00,other,2012
0001193125-12-423955,PNC,2012-10-16T11:06:50+00:00,earnings,2012
0001193125-12-424052,COF,2012-10-16T13:15:14+00:00,management,2012
0001104659-12-069335,KR,2012-10-16T16:34:10+00:00,other,2012
0001144204-12-056320,C,2012-10-16T18:13:03+00:00,management,2012
0001193125-12-425248,DF,2012-10-17T10:32:37+00:00,earnings,2012
0001193125-12-425261,BNY,2012-10-17T10:51:24+00:00,earnings,2012
0001193125-12-425432,NTRS,2012-10-17T14:23:54+00:00,earnings,2012
0001193125-12-426594,FITB,2012-10-18T10:30:57+00:00,earnings,2012
0001193125-12-427225,CMG,2012-10-18T20:13:07+00:00,earnings,2012
0001193125-12-427824,SLB,2012-10-19T10:10:30+00:00,earnings,2012
0001193125-12-432346,BA,2012-10-24T11:37:53+00:00,earnings,2012
0001104659-12-070842,AVB,2012-10-24T20:11:08+00:00,earnings,2012
0001157523-12-005370,CL,2012-10-25T11:30:07+00:00,earnings,2012
0001193125-12-435543,MCK,2012-10-25T20:39:10+00:00,other,2012
0000059255-12-000256,TIE,2012-10-25T21:17:26+00:00,other,2012
0001104659-12-071355,AON,2012-10-26T10:40:54+00:00,earnings,2012
0000046080-12-000092,HAS,2012-10-26T17:27:17+00:00,agreement,2012
0001274494-12-000043,FSLR,2012-10-26T20:52:31+00:00,agreement,2012
0001193125-12-439613,APC,2012-10-29T19:33:02+00:00,earnings,2012
0001193125-12-440731,AGN,2012-10-30T13:33:08+00:00,earnings,2012
0001193125-12-445175,MPC,2012-11-01T11:37:39+00:00,earnings,2012
0001521332-12-000038,APTV,2012-11-01T15:38:54+00:00,earnings,2012
0001445305-12-003351,ROST,2012-11-01T21:22:54+00:00,earnings,2012
0001111711-12-000010,NI,2012-11-02T10:28:53+00:00,earnings,2012
0000350698-12-000133,AN,2012-11-02T11:08:06+00:00,other,2012
0000701985-12-000037,BBWI,2012-11-02T20:13:06+00:00,earnings,2012
0001193125-12-449356,KRFT,2012-11-02T21:06:56+00:00,other,2012
0001193125-12-457431,AMT,2012-11-07T21:10:36+00:00,other,2012
0000063908-12-000046,MCD,2012-11-09T19:57:45+00:00,other,2012
0000065984-12-000218,ETR,2012-11-09T21:35:40+00:00,other,2012
0001193125-12-463706,V,2012-11-09T22:23:55+00:00,management,2012
0001299933-12-002563,CME,2012-11-14T20:26:44+00:00,agreement,2012
0001104659-12-078105,ALL,2012-11-15T14:07:52+00:00,other,2012
0000950157-12-000489,IBM,2012-11-16T18:05:43+00:00,other,2012
0000829224-12-000005,SBUX,2012-11-16T21:46:02+00:00,other,2012
0000014693-12-000153,BF-B,2012-11-19T21:54:09+00:00,management,2012
0001140361-12-048190,PCG,2012-11-20T18:58:42+00:00,other,2012
0001193125-12-477524,CVH,2012-11-20T22:11:24+00:00,management,2012
0000882835-12-000055,ROP,2012-11-21T15:50:09+00:00,other,2012
0001075531-12-000051,BKNG,2012-11-21T21:31:47+00:00,other,2012
0001193125-12-480196,SHW,2012-11-26T15:26:05+00:00,agreement,2012
0000930413-12-006285,PBI,2012-11-26T17:23:50+00:00,other,2012
0000950103-12-006313,CAG,2012-11-27T13:00:47+00:00,other,2012
0000950103-12-006336,CAG,2012-11-27T22:37:49+00:00,agreement,2012
0001104659-12-080836,DIS,2012-11-29T20:56:07+00:00,other,2012
0001047469-12-010893,TEL,2012-11-30T15:23:05+00:00,other,2012
0000023082-12-000084,CSC,2012-12-03T17:20:34+00:00,other,2012
0001193125-12-489964,JPM,2012-12-04T14:06:05+00:00,other,2012
0000822416-12-000058,PHM,2012-12-04T14:21:27+00:00,management,2012
0001193125-12-490148,RTN,2012-12-04T16:32:56+00:00,other,2012
0001193125-12-490585,ZION,2012-12-04T21:11:00+00:00,other,2012
0001157523-12-006297,ARG,2012-12-05T18:50:21+00:00,other,2012
0000046080-12-000104,HAS,2012-12-06T21:04:44+00:00,other,2012
0001193125-12-495319,NOV,2012-12-07T21:03:45+00:00,management,2012
0001193125-12-496101,TT,2012-12-10T12:49:35+00:00,other,2012
0001193125-12-496280,SHW,2012-12-10T15:04:45+00:00,agreement,2012
0000038074-12-000047,FRX,2012-12-10T19:23:39+00:00,other,2012
0001193125-12-496959,HUM,2012-12-10T21:16:56+00:00,agreement,2012
0000097476-12-000061,TXN,2012-12-10T21:43:53+00:00,other,2012
0000063908-12-000049,MCD,2012-12-11T14:09:40+00:00,other,2012
0001104659-12-083217,CF,2012-12-11T17:37:19+00:00,other,2012
0001193125-12-498191,WAT,2012-12-11T18:16:34+00:00,agreement,2012
0000037785-12-000033,FMC,2012-12-11T22:18:25+00:00,other,2012
0001193125-12-499202,COST,2012-12-12T11:03:14+00:00,earnings,2012
0001193125-12-499237,MUR,2012-12-12T11:06:34+00:00,agreement,2012
0001491675-12-000062,CCE,2012-12-18T13:40:46+00:00,other,2012
0001104659-12-085105,GIS,2012-12-19T12:12:03+00:00,earnings,2012
0000020520-12-000108,FTR,2012-12-19T21:10:45+00:00,management,2012
0000092230-12-000131,TFC,2012-12-19T21:49:52+00:00,management,2012
0001193125-12-509316,AEE,2012-12-20T13:01:58+00:00,other,2012
0001104659-12-085373,EQT,2012-12-20T13:05:38+00:00,agreement,2012
0001014473-12-000037,VRSN,2012-12-20T21:09:50+00:00,earnings,2012
0001193125-12-511867,EXPE,2012-12-21T15:50:03+00:00,agreement,2012
0000935703-13-000002,DLTR,2013-01-02T21:06:52+00:00,other,2013
0001193125-13-001264,SE,2013-01-02T23:38:54+00:00,agreement,2013
0000898173-13-000002,ORLY,2013-01-03T21:33:46+00:00,other,2013
0001193125-13-002534,AMT,2013-01-03T22:30:27+00:00,other,2013
0001193125-13-003863,WYNN,2013-01-04T21:41:59+00:00,agreement,2013
0000940944-13-000005,DRI,2013-01-08T21:33:08+00:00,other,2013
0000104889-13-000002,GHC,2013-01-08T21:43:36+00:00,other,2013
0000080424-13-000004,PG,2013-01-08T21:46:57+00:00,other,2013
0001193125-13-006971,AMT,2013-01-08T22:03:39+00:00,agreement,2013
0001193125-13-007542,VLO,2013-01-09T11:06:48+00:00,other,2013
0001104659-13-001510,NRG,2013-01-09T22:14:21+00:00,agreement,2013
0001193125-13-010112,WFC,2013-01-11T13:02:10+00:00,earnings,2013
0000895126-13-000037,CHK,2013-01-16T22:26:21+00:00,other,2013
0001193125-13-015999,MSI,2013-01-17T21:01:20+00:00,management,2013
0001193125-13-016009,COF,2013-01-17T21:08:43+00:00,earnings,2013
0001193125-13-016099,NDAQ,2013-01-17T21:42:38+00:00,other,2013
0000950103-13-000380,C,2013-01-17T21:43:11+00:00,other,2013
0001171843-13-000182,FHN,2013-01-18T12:05:23+00:00,earnings,2013
0001144204-13-003234,EMR,2013-01-22T12:00:16+00:00,other,2013
0001157523-13-000222,ATI,2013-01-23T12:54:09+00:00,earnings,2013
0001299933-13-000136,WDC,2013-01-23T22:15:37+00:00,other,2013
0001051470-13-000003,CCI,2013-01-23T22:56:36+00:00,earnings,2013
0000096223-13-000004,JEF,2013-01-24T16:40:37+00:00,other,2013
0001299933-13-000145,CLF,2013-01-24T19:35:34+00:00,earnings,2013
0000055785-13-000005,KMB,2013-01-25T14:20:34+00:00,earnings,2013
0001506307-13-000004,KMI,2013-01-26T00:02:44+00:00,other,2013
0001193125-13-028189,AMZN,2013-01-29T21:30:12+00:00,earnings,2013
0001104659-13-005801,AVY,2013-01-30T12:40:28+00:00,earnings,2013
0001193125-13-029144,HCBK,2013-01-30T13:53:31+00:00,earnings,2013
0001193125-13-030996,NDAQ,2013-01-31T12:11:14+00:00,earnings,2013
0000822416-13-000003,PHM,2013-01-31T12:34:39+00:00,earnings,2013
0001157523-13-000392,CL,2013-01-31T13:00:25+00:00,earnings,2013
0000715957-13-000004,D,2013-01-31T13:15:07+00:00,earnings,2013
0001157523-13-000399,COP,2013-01-31T14:06:16+00:00,earnings,2013
0001039684-13-000012,OKE,2013-01-31T21:58:59+00:00,management,2013
0001467373-13-000087,ACN,2013-02-01T13:01:56+00:00,other,2013
0000945764-13-000014,DNR,2013-02-04T15:38:12+00:00,earnings,2013
0001039684-13-000014,OKE,2013-02-04T22:07:33+00:00,other,2013
0000895126-13-000060,CHK,2013-02-04T22:25:09+00:00,management,2013
0001193125-13-036958,ADT,2013-02-04T22:29:12+00:00,agreement,2013
0001144204-13-005942,EMR,2013-02-05T11:30:27+00:00,earnings,2013
0001551182-13-000002,ETN,2013-02-05T13:04:31+00:00,earnings,2013
0001104659-13-007327,DUK,2013-02-05T13:13:45+00:00,other,2013
0000005513-13-000002,UNM,2013-02-05T21:07:55+00:00,earnings,2013
0001104659-13-008017,MMM,2013-02-06T21:09:49+00:00,management,2013
0001467373-13-000107,ACN,2013-02-06T21:50:01+00:00,management,2013
0000028412-13-000030,CMA,2013-02-08T21:20:39+00:00,other,2013
0001193125-13-047464,COF,2013-02-11T14:19:34+00:00,other,2013
0001136893-13-000008,FIS,2013-02-12T12:07:20+00:00,earnings,2013
0000062709-13-000002,MRSH,2013-02-12T12:18:06+00:00,earnings,2013
0001193125-13-051768,T,2013-02-12T21:27:05+00:00,other,2013
0001299933-13-000305,JNPR,2013-02-13T21:50:39+00:00,management,2013
0001193125-13-055746,PRU,2013-02-13T22:13:50+00:00,management,2013
0000821189-13-000004,EOG,2013-02-13T22:24:46+00:00,earnings,2013
0000016732-13-000003,CPB,2013-02-15T12:38:28+00:00,earnings,2013
0001193125-13-064018,CAG,2013-02-19T12:35:55+00:00,other,2013
0001193125-13-064326,CMS,2013-02-19T14:56:21+00:00,management,2013
0001193125-13-064376,KRFT,2013-02-19T15:16:55+00:00,other,2013
0000818479-13-000006,XRAY,2013-02-20T12:42:41+00:00,earnings,2013
0000018230-13-000078,CAT,2013-02-20T13:59:28+00:00,other,2013
0001104659-13-012117,NBR,2013-02-20T15:19:05+00:00,earnings,2013
0001104659-13-012805,KO,2013-02-21T22:05:59+00:00,management,2013
0000827052-13-000023,EIX,2013-02-26T21:01:38+00:00,earnings,2013
0001193125-13-079967,SLM,2013-02-27T21:07:21+00:00,other,2013
0001193125-13-080262,WHR,2013-02-27T22:00:58+00:00,agreement,2013
0001193125-13-081889,WPX,2013-02-28T12:01:11+00:00,earnings,2013
0001193125-13-083607,FE,2013-02-28T19:32:37+00:00,other,2013
0001193125-13-083942,SE,2013-02-28T20:38:57+00:00,agreement,2013
0001104659-13-016193,HP,2013-02-28T22:06:46+00:00,other,2013
0000914208-13-000310,IVZ,2013-03-01T21:16:37+00:00,other,2013
0001193125-13-088675,CBRE,2013-03-04T12:01:05+00:00,other,2013
0000085961-13-000011,R,2013-03-04T22:18:46+00:00,other,2013
0001206774-13-000907,PLL,2013-03-05T21:55:57+00:00,management,2013
0001193125-13-093846,PETM,2013-03-06T21:05:38+00:00,earnings,2013
0001104659-13-018830,JCI,2013-03-08T20:29:33+00:00,other,2013
0001144204-13-015034,GRMN,2013-03-14T18:58:22+00:00,other,2013
0000109380-13-000083,ZION,2013-03-15T19:15:14+00:00,other,2013
0001104659-13-021730,AVB,2013-03-18T20:09:09+00:00,management,2013
0000086144-13-000014,SWY,2013-03-18T22:39:11+00:00,management,2013
0000895126-13-000111,CHK,2013-03-21T21:13:00+00:00,other,2013
0000072333-13-000064,JWN,2013-03-25T20:23:59+00:00,other,2013
0000897101-13-000433,STJ,2013-03-26T21:19:25+00:00,agreement,2013
0001193125-13-129568,C,2013-03-27T20:55:06+00:00,other,2013
0001193125-13-129628,WFC,2013-03-27T21:06:58+00:00,other,2013
0001467373-13-000191,ACN,2013-03-28T12:31:07+00:00,management,2013
0001193125-13-132477,CB,2013-03-28T20:44:35+00:00,other,2013
0001193125-13-137667,MKC,2013-04-02T11:30:48+00:00,earnings,2013
0001104659-13-026513,DUK,2013-04-02T21:27:42+00:00,other,2013
0001193125-13-153471,COF,2013-04-12T23:59:51+00:00,other,2013
0001104659-13-029588,TGT,2013-04-16T12:00:31+00:00,other,2013
0001144204-13-022571,NEM,2013-04-17T23:55:45+00:00,earnings,2013
0001104659-13-030485,BBBY,2013-04-18T13:10:29+00:00,earnings,2013
0001193125-13-160858,USB,2013-04-18T20:38:02+00:00,other,2013
0001193125-13-162904,WFC,2013-04-19T20:18:14+00:00,other,2013
0001193125-13-162916,SLM,2013-04-19T20:23:39+00:00,management,2013
0001193125-13-167407,JNPR,2013-04-23T20:21:02+00:00,earnings,2013
0001157523-13-001939,ATI,2013-04-24T11:06:29+00:00,earnings,2013
0001193125-13-168755,MSI,2013-04-24T11:10:45+00:00,earnings,2013
0000097745-13-000015,TMO,2013-04-24T11:40:13+00:00,earnings,2013
0000092122-13-000029,SO,2013-04-24T12:01:14+00:00,earnings,2013
0001491675-13-000022,CCE,2013-04-24T20:01:43+00:00,other,2013
0001193125-13-170370,QCOM,2013-04-24T20:10:53+00:00,earnings,2013
0001193125-13-170403,FFIV,2013-04-24T20:17:44+00:00,earnings,2013
0001193125-13-170476,DO,2013-04-24T20:31:55+00:00,other,2013
0001193125-13-170511,LSI,2013-04-24T20:38:59+00:00,earnings,2013
0001104659-13-033070,AMP,2013-04-25T21:14:43+00:00,other,2013
0000936340-13-000056,DTE,2013-04-26T11:05:32+00:00,earnings,2013
0000072207-13-000030,NBL,2013-04-26T17:17:42+00:00,management,2013
0001193125-13-177569,FDX,2013-04-26T19:47:57+00:00,agreement,2013
0001193125-13-178057,MET,2013-04-26T21:04:26+00:00,other,2013
0000797468-13-000032,OXY,2013-04-29T19:45:34+00:00,management,2013
0000028412-13-000057,CMA,2013-04-29T20:02:51+00:00,management,2013
0000874766-13-000034,HIG,2013-04-29T20:32:18+00:00,earnings,2013
0001193125-13-184298,MPC,2013-04-30T11:20:37+00:00,earnings,2013
0001157523-13-002129,PFE,2013-04-30T13:11:16+00:00,earnings,2013
0000808362-13-000041,BHI,2013-04-30T18:01:03+00:00,management,2013
0001157523-13-002199,PSX,2013-05-01T13:14:40+00:00,earnings,2013
0001521332-13-000019,APTV,2013-05-01T15:13:19+00:00,earnings,2013
0001193125-13-192192,GPS,2013-05-01T19:41:55+00:00,agreement,2013
0000746515-13-000013,EXPD,2013-05-01T20:22:34+00:00,earnings,2013
0001193125-13-192560,C,2013-05-01T20:35:43+00:00,other,2013
0001157523-13-002230,KIM,2013-05-01T20:51:54+00:00,earnings,2013
0000050863-13-000046,INTC,2013-05-02T13:02:51+00:00,management,2013
0000004962-13-000037,AXP,2013-05-02T18:50:27+00:00,other,2013
0000746515-13-000015,EXPD,2013-05-02T20:42:16+00:00,earnings,2013
0000920148-13-000048,LH,2013-05-02T22:10:40+00:00,other,2013
0001193125-13-197473,DUK,2013-05-03T11:11:47+00:00,earnings,2013
0001104659-13-037206,NRG,2013-05-03T21:20:32+00:00,agreement,2013
0001188112-13-001358,POM,2013-05-03T21:29:51+00:00,other,2013
0001004980-13-000027,PCG,2013-05-06T16:24:04+00:00,other,2013
0001193125-13-201048,STZ,2013-05-06T17:44:52+00:00,agreement,2013
0001193125-13-201325,MOLX,2013-05-06T19:06:34+00:00,management,2013
0000059478-13-000021,LLY,2013-05-06T20:31:49+00:00,management,2013
0001193125-13-201744,MUR,2013-05-06T20:43:55+00:00,management,2013
0000107815-13-000086,WEC,2013-05-07T14:42:02+00:00,other,2013
0001234452-13-000197,QCOM,2013-05-07T20:28:18+00:00,management,2013
0000029905-13-000028,DOV,2013-05-07T21:23:28+00:00,other,2013
0000006281-13-000015,ADI,2013-05-08T20:14:52+00:00,management,2013
0000063908-13-000037,MCD,2013-05-08T20:29:47+00:00,other,2013
0001193125-13-209655,AA,2013-05-09T15:00:39+00:00,other,2013
0001104659-13-039410,PSX,2013-05-09T16:32:31+00:00,other,2013
0001104659-13-040079,HSP,2013-05-10T16:07:24+00:00,other,2013
0001193125-13-215578,MOS,2013-05-13T12:20:32+00:00,other,2013
0001193125-13-217108,STZ,2013-05-13T21:43:54+00:00,other,2013
0000702165-13-000093,NSC,2013-05-14T19:19:06+00:00,other,2013
0001193125-13-219580,CNX,2013-05-14T20:16:31+00:00,agreement,2013
0001193125-13-219644,AIZ,2013-05-14T20:28:54+00:00,other,2013
0001104659-13-041695,STX,2013-05-15T12:49:26+00:00,other,2013
0001193125-13-222377,CSCO,2013-05-15T20:14:02+00:00,earnings,2013
0001193125-13-222628,MET,2013-05-15T20:59:24+00:00,other,2013
0001104659-13-042193,ALL,2013-05-16T13:05:14+00:00,other,2013
0001299933-13-000933,HIG,2013-05-16T20:20:18+00:00,management,2013
0001193125-13-226266,PLD,2013-05-17T21:15:57+00:00,other,2013
0001506307-13-000038,KMI,2013-05-20T18:50:13+00:00,other,2013
0001193125-13-230700,ADI,2013-05-22T13:14:27+00:00,other,2013
0001193125-13-235277,PPL,2013-05-24T17:25:28+00:00,other,2013
0001193125-13-237456,CCI,2013-05-28T20:15:55+00:00,agreement,2013
0001193125-13-238361,DO,2013-05-29T11:01:10+00:00,other,2013
0001113169-13-000024,TROW,2013-05-29T11:29:32+00:00,other,2013
0001136893-13-000023,FIS,2013-05-29T21:07:48+00:00,other,2013
0001140361-13-023269,JOY,2013-05-30T14:53:17+00:00,earnings,2013
0001193125-13-241545,GNW,2013-05-30T20:14:55+00:00,earnings,2013
0000026172-13-000008,CMI,2013-05-31T16:13:46+00:00,other,2013
0001193125-13-243348,URBN,2013-05-31T20:32:26+00:00,other,2013
0001193125-13-248047,AIG,2013-06-05T15:17:40+00:00,other,2013
0001104659-13-047062,HP,2013-06-05T16:20:57+00:00,other,2013
0001193125-13-248618,NYX,2013-06-05T20:26:25+00:00,other,2013
0000822416-13-000026,PHM,2013-06-05T20:28:06+00:00,other,2013
0000092380-13-000089,LUV,2013-06-07T14:59:05+00:00,other,2013
0001193125-13-251855,WFC,2013-06-07T21:02:34+00:00,other,2013
0001193125-13-253564,VZ,2013-06-10T21:16:12+00:00,management,2013
0001193125-13-254765,FITB,2013-06-11T20:19:34+00:00,other,2013
0001104659-13-048659,DUK,2013-06-12T20:32:03+00:00,other,2013
0000950103-13-003679,PEP,2013-06-12T20:50:40+00:00,agreement,2013
0001039684-13-000059,OKE,2013-06-13T20:36:23+00:00,other,2013
0000350698-13-000127,AN,2013-06-14T20:56:00+00:00,other,2013
0001193125-13-260313,WY,2013-06-17T10:49:49+00:00,other,2013
0001140361-13-025461,ESV,2013-06-17T21:20:31+00:00,other,2013
0001193125-13-262837,WFC,2013-06-18T20:44:29+00:00,other,2013
0001193125-13-268224,THC,2013-06-24T12:51:32+00:00,agreement,2013
0001039684-13-000062,OKE,2013-06-24T20:57:01+00:00,other,2013
0001193125-13-270684,C,2013-06-25T20:51:33+00:00,other,2013
0000898822-13-000280,MS,2013-06-28T20:46:53+00:00,other,2013
0001104659-13-052697,TEL,2013-07-01T20:47:56+00:00,other,2013
0001385187-13-000036,COV,2013-07-02T21:28:21+00:00,other,2013
0001217211-13-000020,HRB,2013-07-11T20:07:11+00:00,agreement,2013
0001157523-13-003366,INTC,2013-07-17T20:13:43+00:00,earnings,2013
0000029905-13-000043,DOV,2013-07-18T11:02:01+00:00,earnings,2013
0000054480-13-000130,KSU,2013-07-19T14:32:30+00:00,earnings,2013
0001299933-13-001306,WDC,2013-07-22T20:25:03+00:00,other,2013
0000101829-13-000027,RTX,2013-07-23T11:50:06+00:00,earnings,2013
0001193125-13-298129,CSCO,2013-07-23T12:49:25+00:00,other,2013
0001193125-13-298913,JNPR,2013-07-23T20:30:54+00:00,earnings,2013
0000768251-13-000031,ALTR,2013-07-23T20:35:16+00:00,earnings,2013
0001299933-13-001324,WDC,2013-07-23T20:58:01+00:00,management,2013
0001104659-13-056052,STX,2013-07-24T11:19:08+00:00,earnings,2013
0001193125-13-300534,GL,2013-07-24T20:12:33+00:00,earnings,2013
0001104659-13-056234,AMP,2013-07-24T20:12:55+00:00,earnings,2013
0001193125-13-300555,AIZ,2013-07-24T20:19:11+00:00,earnings,2013
0001144204-13-040946,VAR,2013-07-24T20:47:46+00:00,earnings,2013
0001193125-13-301333,DO,2013-07-25T10:06:23+00:00,earnings,2013
0000047111-13-000025,HSY,2013-07-25T11:03:17+00:00,earnings,2013
0000072207-13-000044,NBL,2013-07-25T12:09:09+00:00,earnings,2013
0001104659-13-056695,NBR,2013-07-25T20:35:26+00:00,management,2013
0001038357-13-000040,PXD,2013-07-29T13:04:01+00:00,management,2013
0001193125-13-307703,BXP,2013-07-29T21:24:33+00:00,agreement,2013
0001111711-13-000036,NI,2013-07-31T10:30:51+00:00,earnings,2013
0001193125-13-315160,C,2013-08-01T20:32:33+00:00,other,2013
0001004980-13-000060,PCG,2013-08-01T22:27:27+00:00,other,2013
0001193125-13-316284,HST,2013-08-02T12:57:59+00:00,earnings,2013
0000922864-13-000031,AIV,2013-08-02T13:03:52+00:00,management,2013
0000086521-13-000055,SRE,2013-08-06T16:12:23+00:00,earnings,2013
0001193125-13-322925,DUK,2013-08-07T11:25:05+00:00,earnings,2013
0001193125-13-323016,TWX,2013-08-07T12:07:36+00:00,earnings,2013
0001166126-13-000055,JCP,2013-08-13T12:42:19+00:00,management,2013
0001193125-13-332282,AIG,2013-08-13T16:13:11+00:00,other,2013
0001102624-13-000997,NTAP,2013-08-14T21:41:53+00:00,earnings,2013
0001193125-13-334648,CSCO,2013-08-14T21:46:29+00:00,earnings,2013
0000086144-13-000065,SWY,2013-08-14T22:08:04+00:00,earnings,2013
0001193125-13-336629,BRK-B,2013-08-15T20:44:00+00:00,other,2013
0000200406-13-000096,JNJ,2013-08-20T21:20:57+00:00,other,2013
0000038074-13-000026,FRX,2013-08-21T14:47:15+00:00,management,2013
0001104659-13-065347,DUK,2013-08-21T19:43:41+00:00,earnings,2013
0001299933-13-001533,CLF,2013-08-21T20:07:16+00:00,management,2013
0001193125-13-342906,COF,2013-08-22T13:07:35+00:00,other,2013
0001206774-13-003027,ROST,2013-08-22T20:00:32+00:00,earnings,2013
0001193125-13-345894,CHRW,2013-08-26T11:53:00+00:00,agreement,2013
0001193125-13-346522,LEG,2013-08-26T19:22:29+00:00,agreement,2013
0001193125-13-347957,ZION,2013-08-27T17:14:52+00:00,other,2013
0001365135-13-000048,WU,2013-08-27T20:36:09+00:00,management,2013
0000898173-13-000043,ORLY,2013-08-30T20:34:44+00:00,other,2013
0001193125-13-360077,BAX,2013-09-06T21:11:33+00:00,other,2013
0001193125-13-360678,BDX,2013-09-09T13:00:03+00:00,management,2013
0001140361-13-035432,XEL,2013-09-09T21:00:33+00:00,other,2013
0000950159-13-000556,CI,2013-09-10T12:00:21+00:00,other,2013
0000063908-13-000066,MCD,2013-09-10T17:50:16+00:00,other,2013
0000097476-13-000047,TXN,2013-09-10T20:38:37+00:00,other,2013
0000915389-13-000050,EMN,2013-09-10T21:24:46+00:00,management,2013
0001104659-13-069103,OI,2013-09-11T11:22:00+00:00,other,2013
0001193125-13-364730,PEG,2013-09-12T11:30:54+00:00,other,2013
0001193125-13-364916,TE,2013-09-12T14:31:29+00:00,other,2013
0001193125-13-365950,LYB,2013-09-13T12:14:59+00:00,management,2013
0001555280-13-000045,ZTS,2013-09-16T20:30:20+00:00,other,2013
0001193125-13-368449,ELV,2013-09-17T10:36:52+00:00,management,2013
0000829224-13-000034,SBUX,2013-09-17T19:05:43+00:00,management,2013
0001193125-13-369079,RAI,2013-09-17T19:24:36+00:00,agreement,2013
0000314808-13-000173,ESV,2013-09-17T21:22:22+00:00,other,2013
0000898822-13-000368,A,2013-09-19T12:10:27+00:00,management,2013
0001193125-13-376034,FDX,2013-09-24T17:37:36+00:00,management,2013
0000037785-13-000043,FMC,2013-09-24T18:10:12+00:00,management,2013
0001299933-13-001706,WDC,2013-09-25T20:43:03+00:00,management,2013
0001193125-13-380142,MSFT,2013-09-26T20:47:36+00:00,management,2013
0001193125-13-385890,SNA,2013-10-01T11:02:30+00:00,agreement,2013
0001193125-13-389314,JEF,2013-10-03T10:08:06+00:00,other,2013
0000059478-13-000047,LLY,2013-10-03T11:24:20+00:00,other,2013
0000038074-13-000032,FRX,2013-10-04T13:09:47+00:00,management,2013
0000023082-13-000040,CSC,2013-10-04T18:27:47+00:00,other,2013
0001193125-13-392567,MOS,2013-10-07T16:19:10+00:00,other,2013
0000072207-13-000050,NBL,2013-10-09T13:44:07+00:00,agreement,2013
0001157523-13-004663,CTXS,2013-10-09T20:28:16+00:00,earnings,2013
0001193125-13-399091,AEE,2013-10-15T12:51:52+00:00,other,2013
0001102624-13-001240,FLIR,2013-10-15T13:57:39+00:00,earnings,2013
0001193125-13-399922,YHOO,2013-10-15T20:34:54+00:00,other,2013
0000797468-13-000090,OXY,2013-10-16T19:29:49+00:00,management,2013
0001000180-13-000057,SNDK,2013-10-16T20:40:33+00:00,earnings,2013
0000797468-13-000100,OXY,2013-10-18T17:17:34+00:00,other,2013
0001193125-13-405350,PEG,2013-10-21T20:40:00+00:00,management,2013
0000101829-13-000042,RTX,2013-10-22T12:15:44+00:00,earnings,2013
0000093751-13-000170,STT,2013-10-22T12:40:12+00:00,earnings,2013
0001193125-13-407412,PLD,2013-10-23T12:06:11+00:00,earnings,2013
0001193125-13-407457,HCBK,2013-10-23T12:51:33+00:00,earnings,2013
0001193125-13-408190,LEG,2013-10-23T20:38:53+00:00,earnings,2013
0000047111-13-000033,HSY,2013-10-24T11:04:52+00:00,earnings,2013
0000038777-13-000223,BEN,2013-10-24T12:32:31+00:00,earnings,2013
0000011199-13-000032,BMS,2013-10-24T12:50:25+00:00,earnings,2013
0001193125-13-411600,GLW,2013-10-25T20:16:34+00:00,agreement,2013
0001104659-13-078165,DE,2013-10-28T13:02:26+00:00,other,2013
0000874766-13-000064,HIG,2013-10-28T20:18:56+00:00,earnings,2013
0001104659-13-078539,DOC,2013-10-29T11:45:47+00:00,management,2013
0001193125-13-414507,WM,2013-10-29T11:57:24+00:00,earnings,2013
0001193125-13-416992,AMT,2013-10-30T11:12:33+00:00,earnings,2013
0001534701-13-000019,PSX,2013-10-30T13:25:13+00:00,earnings,2013
0001104659-13-079236,ALL,2013-10-30T20:12:32+00:00,earnings,2013
0000016732-13-000029,CPB,2013-10-31T20:14:49+00:00,management,2013
0000104889-13-000042,GHC,2013-11-01T20:14:43+00:00,earnings,2013
0001193125-13-426319,BDX,2013-11-05T11:16:24+00:00,earnings,2013
0001157523-13-005285,DTV,2013-11-05T18:06:16+00:00,earnings,2013
0000020520-13-000079,FTR,2013-11-05T21:13:19+00:00,earnings,2013
0001193125-13-432445,USB,2013-11-07T18:57:59+00:00,other,2013
0001157523-13-005416,TPR,2013-11-08T12:01:01+00:00,other,2013
0001193125-13-434084,USB,2013-11-08T13:02:02+00:00,other,2013
0000701985-13-000038,BBWI,2013-11-08T21:14:28+00:00,earnings,2013
0001193125-13-437182,GEN,2013-11-12T14:00:36+00:00,management,2013
0001193125-13-437268,MUR,2013-11-12T14:40:52+00:00,agreement,2013
0000092230-13-000085,TFC,2013-11-12T20:03:13+00:00,other,2013
0000829224-13-000041,SBUX,2013-11-13T11:18:41+00:00,earnings,2013
0001266432-13-000108,AKAM,2013-11-13T22:15:52+00:00,management,2013
0001193125-13-441898,NOV,2013-11-14T19:49:59+00:00,management,2013
0000040545-13-000101,GE,2013-11-15T14:01:34+00:00,other,2013
0001031296-13-000058,FE,2013-11-19T13:33:20+00:00,other,2013
0001104659-13-085723,MMM,2013-11-19T20:24:14+00:00,other,2013
0001104659-13-085735,MMM,2013-11-19T20:41:57+00:00,other,2013
0001491675-13-000052,CCE,2013-11-19T23:11:47+00:00,other,2013
0000018230-13-000476,CAT,2013-11-20T14:01:24+00:00,other,2013
0000314808-13-000190,ESV,2013-11-20T14:18:04+00:00,other,2013
0000950157-13-000418,IBM,2013-11-20T20:51:46+00:00,other,2013
0001193125-13-448634,SYY,2013-11-20T22:17:05+00:00,management,2013
0000930413-13-005476,HON,2013-11-21T15:10:45+00:00,other,2013
0000039911-13-000180,GPS,2013-11-21T21:08:15+00:00,earnings,2013
0001193125-13-449996,AEE,2013-11-21T22:20:33+00:00,other,2013
0001193125-13-453040,NDAQ,2013-11-25T21:33:33+00:00,management,2013
0001193125-13-459391,GS,2013-12-02T22:27:23+00:00,other,2013
0000920148-13-000107,LH,2013-12-03T13:58:51+00:00,other,2013
0000791519-13-000111,SPLS,2013-12-06T21:46:33+00:00,management,2013
0001104659-13-089122,IRM,2013-12-09T21:41:27+00:00,agreement,2013
0001193125-13-468326,VZ,2013-12-10T20:25:25+00:00,other,2013
0000808362-13-000065,BHI,2013-12-11T00:08:51+00:00,management,2013
0001104659-13-089501,CAM,2013-12-11T00:24:07+00:00,other,2013
0001193125-13-469760,FRX,2013-12-11T20:31:23+00:00,management,2013
0001193125-13-469814,MDLZ,2013-12-11T21:00:53+00:00,other,2013
0001193125-13-472680,LUMN,2013-12-13T15:49:10+00:00,other,2013
0001193125-13-473232,CB,2013-12-13T21:16:33+00:00,other,2013
0000899866-13-000199,ALXN,2013-12-13T22:14:17+00:00,other,2013
0001193125-13-476863,ZBH,2013-12-18T12:31:06+00:00,management,2013
0000732717-13-000105,T,2013-12-18T16:40:28+00:00,agreement,2013
0000072903-13-000025,XEL,2013-12-20T20:21:30+00:00,other,2013
0000320187-13-000210,NKE,2013-12-20T22:44:20+00:00,earnings,2013
0001104659-13-091738,STX,2013-12-23T13:45:38+00:00,agreement,2013
0000746515-13-000049,EXPD,2013-12-23T20:10:10+00:00,management,2013
0001104659-13-092796,TXT,2013-12-30T18:16:07+00:00,agreement,2013
0000898173-14-000002,ORLY,2014-01-02T22:02:17+00:00,other,2014
0000731766-14-000002,UNH,2014-01-02T22:36:05+00:00,other,2014
0000019617-14-000002,JPM,2014-01-03T17:52:23+00:00,management,2014
0000062709-14-000002,MRSH,2014-01-03T23:11:53+00:00,management,2014
0000059478-14-000004,LLY,2014-01-07T12:02:11+00:00,earnings,2014
0001140361-14-001271,STZ,2014-01-08T14:00:03+00:00,earnings,2014
0001193125-14-005244,MAR,2014-01-08T19:16:30+00:00,agreement,2014
0000093410-14-000002,CVX,2014-01-09T22:08:35+00:00,earnings,2014
0001193125-14-007943,MDLZ,2014-01-10T21:14:38+00:00,other,2014
0000897101-14-000058,STJ,2014-01-13T13:08:34+00:00,earnings,2014
0001193125-14-010200,MOS,2014-01-14T13:22:02+00:00,other,2014
0001467858-14-000032,GM,2014-01-15T19:07:05+00:00,other,2014
0001193125-14-012745,BLK,2014-01-16T14:23:39+00:00,earnings,2014
0001193125-14-013132,REGN,2014-01-16T20:36:35+00:00,agreement,2014
0001193125-14-013737,BNY,2014-01-17T11:45:03+00:00,earnings,2014
0001090727-14-000002,UPS,2014-01-17T16:45:49+00:00,earnings,2014
0001104659-14-003072,IGT,2014-01-17T21:15:29+00:00,management,2014
0001281761-14-000002,RF,2014-01-21T11:50:46+00:00,earnings,2014
0001193125-14-015206,VZ,2014-01-21T12:35:59+00:00,earnings,2014
0000723125-14-000022,MU,2014-01-21T14:00:27+00:00,other,2014
0000045012-14-000066,HAL,2014-01-21T19:57:50+00:00,earnings,2014
0001064728-14-000002,BTU,2014-01-21T22:51:59+00:00,other,2014
0001193125-14-016657,USB,2014-01-22T13:12:57+00:00,earnings,2014
0001051470-14-000004,CCI,2014-01-22T21:54:30+00:00,earnings,2014
0001193125-14-018090,PBCT,2014-01-23T13:41:32+00:00,management,2014
0000715957-14-000002,D,2014-01-23T21:02:56+00:00,management,2014
0001193125-14-018660,LEG,2014-01-23T21:18:33+00:00,earnings,2014
0000882184-14-000008,DHI,2014-01-24T21:12:13+00:00,other,2014
0001110783-14-000020,MON,2014-01-28T22:37:32+00:00,other,2014
0001035002-14-000003,VLO,2014-01-29T15:09:29+00:00,earnings,2014
0001133421-14-000003,NOC,2014-01-30T12:04:59+00:00,earnings,2014
0000797468-14-000002,OXY,2014-01-30T14:59:47+00:00,earnings,2014
0001193125-14-028479,WYNN,2014-01-30T21:17:06+00:00,earnings,2014
0001157523-14-000320,RVTY,2014-01-30T21:50:38+00:00,earnings,2014
0000897069-14-000029,HOG,2014-01-30T22:04:53+00:00,management,2014
0001193125-14-029561,NOV,2014-01-31T12:30:52+00:00,earnings,2014
0001299933-14-000160,GPC,2014-02-03T14:58:23+00:00,other,2014
0001104659-14-006013,EW,2014-02-03T21:15:01+00:00,earnings,2014
0001041061-14-000004,YUM,2014-02-03T22:17:31+00:00,earnings,2014
0000764478-14-000006,BBY,2014-02-03T22:51:47+00:00,management,2014
0001193125-14-034541,AEE,2014-02-04T18:31:59+00:00,other,2014
0000715957-14-000008,D,2014-02-04T18:55:15+00:00,management,2014
0000064803-14-000004,CVS,2014-02-05T12:08:04+00:00,other,2014
0001104659-14-006521,MRK,2014-02-05T12:08:59+00:00,earnings,2014
0000875320-14-000012,VRTX,2014-02-05T21:04:26+00:00,other,2014
0000072741-14-000006,ES,2014-02-06T13:21:04+00:00,earnings,2014
0000895126-14-000088,CHK,2014-02-06T13:43:20+00:00,other,2014
0001193125-14-040808,IFF,2014-02-07T21:33:58+00:00,other,2014
0001451505-14-000006,RIG,2014-02-10T21:22:12+00:00,other,2014
0001038357-14-000011,PXD,2014-02-10T22:10:30+00:00,earnings,2014
0001193125-14-045840,MTB,2014-02-11T23:07:16+00:00,other,2014
0000914208-14-000248,IVZ,2014-02-12T13:38:30+00:00,other,2014
0001193125-14-049613,GT,2014-02-13T12:45:29+00:00,earnings,2014
0000908255-14-000010,BWA,2014-02-13T13:50:16+00:00,earnings,2014
0001090872-14-000003,A,2014-02-13T21:06:45+00:00,earnings,2014
0001144204-14-008569,EFX,2014-02-13T21:42:36+00:00,earnings,2014
0000016732-14-000005,CPB,2014-02-14T12:40:52+00:00,earnings,2014
0000797468-14-000007,OXY,2014-02-14T21:04:18+00:00,management,2014
0000764065-14-000020,CLF,2014-02-14T21:22:39+00:00,management,2014
0001144204-14-010128,GRMN,2014-02-18T11:33:46+00:00,other,2014
0000818479-14-000002,XRAY,2014-02-18T12:32:22+00:00,earnings,2014
0000753308-14-000018,NEE,2014-02-18T13:31:46+00:00,management,2014
0001157523-14-000669,ADI,2014-02-18T21:27:29+00:00,earnings,2014
0001193125-14-057890,EIX,2014-02-19T11:06:00+00:00,agreement,2014
0001193125-14-058082,HST,2014-02-19T14:26:01+00:00,earnings,2014
0001144204-14-010465,GRMN,2014-02-19T14:49:06+00:00,earnings,2014
0001193125-14-059783,PDCO,2014-02-20T13:19:52+00:00,earnings,2014
0001104659-14-012067,PNW,2014-02-21T13:31:36+00:00,earnings,2014
0001104659-14-012070,ECL,2014-02-21T13:39:00+00:00,earnings,2014
0000020520-14-000010,FTR,2014-02-21T20:00:23+00:00,management,2014
0000020520-14-000014,FTR,2014-02-24T21:03:26+00:00,earnings,2014
0001101215-14-000044,ADS,2014-02-25T12:30:54+00:00,other,2014
0000060667-14-000019,LOW,2014-02-26T13:49:51+00:00,earnings,2014
0001104659-14-013662,AMP,2014-02-26T22:16:15+00:00,management,2014
0001451505-14-000030,RIG,2014-02-26T22:28:39+00:00,earnings,2014
0001451505-14-000033,RIG,2014-02-26T22:49:31+00:00,other,2014
0001104659-14-013904,ECL,2014-02-27T13:38:31+00:00,management,2014
0000764065-14-000026,CLF,2014-02-27T21:05:19+00:00,agreement,2014
0001445305-14-000666,LUMN,2014-02-27T21:12:59+00:00,other,2014
0001193125-14-074357,JNPR,2014-02-28T11:05:39+00:00,agreement,2014
0000072333-14-000007,JWN,2014-02-28T21:33:42+00:00,other,2014
0001193125-14-077684,CRM,2014-02-28T22:00:59+00:00,management,2014
0000049071-14-000054,HUM,2014-03-03T14:17:01+00:00,other,2014
0000020520-14-000019,FTR,2014-03-04T14:43:20+00:00,other,2014
0000029905-14-000016,DOV,2014-03-04T21:49:33+00:00,other,2014
0001193125-14-089331,EXPE,2014-03-07T22:01:58+00:00,management,2014
0001336917-14-000011,UAA,2014-03-17T18:57:13+00:00,other,2014
0000018230-14-000114,CAT,2014-03-20T13:01:09+00:00,other,2014
0001445305-14-001119,AON,2014-03-21T20:26:23+00:00,management,2014
0000808362-14-000014,BHI,2014-03-24T15:09:29+00:00,other,2014
0000080661-14-000017,PGR,2014-03-25T20:29:56+00:00,agreement,2014
0001467373-14-000162,ACN,2014-03-27T11:02:44+00:00,earnings,2014
0000098246-14-000093,TIF,2014-03-31T17:31:23+00:00,agreement,2014
0001193125-14-123853,PWR,2014-03-31T20:04:52+00:00,other,2014
0001135971-14-000011,POM,2014-03-31T21:01:01+00:00,other,2014
0000063754-14-000018,MKC,2014-04-03T19:00:18+00:00,management,2014
0000723125-14-000065,MU,2014-04-03T20:01:33+00:00,earnings,2014
0001193125-14-134547,AMGN,2014-04-08T12:46:36+00:00,management,2014
0001193125-14-135559,C,2014-04-08T20:36:30+00:00,other,2014
0001193125-14-135663,SWY,2014-04-08T21:17:19+00:00,agreement,2014
0001193125-14-136077,KEY,2014-04-09T10:02:24+00:00,management,2014
0001193125-14-137970,SLM,2014-04-10T13:38:04+00:00,other,2014
0001193125-14-142164,AA,2014-04-14T17:58:00+00:00,earnings,2014
0001193125-14-145862,COF,2014-04-16T20:11:39+00:00,earnings,2014
0001451505-14-000052,RIG,2014-04-17T20:18:30+00:00,other,2014
0001104659-14-028429,VTR,2014-04-17T20:21:01+00:00,other,2014
0000079879-14-000029,PPG,2014-04-22T19:47:26+00:00,management,2014
0000040554-14-000043,GE,2014-04-23T17:56:34+00:00,other,2014
0001193125-14-154788,LSI,2014-04-23T20:14:38+00:00,earnings,2014
0001193125-14-154883,AAPL,2014-04-23T20:33:38+00:00,other,2014
0001193125-14-154910,SLM,2014-04-23T20:39:36+00:00,management,2014
0001308179-14-000200,KO,2014-04-23T20:52:00+00:00,management,2014
0001193125-14-155810,ZBH,2014-04-24T11:18:00+00:00,other,2014
0001398432-14-000177,KIM,2014-04-24T20:04:16+00:00,agreement,2014
0000849213-14-000015,PCL,2014-04-28T20:09:03+00:00,earnings,2014
0001193125-14-163101,GS,2014-04-28T20:38:08+00:00,other,2014
0001104659-14-031300,ABT,2014-04-28T20:45:32+00:00,other,2014
0001299933-14-000650,GPC,2014-04-29T12:47:23+00:00,other,2014
0001193125-14-167390,RF,2014-04-29T20:40:42+00:00,other,2014
0001163302-14-000020,X,2014-04-30T11:50:24+00:00,earnings,2014
0000009389-14-000007,BALL,2014-05-01T14:29:01+00:00,earnings,2014
0001193125-14-177173,DVA,2014-05-01T20:22:08+00:00,earnings,2014
0001542567-14-000012,AKAM,2014-05-01T20:23:57+00:00,earnings,2014
0001193125-14-178553,PFE,2014-05-02T12:00:08+00:00,other,2014
0001193125-14-178711,BNY,2014-05-02T13:02:06+00:00,other,2014
0000086521-14-000021,SRE,2014-05-02T16:20:20+00:00,earnings,2014
0001035267-14-000060,ISRG,2014-05-02T17:14:42+00:00,agreement,2014
0001193125-14-181351,TDC,2014-05-05T13:26:29+00:00,other,2014
0001193125-14-182495,KSU,2014-05-05T20:21:53+00:00,other,2014
0001104659-14-034859,NRG,2014-05-06T10:31:20+00:00,earnings,2014
0001045810-14-000071,NVDA,2014-05-06T13:29:49+00:00,earnings,2014
0001193125-14-184077,MAT,2014-05-06T15:28:37+00:00,management,2014
0000895126-14-000139,CHK,2014-05-07T12:38:17+00:00,earnings,2014
0001104659-14-035487,DE,2014-05-07T13:01:03+00:00,other,2014
0001105705-14-000025,TWX,2014-05-09T20:33:02+00:00,other,2014
0001104659-14-037083,THC,2014-05-09T20:41:07+00:00,management,2014
0001104659-14-037093,ECL,2014-05-09T20:53:52+00:00,management,2014
0000936340-14-000052,DTE,2014-05-12T11:05:43+00:00,other,2014
0001104659-14-037665,BMY,2014-05-12T20:52:27+00:00,other,2014
0000895126-14-000147,CHK,2014-05-12T20:55:45+00:00,other,2014
0001193125-14-196735,NOV,2014-05-13T18:24:52+00:00,other,2014
0001193125-14-198290,TE,2014-05-14T14:06:37+00:00,other,2014
0001193125-14-199314,AIG,2014-05-14T21:23:36+00:00,other,2014
0000004962-14-000043,AXP,2014-05-15T16:01:56+00:00,other,2014
0001104659-14-039382,OI,2014-05-15T20:30:48+00:00,other,2014
0001104659-14-039413,IRM,2014-05-15T20:58:16+00:00,management,2014
0000940944-14-000032,DRI,2014-05-16T12:02:53+00:00,other,2014
0001104659-14-039565,DUK,2014-05-16T13:00:55+00:00,earnings,2014
0000895126-14-000152,CHK,2014-05-16T13:03:17+00:00,other,2014
0000833444-14-000066,JCI,2014-05-16T20:29:58+00:00,other,2014
0001104659-14-040400,DUK,2014-05-20T20:11:09+00:00,other,2014
0001193125-14-208406,GNW,2014-05-21T21:24:38+00:00,agreement,2014
0000941548-14-000007,CAM,2014-05-22T17:10:59+00:00,management,2014
0001193125-14-209867,ROP,2014-05-22T20:31:36+00:00,other,2014
0000701985-14-000017,BBWI,2014-05-23T20:13:44+00:00,earnings,2014
0000046080-14-000063,HAS,2014-05-23T20:30:55+00:00,other,2014
0001171843-14-002531,AZO,2014-05-27T11:15:26+00:00,earnings,2014
0001193125-14-213071,MPC,2014-05-27T20:57:36+00:00,agreement,2014
0000833444-14-000076,JCI,2014-05-29T20:08:46+00:00,other,2014
0001193125-14-217303,WFC,2014-05-29T20:28:36+00:00,other,2014
0001104659-14-043080,TRV,2014-06-02T12:00:29+00:00,management,2014
0001193125-14-221590,LUMN,2014-06-02T16:35:39+00:00,management,2014
0001104659-14-043330,MAC,2014-06-02T20:16:43+00:00,management,2014
0001193125-14-223962,CNP,2014-06-03T20:06:04+00:00,other,2014
0000732717-14-000048,T,2014-06-03T20:12:17+00:00,other,2014
0000712515-14-000027,EA,2014-06-04T20:01:25+00:00,management,2014
0000020520-14-000045,FTR,2014-06-05T13:36:51+00:00,other,2014
0000801898-14-000057,JOY,2014-06-05T14:29:22+00:00,earnings,2014
0001104659-14-044980,CBRE,2014-06-10T12:00:36+00:00,other,2014
0001193125-14-232179,KEY,2014-06-10T21:23:36+00:00,other,2014
0001104659-14-045384,THC,2014-06-11T21:06:36+00:00,other,2014
0000008868-14-000033,AVP,2014-06-12T12:01:28+00:00,management,2014
0001193125-14-234298,VZ,2014-06-12T14:24:39+00:00,other,2014
0000314808-14-000155,ESV,2014-06-13T16:28:40+00:00,other,2014
0001104659-14-045910,TGT,2014-06-13T19:03:27+00:00,other,2014
0001193125-14-236283,DO,2014-06-13T20:30:52+00:00,management,2014
0001193125-14-237008,COV,2014-06-16T12:38:02+00:00,agreement,2014
0001144204-14-037890,VAR,2014-06-16T21:00:37+00:00,other,2014
0001193125-14-240186,FRX,2014-06-18T13:27:44+00:00,other,2014
0001193125-14-241124,EBAY,2014-06-18T21:24:53+00:00,management,2014
0001104659-14-046993,ALL,2014-06-19T13:38:39+00:00,other,2014
0001193125-14-244607,LM,2014-06-23T13:03:04+00:00,other,2014
0000794367-14-000115,M,2014-06-23T16:14:27+00:00,management,2014
0000936340-14-000076,DTE,2014-06-25T11:07:01+00:00,other,2014
0001445305-14-002681,GME,2014-06-26T20:53:20+00:00,other,2014
0001104659-14-049106,TEL,2014-06-27T20:08:12+00:00,agreement,2014
0001019687-14-002579,DAL,2014-06-27T21:32:00+00:00,other,2014
0001104659-14-049341,GIS,2014-06-30T20:00:30+00:00,management,2014
0001193125-14-255956,LEN,2014-06-30T21:01:36+00:00,agreement,2014
0001193125-14-256822,D,2014-07-01T13:07:07+00:00,other,2014
0001193125-14-257757,AIG,2014-07-01T20:33:30+00:00,other,2014
0001193125-14-257760,WFC,2014-07-01T20:36:38+00:00,other,2014
0001451505-14-000102,RIG,2014-07-02T16:16:13+00:00,other,2014
0001193125-14-261266,EXPE,2014-07-07T11:04:30+00:00,other,2014
0001193125-14-264879,EXC,2014-07-10T14:03:46+00:00,other,2014
0001193125-14-270980,FITB,2014-07-17T10:31:37+00:00,earnings,2014
0000029905-14-000036,DOV,2014-07-17T11:11:40+00:00,earnings,2014
0001104659-14-052022,EL,2014-07-17T20:16:42+00:00,agreement,2014
0001193125-14-273965,MAT,2014-07-21T17:48:59+00:00,management,2014
0001193125-14-274292,TXN,2014-07-21T20:41:01+00:00,earnings,2014
0000891092-14-005511,OMC,2014-07-22T12:14:38+00:00,earnings,2014
0001104659-14-052704,COR,2014-07-22T20:11:01+00:00,agreement,2014
0001047469-14-006331,SPG,2014-07-23T11:05:42+00:00,earnings,2014
0001157523-14-002954,EQT,2014-07-24T11:04:18+00:00,earnings,2014
0000032604-14-000030,EMR,2014-07-25T10:55:56+00:00,other,2014
0000936340-14-000080,DTE,2014-07-25T11:05:03+00:00,earnings,2014
0001157523-14-002998,MCO,2014-07-25T12:02:37+00:00,earnings,2014
0000024545-14-000013,TAP,2014-07-25T13:08:31+00:00,management,2014
0000028412-14-000142,CMA,2014-07-25T20:16:01+00:00,management,2014
0000935703-14-000034,DLTR,2014-07-28T11:04:14+00:00,other,2014
0001144204-14-045320,SPGI,2014-07-29T11:12:25+00:00,earnings,2014
0001157523-14-003083,NEM,2014-07-29T23:18:53+00:00,earnings,2014
0001193125-14-285532,SWY,2014-07-30T10:06:56+00:00,other,2014
0001193125-14-285966,PEG,2014-07-30T14:15:55+00:00,earnings,2014
0001193125-14-288153,BDX,2014-07-31T10:17:06+00:00,earnings,2014
0001193125-14-288219,TWC,2014-07-31T11:07:37+00:00,earnings,2014
0001193125-14-288323,WELL,2014-07-31T12:00:54+00:00,agreement,2014
0001193125-14-288339,MOS,2014-07-31T12:05:00+00:00,earnings,2014
0001104659-14-055224,HP,2014-07-31T12:17:42+00:00,earnings,2014
0000754737-14-000025,SCG,2014-07-31T13:26:57+00:00,earnings,2014
0000009389-14-000011,BALL,2014-07-31T14:35:35+00:00,earnings,2014
0001193125-14-289952,AA,2014-07-31T21:12:02+00:00,agreement,2014
0000827052-14-000156,EIX,2014-08-01T20:54:29+00:00,other,2014
0001104659-14-056073,AVY,2014-08-01T21:00:30+00:00,management,2014
0001038357-14-000057,PXD,2014-08-04T20:33:38+00:00,earnings,2014
0001104659-14-057620,CF,2014-08-06T20:30:18+00:00,earnings,2014
0001193125-14-301958,CHRW,2014-08-08T13:35:53+00:00,other,2014
0001104659-14-060428,CMS,2014-08-13T21:01:30+00:00,other,2014
0001193125-14-308612,TE,2014-08-13T21:20:01+00:00,other,2014
0001193125-14-311903,MET,2014-08-15T21:05:04+00:00,other,2014
0001466258-14-000062,TT,2014-08-18T11:04:40+00:00,other,2014
0001104659-14-061954,MSI,2014-08-19T21:15:30+00:00,other,2014
0001193125-14-316489,PDCO,2014-08-21T12:06:59+00:00,earnings,2014
0000072903-14-000066,XEL,2014-08-21T20:25:32+00:00,other,2014
0000092122-14-000058,SO,2014-08-22T21:05:35+00:00,other,2014
0000895126-14-000229,CHK,2014-08-26T20:02:50+00:00,other,2014
0001104659-14-063453,CMS,2014-08-27T21:00:34+00:00,other,2014
0001110783-14-000140,MON,2014-08-29T18:18:55+00:00,other,2014
0000093751-14-000143,STT,2014-08-29T20:54:50+00:00,other,2014
0000078239-14-000035,PVH,2014-09-03T20:27:26+00:00,earnings,2014
0001104659-14-065000,CMS,2014-09-05T21:00:37+00:00,other,2014
0001193125-14-336226,BNY,2014-09-09T13:04:34+00:00,other,2014
0001281761-14-000058,RF,2014-09-09T18:45:27+00:00,other,2014
0001571049-14-004557,ICE,2014-09-11T21:00:56+00:00,agreement,2014
0001193125-14-340331,TYC,2014-09-12T19:56:07+00:00,other,2014
0001193125-14-341845,GS,2014-09-15T21:10:06+00:00,other,2014
0001193125-14-342669,GME,2014-09-16T16:40:01+00:00,other,2014
0001193125-14-343190,EBAY,2014-09-16T21:17:04+00:00,management,2014
0001104659-14-066711,OI,2014-09-17T11:55:44+00:00,other,2014
0000053669-14-000031,JCI,2014-09-17T21:11:15+00:00,management,2014
0001193125-14-345695,AIG,2014-09-18T20:39:04+00:00,management,2014
0001193125-14-349317,DOV,2014-09-23T13:15:53+00:00,other,2014
0000046080-14-000087,HAS,2014-09-25T11:18:44+00:00,agreement,2014
0001104659-14-068420,ABT,2014-09-26T13:28:15+00:00,other,2014
0001140361-14-036608,ESS,2014-09-29T12:42:14+00:00,other,2014
0001193125-14-356721,LUMN,2014-09-29T18:06:06+00:00,other,2014
0001193125-14-359058,WFC,2014-09-30T20:46:35+00:00,other,2014
0000314808-14-000199,ESV,2014-10-01T21:03:50+00:00,other,2014
0001004980-14-000082,PCG,2014-10-03T17:12:34+00:00,other,2014
0001104659-14-070141,HPQ,2014-10-06T10:36:31+00:00,other,2014
0001193125-14-372706,EMN,2014-10-15T20:23:39+00:00,agreement,2014
0001193125-14-374026,NAVI,2014-10-16T22:19:01+00:00,agreement,2014
0001104659-14-072465,CF,2014-10-20T20:06:12+00:00,management,2014
0000790070-14-000141,EMC,2014-10-22T10:51:49+00:00,earnings,2014
0001104659-14-072877,ABT,2014-10-22T11:32:02+00:00,agreement,2014
0000085961-14-000048,R,2014-10-22T14:12:46+00:00,earnings,2014
0000319201-14-000046,KLAC,2014-10-23T20:37:11+00:00,earnings,2014
0001193125-14-381341,STZ,2014-10-24T17:48:34+00:00,agreement,2014
0001104659-14-073712,AVY,2014-10-24T21:16:58+00:00,management,2014
0001193125-14-384101,XYL,2014-10-28T11:20:53+00:00,earnings,2014
0001193125-14-384834,NE,2014-10-28T18:38:00+00:00,other,2014
0001039684-14-000081,OKE,2014-10-28T20:15:41+00:00,other,2014
0001047469-14-008624,MAC,2014-10-28T21:18:04+00:00,earnings,2014
0001193125-14-385974,AMAT,2014-10-29T10:31:53+00:00,other,2014
0000107815-14-000099,WEC,2014-10-29T11:29:44+00:00,earnings,2014
0001445305-14-004573,FFIV,2014-10-29T20:15:54+00:00,management,2014
0001104659-14-074873,CBRE,2014-10-29T20:52:40+00:00,earnings,2014
0001193125-14-388392,MA,2014-10-30T12:06:01+00:00,earnings,2014
0001104659-14-075253,FLR,2014-10-30T20:10:39+00:00,earnings,2014
0000829224-14-000037,SBUX,2014-10-30T20:19:33+00:00,earnings,2014
0001193125-14-394221,INTU,2014-11-03T22:01:07+00:00,management,2014
0001104659-14-076230,EL,2014-11-04T13:50:31+00:00,earnings,2014
0000018926-14-000016,LUMN,2014-11-05T21:24:28+00:00,earnings,2014
0001157523-14-004440,DTV,2014-11-06T18:51:51+00:00,earnings,2014
0001104659-14-077709,MNST,2014-11-06T21:14:35+00:00,earnings,2014
0000354950-14-000042,HD,2014-11-06T22:02:41+00:00,other,2014
0000319201-14-000064,KLAC,2014-11-06T22:04:39+00:00,other,2014
0001193125-14-403319,PXD,2014-11-07T21:06:59+00:00,agreement,2014
0001193125-14-403609,ORCL,2014-11-07T22:01:54+00:00,other,2014
0000040545-14-000052,GE,2014-11-10T22:04:32+00:00,management,2014
0001193125-14-412345,SNI,2014-11-14T15:24:35+00:00,other,2014
0001491675-14-000051,CCE,2014-11-14T21:10:28+00:00,other,2014
0000927628-14-000024,COF,2014-11-14T21:22:09+00:00,other,2014
0001299933-14-001766,GPC,2014-11-17T17:48:14+00:00,management,2014
0001193125-14-415319,AIG,2014-11-17T22:15:35+00:00,management,2014
0000024545-14-000025,TAP,2014-11-18T00:01:48+00:00,management,2014
0001555280-14-000350,ZTS,2014-11-18T12:01:59+00:00,other,2014
0001193125-14-415987,ZBH,2014-11-18T12:46:59+00:00,other,2014
0001555280-14-000356,ZTS,2014-11-18T18:35:42+00:00,earnings,2014
0001193125-14-417002,PETM,2014-11-18T22:20:59+00:00,earnings,2014
0001193125-14-419118,PRGO,2014-11-20T11:18:00+00:00,agreement,2014
0001104659-14-082222,HSP,2014-11-20T13:30:27+00:00,other,2014
0000769397-14-000057,ADSK,2014-11-20T21:01:31+00:00,earnings,2014
0000039911-14-000164,GPS,2014-11-20T21:29:02+00:00,earnings,2014
0000050863-14-000078,INTC,2014-11-20T23:57:22+00:00,other,2014
0001193125-14-421049,COV,2014-11-21T15:04:53+00:00,other,2014
0000072333-14-000156,JWN,2014-11-21T21:55:48+00:00,other,2014
0001104659-14-082837,STX,2014-11-24T12:54:53+00:00,other,2014
0001193125-14-423516,ATI,2014-11-24T22:05:00+00:00,other,2014
0001104659-14-083138,HRL,2014-11-25T13:21:55+00:00,earnings,2014
0000075829-14-000028,PLL,2014-11-25T21:38:06+00:00,earnings,2014
0001075531-14-000068,BKNG,2014-11-26T21:20:56+00:00,other,2014
0001193125-14-429738,URI,2014-12-02T00:15:34+00:00,management,2014
0001193125-14-430175,CHRW,2014-12-02T13:17:30+00:00,agreement,2014
0001104659-14-084330,HP,2014-12-02T16:54:56+00:00,other,2014
0001193125-14-432311,WFC,2014-12-03T21:44:59+00:00,other,2014
0000764478-14-000062,BBY,2014-12-04T11:37:13+00:00,other,2014
0001111711-14-000065,NI,2014-12-04T20:32:39+00:00,management,2014
0001193125-14-434764,RAI,2014-12-05T20:26:59+00:00,management,2014
0000723125-14-000215,MU,2014-12-08T20:11:47+00:00,agreement,2014
0000750556-14-000188,STI,2014-12-09T11:59:58+00:00,other,2014
0000914208-14-000423,IVZ,2014-12-10T13:16:21+00:00,other,2014
0001019687-14-004645,DAL,2014-12-10T14:05:52+00:00,other,2014
0000100493-14-000250,TSN,2014-12-10T15:26:01+00:00,management,2014
0001104659-14-086049,HP,2014-12-11T11:06:03+00:00,other,2014
0001104659-14-086061,OI,2014-12-11T12:12:17+00:00,other,2014
0000884887-14-000110,RCL,2014-12-12T21:36:03+00:00,other,2014
0001413329-14-000052,PM,2014-12-15T16:17:15+00:00,other,2014
0000012927-14-000065,BA,2014-12-15T21:59:28+00:00,other,2014
0001104659-14-087241,ALL,2014-12-17T14:18:32+00:00,management,2014
0001193125-14-444819,WHR,2014-12-17T16:01:10+00:00,other,2014
0001193125-14-446978,UNM,2014-12-18T21:30:53+00:00,other,2014
0001243786-14-000036,MOS,2014-12-18T22:23:30+00:00,management,2014
0000815556-14-000075,FAST,2014-12-19T14:31:28+00:00,agreement,2014
0001104659-14-088083,DOC,2014-12-22T13:30:27+00:00,other,2014
0001065280-14-000030,NFLX,2014-12-22T21:13:46+00:00,management,2014
0001104659-15-000846,HP,2015-01-07T11:01:29+00:00,other,2015
0000950157-15-000036,COR,2015-01-12T12:51:55+00:00,agreement,2015
0001193125-15-008100,AGN,2015-01-12T21:18:00+00:00,other,2015
0001193125-15-012000,MDT,2015-01-15T22:14:52+00:00,management,2015
0001193125-15-014965,CME,2015-01-20T21:42:29+00:00,other,2015
0001193125-15-015517,PEG,2015-01-21T13:00:53+00:00,other,2015
0001193125-15-017501,PRU,2015-01-22T21:08:59+00:00,other,2015
0001193125-15-017576,DVA,2015-01-22T21:41:06+00:00,other,2015
0000093751-15-000002,STT,2015-01-23T12:39:07+00:00,earnings,2015
0001193125-15-018282,EXPE,2015-01-23T14:27:59+00:00,other,2015
0000715957-15-000002,D,2015-01-23T21:04:23+00:00,management,2015
0000076334-15-000005,PH,2015-01-27T14:36:52+00:00,earnings,2015
0000712515-15-000006,EA,2015-01-27T21:04:50+00:00,earnings,2015
0000040533-15-000004,GD,2015-01-28T13:59:39+00:00,earnings,2015
0001299933-15-000129,AME,2015-01-28T16:55:14+00:00,earnings,2015
0000093556-15-000002,SWK,2015-01-29T12:20:36+00:00,earnings,2015
0000038777-15-000009,BEN,2015-01-30T13:33:32+00:00,earnings,2015
0001193125-15-027880,WBA,2015-01-30T21:53:53+00:00,management,2015
0000350698-15-000034,AN,2015-02-03T12:10:42+00:00,earnings,2015
0001551182-15-000003,ETN,2015-02-03T12:52:32+00:00,earnings,2015
0001193125-15-030408,NOV,2015-02-03T12:54:52+00:00,earnings,2015
0000906107-15-000003,EQR,2015-02-03T21:56:10+00:00,earnings,2015
0001193125-15-032296,JEF,2015-02-04T11:01:53+00:00,management,2015
0000026172-15-000004,CMI,2015-02-05T13:03:50+00:00,earnings,2015
0001521332-15-000011,APTV,2015-02-05T15:15:49+00:00,earnings,2015
0001467858-15-000038,GM,2015-02-05T21:58:06+00:00,management,2015
0001451505-15-000010,RIG,2015-02-06T21:24:13+00:00,other,2015
0000717423-15-000008,MUR,2015-02-06T21:55:24+00:00,management,2015
0001193125-15-040171,ZION,2015-02-10T11:07:59+00:00,earnings,2015
0000927628-15-000016,COF,2015-02-11T16:53:03+00:00,other,2015
0000040545-15-000012,GE,2015-02-11T19:06:22+00:00,other,2015
0001045810-15-000013,NVDA,2015-02-11T21:22:40+00:00,earnings,2015
0000090185-15-000026,SIAL,2015-02-12T14:09:08+00:00,earnings,2015
0001193125-15-047009,RF,2015-02-12T22:05:00+00:00,other,2015
0001258897-15-001300,SPGI,2015-02-17T19:42:43+00:00,management,2015
0001104659-15-011261,FOSL,2015-02-17T21:10:56+00:00,earnings,2015
0001014473-15-000015,VRSN,2015-02-17T21:15:34+00:00,management,2015
0001193125-15-051424,VZ,2015-02-18T11:05:05+00:00,management,2015
0000899689-15-000008,VNO,2015-02-18T13:48:15+00:00,earnings,2015
0001552781-15-000256,KO,2015-02-18T21:19:14+00:00,management,2015
0000101778-15-000004,MRO,2015-02-18T22:08:15+00:00,earnings,2015
0000821189-15-000009,EOG,2015-02-18T22:23:32+00:00,earnings,2015
0001564590-15-000756,HST,2015-02-19T13:21:57+00:00,earnings,2015
0000743988-15-000015,XLNX,2015-02-19T21:34:20+00:00,management,2015
0001157523-15-000640,NEM,2015-02-20T11:01:07+00:00,earnings,2015
0001104659-15-012832,GMCR,2015-02-23T13:00:28+00:00,agreement,2015
0001274494-15-000004,FSLR,2015-02-24T21:12:22+00:00,earnings,2015
0001144204-15-011798,VMC,2015-02-25T14:00:33+00:00,other,2015
0001075531-15-000010,BKNG,2015-02-25T14:11:00+00:00,management,2015
0000950103-15-001485,MS,2015-02-25T22:27:20+00:00,earnings,2015
0001193125-15-064959,VZ,2015-02-26T18:04:36+00:00,other,2015
0001593034-15-000003,ENDP,2015-03-02T13:27:09+00:00,earnings,2015
0000023082-15-000009,CSC,2015-03-02T22:11:45+00:00,management,2015
0000764478-15-000009,BBY,2015-03-03T12:02:37+00:00,earnings,2015
0001019687-15-000768,DAL,2015-03-03T13:45:35+00:00,other,2015
0001193125-15-075113,XRX,2015-03-03T21:21:00+00:00,other,2015
0000920148-15-000026,LH,2015-03-04T14:02:53+00:00,other,2015
0000014693-15-000002,BF-B,2015-03-04T14:08:38+00:00,earnings,2015
0000732717-15-000019,T,2015-03-04T15:02:42+00:00,other,2015
0000750556-15-000069,STI,2015-03-06T13:30:11+00:00,other,2015
0000072903-15-000019,XEL,2015-03-09T12:52:55+00:00,other,2015
0001104659-15-018176,COR,2015-03-09T20:30:04+00:00,management,2015
0001101215-15-000069,ADS,2015-03-10T11:32:11+00:00,other,2015
0001193125-15-085534,FDX,2015-03-10T21:19:33+00:00,other,2015
0001193125-15-089414,NE,2015-03-12T21:02:59+00:00,agreement,2015
0000899866-15-000080,ALXN,2015-03-16T20:02:39+00:00,agreement,2015
0001031296-15-000013,FE,2015-03-18T20:29:42+00:00,management,2015
0001104659-15-020967,HP,2015-03-19T14:58:49+00:00,agreement,2015
0001193125-15-098544,WFC,2015-03-19T20:12:37+00:00,other,2015
0001193125-15-100293,JPM,2015-03-20T20:53:33+00:00,other,2015
0001299933-15-000426,PEP,2015-03-23T11:03:00+00:00,management,2015
0001299933-15-000436,CME,2015-03-24T21:15:21+00:00,agreement,2015
0000072207-15-000016,NBL,2015-03-25T20:36:13+00:00,other,2015
0001299933-15-000453,GIS,2015-03-26T21:06:16+00:00,management,2015
0001243786-15-000055,MOS,2015-03-31T11:08:47+00:00,other,2015
0000200406-15-000009,JNJ,2015-04-03T13:27:21+00:00,other,2015
0001104659-15-025780,WYN,2015-04-03T20:19:40+00:00,agreement,2015
0001193125-15-122779,TE,2015-04-08T20:15:00+00:00,other,2015
0001193125-15-122885,MNK,2015-04-08T20:36:38+00:00,other,2015
0000764622-15-000024,PNW,2015-04-13T21:11:39+00:00,other,2015
0000815556-15-000029,FAST,2015-04-14T11:24:05+00:00,earnings,2015
0001193125-15-130184,PNC,2015-04-15T10:42:36+00:00,earnings,2015
0001104659-15-027994,EQT,2015-04-16T20:00:40+00:00,other,2015
0000892712-15-000480,KSS,2015-04-17T21:20:50+00:00,management,2015
0001193125-15-137907,TE,2015-04-20T18:24:00+00:00,agreement,2015
0000063754-15-000032,MKC,2015-04-20T20:50:14+00:00,other,2015
0001058090-15-000010,CMG,2015-04-21T20:22:09+00:00,earnings,2015
0000059478-15-000124,LLY,2015-04-23T10:42:55+00:00,earnings,2015
0000007332-15-000014,SWN,2015-04-23T20:31:05+00:00,earnings,2015
0000950142-15-000864,TWC,2015-04-24T20:30:04+00:00,agreement,2015
0001130713-15-000015,BBBY,2015-04-27T20:03:39+00:00,earnings,2015
0000023082-15-000011,CSC,2015-04-27T20:47:05+00:00,agreement,2015
0001193125-15-149871,CNP,2015-04-27T21:26:52+00:00,other,2015
0000026172-15-000011,CMI,2015-04-28T11:50:31+00:00,earnings,2015
0000915912-15-000009,AVB,2015-04-28T12:54:54+00:00,earnings,2015
0000020286-15-000020,CINF,2015-04-28T20:05:54+00:00,earnings,2015
0001193125-15-153140,VFC,2015-04-28T20:54:52+00:00,management,2015
0000092122-15-000026,SO,2015-04-29T12:43:28+00:00,earnings,2015
0001193125-15-156996,NE,2015-04-29T21:12:09+00:00,earnings,2015
0001193125-15-158696,CCI,2015-04-30T10:54:00+00:00,agreement,2015
0001193125-15-158907,ZBH,2015-04-30T11:36:08+00:00,earnings,2015
0000006281-15-000013,ADI,2015-04-30T20:10:06+00:00,management,2015
0001104659-15-032822,BALL,2015-05-01T10:01:20+00:00,other,2015
0000704051-15-000027,LM,2015-05-01T11:03:37+00:00,earnings,2015
0000064803-15-000021,CVS,2015-05-01T11:03:52+00:00,earnings,2015
0001104659-15-033012,IBM,2015-05-01T16:28:34+00:00,other,2015
0001193125-15-166087,TDC,2015-05-01T19:39:52+00:00,other,2015
0000028412-15-000074,CMA,2015-05-04T20:12:45+00:00,other,2015
0000773910-15-000024,APC,2015-05-04T20:33:11+00:00,earnings,2015
0001193125-15-169318,PWR,2015-05-04T21:24:00+00:00,agreement,2015
0001506307-15-000022,KMI,2015-05-04T21:35:43+00:00,other,2015
0001193125-15-169371,AMT,2015-05-04T21:45:30+00:00,other,2015
0001193125-15-170076,LHX,2015-05-05T10:43:35+00:00,earnings,2015
0000072207-15-000028,NBL,2015-05-05T12:41:48+00:00,earnings,2015
0001193125-15-170624,BMY,2015-05-05T13:33:04+00:00,other,2015
0001038357-15-000033,PXD,2015-05-05T20:41:17+00:00,earnings,2015
0001193125-15-173382,TXN,2015-05-06T12:36:00+00:00,other,2015
0001193125-15-174581,IFF,2015-05-06T20:23:33+00:00,other,2015
0000090185-15-000069,SIAL,2015-05-07T13:05:46+00:00,earnings,2015
0001104659-15-035283,IRM,2015-05-07T13:56:42+00:00,other,2015
0001193125-15-177139,GD,2015-05-07T20:17:33+00:00,other,2015
0000884887-15-000049,RCL,2015-05-07T20:19:16+00:00,other,2015
0001193125-15-179568,THC,2015-05-08T20:09:53+00:00,other,2015
0001193125-15-182210,HCA,2015-05-11T21:09:54+00:00,agreement,2015
0001090727-15-000025,UPS,2015-05-11T21:16:59+00:00,other,2015
0000065984-15-000147,ETR,2015-05-12T20:56:50+00:00,management,2015
0001193125-15-184145,NI,2015-05-12T20:59:00+00:00,other,2015
0000875159-15-000044,XL,2015-05-12T21:12:29+00:00,other,2015
0000078003-15-000027,PFE,2015-05-14T13:24:09+00:00,management,2015
0001193125-15-188173,MCK,2015-05-14T20:53:44+00:00,other,2015
0001613103-15-000022,MDT,2015-05-19T12:34:14+00:00,earnings,2015
0000702165-15-000051,NSC,2015-05-19T15:21:20+00:00,other,2015
0001108524-15-000011,CRM,2015-05-20T20:25:04+00:00,earnings,2015
0000861878-15-000020,SRCL,2015-05-21T20:05:33+00:00,other,2015
0001628280-15-004475,RHI,2015-05-22T20:40:23+00:00,other,2015
0001075531-15-000041,BKNG,2015-05-26T12:55:55+00:00,other,2015
0001039684-15-000040,OKE,2015-05-26T20:44:12+00:00,other,2015
0001193125-15-200997,CPRI,2015-05-27T11:36:33+00:00,earnings,2015
0000916863-15-000015,TEG,2015-05-28T20:38:45+00:00,management,2015
0001193125-15-205215,EQIX,2015-05-29T11:16:53+00:00,agreement,2015
0001193125-15-210724,SNI,2015-06-02T20:59:00+00:00,agreement,2015
0001193125-15-210726,WFC,2015-06-02T20:59:33+00:00,other,2015
0001193125-15-210831,ENDP,2015-06-02T21:28:06+00:00,other,2015
0001193125-15-211303,EXPE,2015-06-03T12:35:07+00:00,agreement,2015
0001193125-15-211971,AAL,2015-06-03T20:14:52+00:00,other,2015
0000039911-15-000128,GPS,2015-06-04T20:08:28+00:00,other,2015
0000063908-15-000052,MCD,2015-06-08T19:23:49+00:00,other,2015
0001545158-15-000112,KRFT,2015-06-09T12:55:27+00:00,other,2015
0000200406-15-000028,JNJ,2015-06-09T21:10:18+00:00,management,2015
0000875159-15-000056,XL,2015-06-10T13:07:48+00:00,other,2015
0001047469-15-005436,BALL,2015-06-15T10:13:37+00:00,other,2015
0001022079-15-000099,DGX,2015-06-15T20:32:09+00:00,management,2015
0001104659-15-045662,CMS,2015-06-16T18:42:55+00:00,agreement,2015
0000753308-15-000195,NEE,2015-06-16T20:25:34+00:00,other,2015
0001193125-15-225652,VLO,2015-06-17T18:00:32+00:00,other,2015
0001299933-15-000974,CAG,2015-06-18T21:18:06+00:00,other,2015
0000935703-15-000064,DLTR,2015-06-19T20:02:37+00:00,other,2015
0001193125-15-228883,TRIP,2015-06-19T20:06:34+00:00,other,2015
0001104659-15-046439,AVY,2015-06-19T20:15:08+00:00,management,2015
0000884887-15-000058,RCL,2015-06-19T20:33:24+00:00,agreement,2015
0000903423-15-000399,MMM,2015-06-24T15:10:03+00:00,other,2015
0001451505-15-000106,RIG,2015-06-26T14:16:00+00:00,other,2015
0001157523-15-002199,TPR,2015-06-26T20:30:22+00:00,management,2015
0000009389-15-000012,BALL,2015-06-26T20:47:49+00:00,other,2015
0001193125-15-237276,ZBH,2015-06-26T20:54:00+00:00,management,2015
0000766704-15-000023,WELL,2015-06-29T20:00:22+00:00,management,2015
0000731766-15-000028,UNH,2015-07-01T20:05:01+00:00,agreement,2015
0000019617-15-000358,JPM,2015-07-01T20:41:28+00:00,other,2015
0001274494-15-000025,FSLR,2015-07-01T21:23:25+00:00,management,2015
0001193125-15-244355,KRFT,2015-07-02T20:36:05+00:00,management,2015
0001193125-15-245318,TGNA,2015-07-06T17:37:30+00:00,agreement,2015
0000940944-15-000032,DRI,2015-07-06T18:02:56+00:00,other,2015
0001193125-15-246897,HUM,2015-07-07T21:23:34+00:00,agreement,2015
0001104659-15-050755,STX,2015-07-13T12:18:21+00:00,earnings,2015
0001014473-15-000064,VRSN,2015-07-13T20:46:03+00:00,other,2015
0001193125-15-251437,NAVI,2015-07-13T22:27:59+00:00,earnings,2015
0000314808-15-000180,ESV,2015-07-16T20:37:09+00:00,other,2015
0000079879-15-000039,PPG,2015-07-20T17:05:22+00:00,management,2015
0001144204-15-043362,VAR,2015-07-21T12:48:03+00:00,agreement,2015
0001104659-15-052337,STJ,2015-07-22T13:35:59+00:00,agreement,2015
0001299933-15-001133,USB,2015-07-22T20:22:04+00:00,management,2015
0001157523-15-002445,NEM,2015-07-22T20:44:09+00:00,earnings,2015
0000920148-15-000088,LH,2015-07-23T12:33:14+00:00,other,2015
0001564590-15-005614,TRIP,2015-07-23T20:00:36+00:00,earnings,2015
0001193125-15-261375,IFF,2015-07-23T21:33:59+00:00,other,2015
0001193125-15-262060,PEG,2015-07-24T12:45:35+00:00,management,2015
0001193125-15-262143,AAL,2015-07-24T14:08:53+00:00,other,2015
0000109380-15-000215,ZION,2015-07-27T21:54:25+00:00,other,2015
0000052988-15-000117,J,2015-07-28T14:57:23+00:00,earnings,2015
0000882184-15-000062,DHI,2015-07-28T17:12:25+00:00,earnings,2015
0001193125-15-266051,AIZ,2015-07-28T20:18:05+00:00,earnings,2015
0001193125-15-266296,CHRW,2015-07-28T21:21:01+00:00,earnings,2015
0000092122-15-000063,SO,2015-07-29T12:41:49+00:00,earnings,2015
0001193125-15-268301,FISV,2015-07-29T20:19:59+00:00,earnings,2015
0000704051-15-000057,LM,2015-07-29T20:35:27+00:00,other,2015
0000314808-15-000182,ESV,2015-07-29T21:38:57+00:00,earnings,2015
0001193125-15-269412,MDLZ,2015-07-30T12:09:34+00:00,earnings,2015
0001193125-15-270752,WM,2015-07-30T20:02:06+00:00,other,2015
0001104659-15-055087,VTR,2015-07-31T14:18:24+00:00,agreement,2015
0000731766-15-000039,UNH,2015-07-31T20:03:14+00:00,other,2015
0000702165-15-000082,NSC,2015-08-03T19:37:56+00:00,other,2015
0001104659-15-055789,MMM,2015-08-04T18:48:02+00:00,other,2015
0001193125-15-276600,URI,2015-08-04T20:19:53+00:00,other,2015
0000950142-15-001848,CPRI,2015-08-05T21:01:33+00:00,management,2015
0001031296-15-000044,FE,2015-08-07T20:06:08+00:00,management,2015
0001031296-15-000047,FE,2015-08-11T13:22:30+00:00,other,2015
0001104659-15-058907,DE,2015-08-12T13:00:26+00:00,other,2015
0001104659-15-059137,CF,2015-08-12T20:55:20+00:00,agreement,2015
0001193125-15-289204,SPGI,2015-08-13T13:06:05+00:00,other,2015
0000063908-15-000069,MCD,2015-08-13T15:08:42+00:00,management,2015
0000899866-15-000159,ALXN,2015-08-13T20:17:47+00:00,other,2015
0001193125-15-290169,SJM,2015-08-13T21:04:00+00:00,other,2015
0001326160-15-000153,DUK,2015-08-14T12:05:36+00:00,earnings,2015
0000072741-15-000046,ES,2015-08-17T19:58:23+00:00,other,2015
0000712515-15-000055,EA,2015-08-17T20:01:37+00:00,other,2015
0001140361-15-032543,ESS,2015-08-17T22:53:43+00:00,management,2015
0000072741-15-000048,ES,2015-08-18T14:07:38+00:00,other,2015
0000861878-15-000035,SRCL,2015-08-19T21:17:45+00:00,agreement,2015
0000895126-15-000218,CHK,2015-08-21T11:03:21+00:00,other,2015
0001193125-15-299169,WFC,2015-08-21T21:26:02+00:00,other,2015
0001140361-15-033256,CAM,2015-08-24T21:13:40+00:00,management,2015
0001193125-15-301828,HSY,2015-08-25T21:26:33+00:00,other,2015
0000831259-15-000045,FCX,2015-08-27T20:26:43+00:00,other,2015
0001193125-15-304989,MSI,2015-08-27T20:32:52+00:00,other,2015
0000101778-15-000028,MRO,2015-08-28T15:24:50+00:00,other,2015
0001104659-15-062485,SPLS,2015-08-28T21:08:24+00:00,other,2015
0000028412-15-000112,CMA,2015-08-31T20:05:45+00:00,management,2015
0001193125-15-308751,FTR,2015-09-01T12:00:59+00:00,other,2015
0001135971-15-000023,POM,2015-09-01T16:31:49+00:00,other,2015
0000950142-15-002020,CPRI,2015-09-01T20:56:18+00:00,management,2015
0000922224-15-000076,PPL,2015-09-03T20:08:41+00:00,other,2015
0001193125-15-313132,HPQ,2015-09-04T20:51:05+00:00,other,2015
0001193125-15-314572,SE,2015-09-08T20:59:00+00:00,other,2015
0001491675-15-000033,CCE,2015-09-08T21:00:37+00:00,other,2015
0000354950-15-000037,HD,2015-09-09T20:31:33+00:00,other,2015
0001193125-15-315938,UAL,2015-09-09T20:34:04+00:00,other,2015
0000920148-15-000108,LH,2015-09-10T12:46:51+00:00,other,2015
0000037996-15-000055,F,2015-09-11T16:42:33+00:00,agreement,2015
0000731766-15-000044,UNH,2015-09-11T20:02:49+00:00,other,2015
0001108524-15-000029,CRM,2015-09-15T20:46:41+00:00,other,2015
0000060667-15-000140,LOW,2015-09-16T19:16:24+00:00,agreement,2015
0001193125-15-321588,FTR,2015-09-16T22:00:05+00:00,other,2015
0000018230-15-000298,CAT,2015-09-21T13:25:14+00:00,other,2015
0000065984-15-000261,ETR,2015-09-21T20:47:02+00:00,management,2015
0001193125-15-324989,GS,2015-09-22T12:07:59+00:00,other,2015
0001193125-15-325538,MET,2015-09-22T20:25:29+00:00,other,2015
0001299933-15-001392,GLW,2015-09-23T15:44:42+00:00,other,2015
0001193125-15-329881,ENDP,2015-09-28T12:22:34+00:00,agreement,2015
0001135971-15-000029,POM,2015-09-28T21:25:13+00:00,other,2015
0001193125-15-332633,AA,2015-09-29T20:37:53+00:00,other,2015
0001234452-15-000249,QCOM,2015-09-30T20:18:10+00:00,management,2015
0000092122-15-000087,SO,2015-09-30T22:40:07+00:00,agreement,2015
0001193125-15-335216,EXC,2015-10-01T19:20:00+00:00,other,2015
0001104659-15-069104,BSX,2015-10-05T20:05:22+00:00,management,2015
0000077476-15-000046,PEP,2015-10-06T10:38:02+00:00,earnings,2015
0001193125-15-338817,ALTR,2015-10-07T10:06:05+00:00,other,2015
0001193125-15-338908,FTR,2015-10-07T12:24:05+00:00,other,2015
0001193125-15-338934,TJX,2015-10-07T13:04:34+00:00,management,2015
0000092380-15-000122,LUV,2015-10-08T13:29:54+00:00,earnings,2015
0001193125-15-340377,J,2015-10-08T20:49:36+00:00,management,2015
0001193125-15-340850,AAL,2015-10-09T12:01:30+00:00,other,2015
0000104169-15-000046,WMT,2015-10-09T13:15:08+00:00,management,2015
0001193125-15-342007,HUM,2015-10-13T11:01:34+00:00,other,2015
0000815556-15-000061,FAST,2015-10-13T11:14:17+00:00,earnings,2015
0000914208-15-000422,IVZ,2015-10-13T12:21:41+00:00,other,2015
0000080424-15-000086,PG,2015-10-13T13:43:04+00:00,other,2015
0001193125-15-343490,HST,2015-10-14T16:33:58+00:00,agreement,2015
0001193125-15-343757,OXY,2015-10-14T20:16:05+00:00,other,2015
0001104659-15-070778,C,2015-10-15T12:15:20+00:00,earnings,2015
0001174922-15-000084,WYNN,2015-10-15T20:12:28+00:00,earnings,2015
0000750556-15-000159,STI,2015-10-16T10:03:35+00:00,earnings,2015
0001193125-15-345189,RHT,2015-10-16T11:05:35+00:00,other,2015
0001193125-15-345232,WBA,2015-10-16T11:31:35+00:00,other,2015
0000040545-15-000101,GE,2015-10-16T11:59:49+00:00,earnings,2015
0001299933-15-001494,SWK,2015-10-16T20:32:46+00:00,management,2015
0000109380-15-000261,ZION,2015-10-19T20:19:27+00:00,earnings,2015
0001193125-15-347128,ETN,2015-10-19T21:10:34+00:00,earnings,2015
0001193125-15-348268,NAVI,2015-10-20T20:26:11+00:00,earnings,2015
0001104659-15-071780,SNDK,2015-10-21T12:09:01+00:00,earnings,2015
0001467858-15-000216,GM,2015-10-21T12:51:41+00:00,earnings,2015
0001104659-15-071823,APH,2015-10-21T15:12:44+00:00,earnings,2015
0001193125-15-349399,V,2015-10-21T20:10:59+00:00,other,2015
0001193125-15-350688,J,2015-10-22T20:02:05+00:00,management,2015
0000875159-15-000078,XL,2015-10-26T20:08:56+00:00,earnings,2015
0001157523-15-003443,TPR,2015-10-27T10:45:25+00:00,earnings,2015
0001047469-15-008063,SPG,2015-10-27T11:06:20+00:00,earnings,2015
0001466258-15-000265,TT,2015-10-27T12:38:21+00:00,earnings,2015
0001193125-15-354756,AAPL,2015-10-27T20:30:36+00:00,earnings,2015
0001104659-15-073134,CBRE,2015-10-27T20:51:00+00:00,earnings,2015
0001104659-15-073242,TEL,2015-10-28T10:18:11+00:00,earnings,2015
0000051434-15-000033,IP,2015-10-28T11:23:53+00:00,earnings,2015
0000818479-15-000041,XRAY,2015-10-28T19:32:52+00:00,other,2015
0001193125-15-357002,BAX,2015-10-29T11:00:33+00:00,management,2015
0000764180-15-000093,MO,2015-10-29T11:05:00+00:00,earnings,2015
0001193125-15-357023,TWC,2015-10-29T11:09:37+00:00,earnings,2015
0001571049-15-008527,POM,2015-10-29T13:38:21+00:00,agreement,2015
0000053669-15-000032,JCI,2015-10-29T14:33:27+00:00,earnings,2015
0000915389-15-000067,EMN,2015-10-29T21:05:13+00:00,earnings,2015
0000034088-15-000041,XOM,2015-10-30T12:06:39+00:00,earnings,2015
0001137411-15-000115,COL,2015-10-30T12:22:15+00:00,earnings,2015
0000065984-15-000306,ETR,2015-11-02T12:55:44+00:00,earnings,2015
0000790070-15-000167,EMC,2015-11-02T21:15:44+00:00,management,2015
0001193125-15-363226,MSFT,2015-11-03T11:12:07+00:00,other,2015
0001193125-15-363259,LHX,2015-11-03T11:51:04+00:00,earnings,2015
0000090185-15-000123,SIAL,2015-11-03T14:14:45+00:00,earnings,2015
0001564590-15-009129,MLM,2015-11-03T16:59:48+00:00,earnings,2015
0001104659-15-075839,CF,2015-11-04T23:12:45+00:00,earnings,2015
0001193125-15-367374,PCG,2015-11-05T13:51:06+00:00,other,2015
0001104659-15-076256,MMM,2015-11-05T21:19:46+00:00,other,2015
0001193125-15-368376,HPE,2015-11-05T21:31:43+00:00,management,2015
0000927628-15-000111,COF,2015-11-05T22:38:55+00:00,other,2015
0000898822-15-000258,RTX,2015-11-06T13:59:36+00:00,other,2015
0001140361-15-039960,PCG,2015-11-06T18:17:22+00:00,management,2015
0000712515-15-000062,EA,2015-11-06T21:02:47+00:00,other,2015
0000704051-15-000088,LM,2015-11-09T19:49:34+00:00,other,2015
0001130713-15-000047,BBBY,2015-11-09T21:09:06+00:00,earnings,2015
0001157523-15-003806,IFF,2015-11-09T21:44:02+00:00,earnings,2015
0001193125-15-372673,GEN,2015-11-10T11:09:30+00:00,agreement,2015
0001104659-15-078333,SPLS,2015-11-12T21:35:32+00:00,other,2015
0001193125-15-376795,MCO,2015-11-13T18:17:06+00:00,other,2015
0000815556-15-000071,FAST,2015-11-13T22:06:37+00:00,management,2015
0001193125-15-377593,MAR,2015-11-16T11:21:35+00:00,agreement,2015
0001193125-15-378491,FITB,2015-11-16T21:39:34+00:00,other,2015
0000750556-15-000175,STI,2015-11-16T22:47:08+00:00,other,2015
0000104169-15-000051,WMT,2015-11-17T12:00:28+00:00,earnings,2015
0001193125-15-379738,SWN,2015-11-17T21:31:37+00:00,agreement,2015
0000732717-15-000126,T,2015-11-17T22:59:37+00:00,other,2015
0001104659-15-080267,AVB,2015-11-19T22:00:04+00:00,other,2015
0001193125-15-386493,AEE,2015-11-24T17:03:30+00:00,other,2015
0001104659-15-081264,HRL,2015-11-25T13:02:11+00:00,other,2015
0000897069-15-000525,CMI,2015-11-25T15:47:14+00:00,other,2015
0000712515-15-000073,EA,2015-12-01T21:09:59+00:00,other,2015
0001019687-15-004388,DAL,2015-12-02T14:00:20+00:00,other,2015
0000950159-15-000364,CI,2015-12-03T21:32:11+00:00,other,2015
0001126328-15-000293,PFG,2015-12-04T17:25:37+00:00,management,2015
0000314808-15-000225,ESV,2015-12-07T21:48:16+00:00,management,2015
0000764622-15-000076,PNW,2015-12-08T21:54:44+00:00,other,2015
0001104659-15-083735,FLR,2015-12-09T15:39:07+00:00,other,2015
0001193125-15-399048,TMO,2015-12-09T22:26:06+00:00,agreement,2015
0001041061-15-000041,YUM,2015-12-10T13:10:05+00:00,other,2015
0000920148-15-000142,LH,2015-12-10T13:54:27+00:00,other,2015
0001104659-15-084407,KMI,2015-12-11T22:15:20+00:00,management,2015
0001193125-15-402576,CMS,2015-12-14T21:31:04+00:00,other,2015
0001299933-15-001794,GT,2015-12-15T13:49:53+00:00,other,2015
0001193125-15-405462,GIS,2015-12-17T12:54:31+00:00,earnings,2015
0000715957-15-000032,D,2015-12-17T21:43:39+00:00,other,2015
0001193125-15-407084,CCL,2015-12-18T14:26:07+00:00,earnings,2015
0001193125-15-409174,LEN,2015-12-21T21:31:36+00:00,other,2015
0001193125-15-410789,SWK,2015-12-22T21:16:34+00:00,agreement,2015
0001193125-15-413023,WMB,2015-12-23T22:27:36+00:00,agreement,2015
0001058290-15-000036,CTSH,2015-12-23T23:23:13+00:00,other,2015
0001193125-15-413444,WFC,2015-12-24T15:31:05+00:00,other,2015
0001193125-15-413719,FCX,2015-12-28T13:04:30+00:00,management,2015
0001193125-15-418531,WFC,2015-12-31T20:35:05+00:00,other,2015
0001157523-16-004139,TPR,2016-01-04T21:30:42+00:00,management,2016
0001467858-16-000223,GM,2016-01-04T22:07:27+00:00,other,2016
0000059478-16-000232,LLY,2016-01-05T11:46:54+00:00,other,2016
0001104659-16-088021,DE,2016-01-05T20:22:57+00:00,management,2016
0000950142-16-002756,TWC,2016-01-05T21:25:44+00:00,other,2016
0000350698-16-000254,AN,2016-01-06T11:53:28+00:00,other,2016
0001193125-16-423486,PNC,2016-01-07T21:05:33+00:00,management,2016
0000039911-16-000223,GPS,2016-01-07T21:22:38+00:00,other,2016
0001039684-16-000094,OKE,2016-01-12T21:32:45+00:00,agreement,2016
0001157523-16-004214,ADI,2016-01-14T21:45:48+00:00,other,2016
0001193125-16-430507,ESRX,2016-01-15T13:30:35+00:00,management,2016
0000930413-16-004954,CL,2016-01-15T21:58:19+00:00,other,2016
0001193125-16-431732,EQIX,2016-01-19T13:30:36+00:00,other,2016
0001193125-16-431766,OXY,2016-01-19T14:25:06+00:00,other,2016
0000316709-16-000063,SCHW,2016-01-19T21:34:34+00:00,earnings,2016
0001564708-16-000094,NWS,2016-01-20T12:09:12+00:00,other,2016
0001585364-16-000233,PRGO,2016-01-20T14:24:10+00:00,other,2016
0001299933-16-001947,CAG,2016-01-20T21:33:17+00:00,agreement,2016
0000100885-16-000237,UNP,2016-01-21T13:06:31+00:00,earnings,2016
0000040545-16-000132,GE,2016-01-22T13:09:29+00:00,earnings,2016
0001174922-16-000130,WYNN,2016-01-27T00:43:46+00:00,other,2016
0001193125-16-439161,CMS,2016-01-27T13:50:55+00:00,earnings,2016
0001101215-16-000260,ADS,2016-01-28T13:32:31+00:00,other,2016
0001104659-16-091895,HRL,2016-01-28T14:04:34+00:00,other,2016
0000053669-16-000044,JCI,2016-01-28T15:31:43+00:00,earnings,2016
0001104659-16-092177,TEL,2016-01-28T22:16:06+00:00,agreement,2016
0001157523-16-004358,CL,2016-01-29T13:00:19+00:00,earnings,2016
0001193125-16-444082,WFC,2016-01-29T21:08:10+00:00,other,2016
0001193125-16-445174,WBA,2016-02-01T12:07:04+00:00,management,2016
0000078239-16-000056,PVH,2016-02-01T21:24:48+00:00,earnings,2016
0000081018-16-000016,XEL,2016-02-01T22:01:06+00:00,other,2016
0001567892-16-000055,MNK,2016-02-02T12:17:55+00:00,earnings,2016
0001546640-16-000037,ADT,2016-02-02T12:28:39+00:00,earnings,2016
0001629995-16-000020,CPGX,2016-02-02T17:39:57+00:00,other,2016
0000896878-16-000185,INTU,2016-02-02T21:03:04+00:00,agreement,2016
0001193125-16-447662,NTAP,2016-02-02T21:16:11+00:00,agreement,2016
0001110803-16-000170,ILMN,2016-02-02T21:34:53+00:00,earnings,2016
0001193125-16-447849,CHRW,2016-02-02T22:23:55+00:00,earnings,2016
0001104659-16-093392,CBRE,2016-02-03T12:45:48+00:00,earnings,2016
0001104659-16-093509,MMM,2016-02-03T19:11:14+00:00,other,2016
0001206774-16-004387,CLX,2016-02-04T11:45:25+00:00,earnings,2016
0001564708-16-000099,NWS,2016-02-04T12:08:58+00:00,other,2016
0001413329-16-000069,PM,2016-02-04T16:28:58+00:00,other,2016
0001019687-16-005064,DAL,2016-02-05T22:00:24+00:00,management,2016
0001104659-16-094818,MAS,2016-02-09T12:07:35+00:00,earnings,2016
0001086222-16-000201,AKAM,2016-02-09T21:08:09+00:00,earnings,2016
0001193125-16-457688,ZBH,2016-02-10T21:52:07+00:00,agreement,2016
0000037785-16-000079,FMC,2016-02-10T23:45:55+00:00,earnings,2016
0001564590-16-012619,TRIP,2016-02-11T11:02:18+00:00,earnings,2016
0000029905-16-000061,DOV,2016-02-11T21:30:40+00:00,other,2016
0001193125-16-462608,JPM,2016-02-12T21:45:46+00:00,other,2016
0001031296-16-000069,FE,2016-02-16T21:38:52+00:00,earnings,2016
0000028412-16-000182,CMA,2016-02-16T21:57:19+00:00,earnings,2016
0001104659-16-097770,CF,2016-02-17T22:23:38+00:00,earnings,2016
0001104659-16-097810,MAC,2016-02-17T23:20:57+00:00,other,2016
0000018230-16-000417,CAT,2016-02-18T14:05:20+00:00,other,2016
0001193125-16-470147,PCL,2016-02-19T22:14:06+00:00,management,2016
0000922224-16-000132,PPL,2016-02-19T22:18:47+00:00,earnings,2016
0001144204-16-083750,SJM,2016-02-23T12:15:18+00:00,earnings,2016
0001104659-16-099424,ECHO,2016-02-24T13:05:13+00:00,earnings,2016
0001108524-16-000047,CRM,2016-02-24T21:30:45+00:00,earnings,2016
0001104659-16-099744,BSX,2016-02-25T11:54:43+00:00,management,2016
0001628280-16-011673,ZION,2016-02-25T14:58:21+00:00,other,2016
0000896878-16-000195,INTU,2016-02-25T21:04:12+00:00,earnings,2016
0001506307-16-000076,KMI,2016-02-25T22:41:21+00:00,other,2016
0000107815-16-000242,WEC,2016-02-26T13:09:37+00:00,management,2016
0001193125-16-483447,JNPR,2016-02-29T11:08:37+00:00,agreement,2016
0000815556-16-000092,FAST,2016-02-29T22:12:04+00:00,other,2016
0000702165-16-000187,NSC,2016-03-01T21:22:03+00:00,other,2016
0000920148-16-000167,LH,2016-03-02T14:40:15+00:00,other,2016
0001099800-16-000046,EW,2016-03-02T22:22:59+00:00,other,2016
0001193125-16-490672,COST,2016-03-03T11:06:06+00:00,earnings,2016
0001104659-16-102254,HPE,2016-03-03T21:09:16+00:00,earnings,2016
0001193125-16-499190,FITB,2016-03-10T12:43:01+00:00,management,2016
0001157523-16-004916,CL,2016-03-14T20:45:18+00:00,management,2016
0001193125-16-503669,CBRE,2016-03-14T21:13:06+00:00,management,2016
0001101215-16-000316,ADS,2016-03-15T11:30:43+00:00,other,2016
0000891092-16-013237,OMC,2016-03-15T20:34:57+00:00,other,2016
0000753308-16-000348,NEE,2016-03-15T20:51:55+00:00,other,2016
0001104659-16-105862,UAL,2016-03-17T20:27:31+00:00,management,2016
0000076334-16-000120,PH,2016-03-21T13:53:26+00:00,management,2016
0001193125-16-512011,CRM,2016-03-21T20:45:06+00:00,other,2016
0000723254-16-000039,CTAS,2016-03-22T20:17:11+00:00,earnings,2016
0000078239-16-000060,PVH,2016-03-23T20:25:25+00:00,earnings,2016
0001193125-16-518810,FMC,2016-03-28T13:06:06+00:00,agreement,2016
0001193125-16-519788,BAX,2016-03-28T21:01:01+00:00,management,2016
0001104659-16-108062,REGN,2016-03-29T10:01:08+00:00,agreement,2016
0000875159-16-000122,XL,2016-03-30T20:44:12+00:00,other,2016
0000936340-16-000297,DTE,2016-04-04T20:17:35+00:00,other,2016
0001193125-16-531559,PFE,2016-04-06T13:07:01+00:00,agreement,2016
0000039911-16-000288,GPS,2016-04-07T20:25:27+00:00,other,2016
0001104659-16-110700,FDX,2016-04-11T12:33:06+00:00,other,2016
0001193125-16-537992,GOOG,2016-04-12T12:48:00+00:00,other,2016
0001104659-16-111037,ATVI,2016-04-12T20:34:06+00:00,management,2016
0000019617-16-000950,JPM,2016-04-13T10:40:38+00:00,earnings,2016
0001193125-16-539975,TMO,2016-04-13T20:06:36+00:00,agreement,2016
0001104659-16-111266,STX,2016-04-13T21:19:23+00:00,earnings,2016
0000004962-16-000141,AXP,2016-04-15T16:00:28+00:00,other,2016
0001193125-16-543025,WFC,2016-04-15T19:06:36+00:00,other,2016
0001299933-16-002298,GT,2016-04-15T20:27:47+00:00,other,2016
0000277135-16-000040,GWW,2016-04-18T11:40:28+00:00,earnings,2016
0001104659-16-112141,TGT,2016-04-18T20:51:02+00:00,other,2016
0000050863-16-000122,INTC,2016-04-19T20:09:01+00:00,earnings,2016
0001193125-16-546714,ESRX,2016-04-19T21:26:59+00:00,other,2016
0001193125-16-549108,KEY,2016-04-21T10:54:04+00:00,earnings,2016
0001193125-16-551441,AAL,2016-04-22T13:59:35+00:00,other,2016
0001193125-16-551459,SHW,2016-04-22T14:11:06+00:00,other,2016
0000764622-16-000096,PNW,2016-04-22T22:30:23+00:00,agreement,2016
0000882835-16-000037,ROP,2016-04-25T12:04:39+00:00,earnings,2016
0001437749-16-029938,JBHT,2016-04-25T20:34:57+00:00,other,2016
0001193125-16-554322,ED,2016-04-25T21:05:38+00:00,agreement,2016
0000354908-16-000111,FLIR,2016-04-25T21:06:03+00:00,management,2016
0000059478-16-000346,LLY,2016-04-26T10:25:28+00:00,other,2016
0001193125-16-555098,RAI,2016-04-26T11:26:07+00:00,earnings,2016
0001193125-16-555166,PCAR,2016-04-26T12:04:02+00:00,earnings,2016
0001031296-16-000078,FE,2016-04-26T20:40:28+00:00,earnings,2016
0000875320-16-000070,VRTX,2016-04-27T20:13:10+00:00,earnings,2016
0001104659-16-114711,HPQ,2016-04-27T20:44:54+00:00,other,2016
0000097745-16-000049,TMO,2016-04-28T11:31:02+00:00,earnings,2016
0001141391-16-000133,MA,2016-04-28T12:00:46+00:00,earnings,2016
0001157523-16-005294,COP,2016-04-28T12:01:26+00:00,earnings,2016
0001193125-16-563655,EXPE,2016-04-28T20:02:38+00:00,earnings,2016
0000882095-16-000043,GILD,2016-04-28T20:05:41+00:00,earnings,2016
0001604778-16-000151,QRVO,2016-04-28T20:10:14+00:00,management,2016
0001193125-16-563787,JNPR,2016-04-28T20:23:39+00:00,earnings,2016
0001126328-16-000455,PFG,2016-04-29T13:24:49+00:00,earnings,2016
0000936340-16-000314,DTE,2016-04-29T20:16:10+00:00,earnings,2016
0001193125-16-571365,BRK-B,2016-05-02T12:30:33+00:00,earnings,2016
0001104659-16-116669,DOC,2016-05-02T20:15:45+00:00,other,2016
0001193125-16-572676,EXR,2016-05-02T20:32:36+00:00,earnings,2016
0000028412-16-000223,CMA,2016-05-02T20:45:57+00:00,management,2016
0001193125-16-572861,SE,2016-05-02T21:11:36+00:00,agreement,2016
0001193125-16-572894,FTR,2016-05-02T21:18:02+00:00,other,2016
0000717423-16-000066,MUR,2016-05-02T21:27:41+00:00,other,2016
0000899689-16-000058,VNO,2016-05-03T12:44:08+00:00,earnings,2016
0001604778-16-000156,QRVO,2016-05-04T20:10:58+00:00,earnings,2016
0000793952-16-000059,HOG,2016-05-04T22:06:16+00:00,other,2016
0001564590-16-017787,J,2016-05-05T11:03:30+00:00,earnings,2016
0001104659-16-118035,CMS,2016-05-05T13:10:52+00:00,other,2016
0001299933-16-002405,AME,2016-05-05T19:05:23+00:00,other,2016
0001193125-16-581800,GD,2016-05-06T19:04:09+00:00,other,2016
0000898173-16-000304,ORLY,2016-05-06T21:05:00+00:00,other,2016
0000100493-16-000221,TSN,2016-05-09T11:32:40+00:00,earnings,2016
0001104659-16-119125,KR,2016-05-09T17:22:25+00:00,other,2016
0001193125-16-584988,PM,2016-05-10T14:50:34+00:00,other,2016
0001193125-16-586418,VZ,2016-05-11T12:03:39+00:00,other,2016
0001398432-16-000647,KIM,2016-05-11T20:37:55+00:00,agreement,2016
0000885639-16-000037,KSS,2016-05-12T12:25:58+00:00,earnings,2016
0000100885-16-000343,UNP,2016-05-12T19:23:16+00:00,other,2016
0001157523-16-005590,GEN,2016-05-12T20:51:29+00:00,earnings,2016
0001144204-16-102065,EQIX,2016-05-16T11:01:25+00:00,agreement,2016
0001086222-16-000313,AKAM,2016-05-16T20:09:38+00:00,other,2016
0001104659-16-121576,XEC,2016-05-17T17:32:15+00:00,other,2016
0000027419-16-000048,TGT,2016-05-18T12:03:03+00:00,earnings,2016
0001193125-16-594159,VLO,2016-05-18T17:06:34+00:00,management,2016
0001193125-16-594444,C,2016-05-18T20:06:04+00:00,other,2016
0001193125-16-594567,BA,2016-05-18T20:46:07+00:00,other,2016
0001193125-16-594689,RRC,2016-05-18T21:33:35+00:00,agreement,2016
0001193125-16-596135,UHS,2016-05-19T21:01:01+00:00,other,2016
0001018724-16-000268,AMZN,2016-05-20T20:46:15+00:00,agreement,2016
0001045810-16-000268,NVDA,2016-05-23T20:17:20+00:00,management,2016
0001144204-16-104211,VAR,2016-05-23T20:29:22+00:00,other,2016
0000950103-16-013563,BHI,2016-05-25T13:38:47+00:00,other,2016
0000310158-16-000072,MRK,2016-05-27T17:56:24+00:00,other,2016
0001193125-16-607371,FLIR,2016-05-31T12:48:31+00:00,agreement,2016
0001564590-16-020140,SRCL,2016-05-31T18:56:00+00:00,other,2016
0001299933-16-002576,AIZ,2016-06-01T12:35:03+00:00,management,2016
0000037996-16-000121,F,2016-06-01T18:35:43+00:00,other,2016
0001019687-16-006535,DAL,2016-06-02T13:00:42+00:00,other,2016
0001104659-16-125017,ABBV,2016-06-02T13:23:36+00:00,other,2016
0000732717-16-000171,T,2016-06-02T20:32:14+00:00,other,2016
0001053507-16-000041,AMT,2016-06-02T20:39:33+00:00,other,2016
0000702165-16-000257,NSC,2016-06-06T13:20:19+00:00,other,2016
0000106535-16-000068,WY,2016-06-06T22:55:25+00:00,other,2016
0001193125-16-614628,DHR,2016-06-07T11:04:33+00:00,other,2016
0001157523-16-005819,VTR,2016-06-07T11:07:03+00:00,management,2016
0001193125-16-616451,VZ,2016-06-08T18:09:03+00:00,other,2016
0001104659-16-126184,ABBV,2016-06-08T21:06:12+00:00,other,2016
0001104659-16-126200,BBBY,2016-06-08T21:21:28+00:00,management,2016
0000101829-16-000069,RTX,2016-06-08T21:31:34+00:00,management,2016
0001144204-16-107596,SJM,2016-06-09T11:15:22+00:00,earnings,2016
0000875045-16-000058,BIIB,2016-06-09T20:24:48+00:00,other,2016
0001193125-16-619689,MSFT,2016-06-13T13:09:36+00:00,agreement,2016
0001104659-16-126724,CBRE,2016-06-13T13:25:53+00:00,other,2016
0000072333-16-000326,JWN,2016-06-13T20:18:54+00:00,management,2016
0001579241-16-000072,ALLE,2016-06-13T20:37:14+00:00,other,2016
0001193125-16-620340,BBWI,2016-06-13T22:07:34+00:00,other,2016
0001564590-16-020633,TXN,2016-06-16T20:40:22+00:00,management,2016
0000078239-16-000084,PVH,2016-06-20T20:56:41+00:00,agreement,2016
0001628280-16-017182,LEN,2016-06-21T14:40:22+00:00,earnings,2016
0000049196-16-000052,HBAN,2016-06-22T20:57:42+00:00,other,2016
0001193125-16-630110,NLSN,2016-06-23T20:17:03+00:00,other,2016
0000049196-16-000055,HBAN,2016-06-24T20:30:56+00:00,other,2016
0000920148-16-000211,LH,2016-06-27T12:53:10+00:00,other,2016
0001193125-16-635553,AA,2016-06-29T12:20:01+00:00,other,2016
0000063754-16-000085,MKC,2016-06-29T13:03:15+00:00,management,2016
0000704051-16-000157,LM,2016-06-29T19:18:21+00:00,other,2016
0000016918-16-000086,STZ,2016-06-30T13:12:08+00:00,earnings,2016
0001299933-16-002692,AIZ,2016-06-30T20:27:46+00:00,management,2016
0001193125-16-640435,AEE,2016-07-01T19:29:56+00:00,other,2016
0001193125-16-641222,ESRX,2016-07-05T16:11:57+00:00,agreement,2016
0001193125-16-641678,MSFT,2016-07-05T21:00:32+00:00,other,2016
0000085961-16-000141,R,2016-07-06T14:27:45+00:00,management,2016
0001193125-16-642352,WFC,2016-07-06T18:31:03+00:00,other,2016
0001174922-16-000185,WYNN,2016-07-06T20:32:36+00:00,agreement,2016
0000793952-16-000076,HOG,2016-07-08T21:01:08+00:00,other,2016
0001193125-16-645470,GEN,2016-07-11T20:13:32+00:00,management,2016
0000320335-16-000088,GL,2016-07-15T21:19:39+00:00,other,2016
0001637459-16-000172,KHC,2016-07-19T20:33:22+00:00,other,2016
0001506307-16-000101,KMI,2016-07-20T20:08:45+00:00,earnings,2016
0001604778-16-000182,QRVO,2016-07-20T20:46:00+00:00,other,2016
0000822416-16-000081,PHM,2016-07-21T11:00:30+00:00,earnings,2016
0001193125-16-653026,CFG,2016-07-21T11:04:43+00:00,earnings,2016
0001451505-16-000216,RIG,2016-07-22T12:25:42+00:00,agreement,2016
0001193125-16-656523,LMT,2016-07-25T20:02:55+00:00,other,2016
0001035002-16-000107,VLO,2016-07-26T13:19:44+00:00,earnings,2016
0001193125-16-658268,CHRW,2016-07-26T21:07:10+00:00,earnings,2016
0001133421-16-000102,NOC,2016-07-27T10:03:55+00:00,earnings,2016
0001326801-16-000079,META,2016-07-27T20:13:39+00:00,earnings,2016
0000064040-16-000088,SPGI,2016-07-28T11:31:47+00:00,earnings,2016
0001193125-16-661167,WBA,2016-07-28T12:00:56+00:00,other,2016
0000037996-16-000131,F,2016-07-28T12:16:18+00:00,earnings,2016
0001104659-16-135167,MRK,2016-07-29T10:58:31+00:00,earnings,2016
0000833444-16-000194,JCI,2016-07-29T11:10:51+00:00,earnings,2016
0000827052-16-000366,EIX,2016-07-29T21:02:39+00:00,other,2016
0001659166-16-000034,FTV,2016-08-02T20:24:32+00:00,earnings,2016
0000072207-16-000100,NBL,2016-08-03T11:40:03+00:00,earnings,2016
0001564590-16-022369,TRIP,2016-08-03T20:24:02+00:00,earnings,2016
0001564590-16-022389,AWK,2016-08-03T20:45:50+00:00,earnings,2016
0001104659-16-136625,CF,2016-08-03T21:45:52+00:00,agreement,2016
0000034903-16-000065,FRT,2016-08-04T20:13:28+00:00,earnings,2016
0000049826-16-000241,ITW,2016-08-04T20:29:14+00:00,management,2016
0001193125-16-672519,CNP,2016-08-05T10:41:05+00:00,earnings,2016
0001593034-16-000067,ENDP,2016-08-08T20:39:02+00:00,earnings,2016
0001193125-16-676835,GOOG,2016-08-09T20:35:02+00:00,other,2016
0001646383-16-000383,CSRA,2016-08-10T20:38:28+00:00,earnings,2016
0001104659-16-138903,AMP,2016-08-11T15:15:21+00:00,agreement,2016
0001193125-16-680184,PGR,2016-08-12T13:27:59+00:00,other,2016
0000895126-16-000522,CHK,2016-08-15T11:02:00+00:00,other,2016
0001193125-16-681981,MET,2016-08-15T20:46:02+00:00,other,2016
0001193125-16-683116,FLS,2016-08-16T20:06:02+00:00,other,2016
0000701985-16-000079,BBWI,2016-08-17T21:14:17+00:00,earnings,2016
0000827054-16-000429,MCHP,2016-08-18T18:17:24+00:00,management,2016
0001193125-16-687632,LMT,2016-08-22T20:38:32+00:00,other,2016
0000936340-16-000385,DTE,2016-08-24T20:20:19+00:00,other,2016
0000077476-16-000096,PEP,2016-08-24T20:33:32+00:00,management,2016
0000769397-16-000084,ADSK,2016-08-25T20:01:17+00:00,earnings,2016
0001140859-16-000015,COR,2016-08-25T20:22:55+00:00,agreement,2016
0000712515-16-000141,EA,2016-08-29T20:05:43+00:00,other,2016
0000037996-16-000142,F,2016-08-30T16:08:05+00:00,other,2016
0001193125-16-697917,PM,2016-08-31T15:56:32+00:00,agreement,2016
0001193125-16-698862,DO,2016-09-01T10:10:32+00:00,other,2016
0000202058-16-000029,LHX,2016-09-01T18:34:46+00:00,management,2016
0000796343-16-000386,ADBE,2016-09-02T20:11:03+00:00,other,2016
0000723125-16-000214,MU,2016-09-02T20:26:14+00:00,management,2016
0001193125-16-701306,DO,2016-09-06T10:07:31+00:00,other,2016
0001193125-16-705055,WFC,2016-09-08T19:13:54+00:00,other,2016
0001157523-16-006683,TPR,2016-09-09T20:25:09+00:00,management,2016
0000750556-16-000348,STI,2016-09-09T21:34:54+00:00,other,2016
0001193125-16-707007,FTR,2016-09-12T12:52:31+00:00,other,2016
0001193125-16-707015,WHR,2016-09-12T13:01:31+00:00,other,2016
0001193125-16-712218,MO,2016-09-16T19:37:03+00:00,other,2016
0001193125-16-712327,SBUX,2016-09-16T20:39:55+00:00,other,2016
0001104659-16-145922,VTR,2016-09-21T20:56:03+00:00,other,2016
0001193125-16-717184,AA,2016-09-22T21:23:56+00:00,other,2016
0000078239-16-000096,PVH,2016-09-23T19:50:40+00:00,management,2016
0001193125-16-718447,TMO,2016-09-23T20:24:02+00:00,other,2016
0001193125-16-718470,HUM,2016-09-23T20:31:32+00:00,other,2016
0001605297-16-000038,HRB,2016-09-26T20:33:44+00:00,agreement,2016
0001193125-16-720035,FDX,2016-09-26T21:10:55+00:00,management,2016
0000723254-16-000061,CTAS,2016-09-27T20:12:24+00:00,earnings,2016
0000936340-16-000399,DTE,2016-09-27T20:17:51+00:00,other,2016
0000100885-16-000424,UNP,2016-09-30T19:41:58+00:00,other,2016
0001104659-16-148016,TEL,2016-10-03T10:09:18+00:00,management,2016
0000920148-16-000234,LH,2016-10-03T12:50:27+00:00,other,2016
0001104659-16-148099,DE,2016-10-03T13:00:33+00:00,other,2016
0001451505-16-000238,RIG,2016-10-03T13:19:36+00:00,other,2016
0000702165-16-000293,NSC,2016-10-03T20:40:44+00:00,other,2016
0000019617-16-001130,JPM,2016-10-04T20:36:43+00:00,other,2016
0000024545-16-000104,TAP,2016-10-04T21:22:48+00:00,management,2016
0001158449-16-000485,AAP,2016-10-05T11:04:40+00:00,management,2016
0001104659-16-148801,AVB,2016-10-05T14:50:20+00:00,other,2016
0001193125-16-732782,WMB,2016-10-06T20:40:02+00:00,management,2016
0000049071-16-000178,HUM,2016-10-12T20:28:22+00:00,other,2016
0001104659-16-150072,DOC,2016-10-13T20:19:40+00:00,other,2016
0001193125-16-738480,PNC,2016-10-14T17:25:11+00:00,earnings,2016
0001193125-16-739701,EXR,2016-10-17T20:18:03+00:00,agreement,2016
0000731766-16-000085,UNH,2016-10-18T10:01:10+00:00,earnings,2016
0000050863-16-000150,INTC,2016-10-18T20:09:22+00:00,earnings,2016
0000029905-16-000099,DOV,2016-10-19T10:47:54+00:00,earnings,2016
0001193125-16-742168,DVA,2016-10-20T10:07:36+00:00,management,2016
0001567892-16-000089,MNK,2016-10-21T21:28:30+00:00,other,2016
0000106640-16-000122,WHR,2016-10-25T10:04:53+00:00,earnings,2016
0001104659-16-151933,AMP,2016-10-25T20:15:59+00:00,earnings,2016
0000875159-16-000191,XL,2016-10-26T20:09:53+00:00,earnings,2016
0001071739-16-000296,CNC,2016-10-27T20:20:11+00:00,other,2016
0000950103-16-017391,BHI,2016-10-28T17:05:51+00:00,management,2016
0001193125-16-752858,PBCT,2016-10-31T15:33:02+00:00,other,2016
0001564590-16-026597,AWK,2016-10-31T21:21:04+00:00,agreement,2016
0001193125-16-753763,LUMN,2016-10-31T21:23:43+00:00,other,2016
0001442145-16-000088,VRSK,2016-11-01T20:14:56+00:00,earnings,2016
0001193125-16-755526,WBA,2016-11-01T21:27:55+00:00,other,2016
0001000228-16-000100,HSIC,2016-11-02T11:53:41+00:00,earnings,2016
0001299933-16-003144,AME,2016-11-02T12:56:58+00:00,other,2016
0000072903-16-000173,XEL,2016-11-02T20:48:00+00:00,other,2016
0000950159-16-000777,CI,2016-11-03T10:06:41+00:00,earnings,2016
0001171843-16-012939,WLTW,2016-11-04T10:00:28+00:00,earnings,2016
0001047862-16-000382,ED,2016-11-04T12:36:23+00:00,earnings,2016
0001031296-16-000117,FE,2016-11-04T13:01:32+00:00,earnings,2016
0001024478-16-000068,ROK,2016-11-07T12:38:09+00:00,earnings,2016
0001564590-16-028312,TRIP,2016-11-08T21:01:26+00:00,earnings,2016
0001193125-16-763102,DHI,2016-11-08T22:05:32+00:00,management,2016
0000899866-16-000377,ALXN,2016-11-09T21:37:12+00:00,other,2016
0001130713-16-000098,BBBY,2016-11-09T22:24:23+00:00,earnings,2016
0001193125-16-765906,LEG,2016-11-10T21:13:03+00:00,management,2016
0000766421-16-000110,ALK,2016-11-11T00:38:24+00:00,other,2016
0001243786-16-000388,MOS,2016-11-14T14:02:25+00:00,other,2016
0001140361-16-086567,PCG,2016-11-14T22:29:01+00:00,management,2016
0001110783-16-000578,MON,2016-11-15T13:23:06+00:00,other,2016
0001260221-16-000106,TDG,2016-11-15T17:10:57+00:00,management,2016
0001193125-16-769047,NTRS,2016-11-15T22:21:32+00:00,management,2016
0001193125-16-769785,CSCO,2016-11-16T21:08:56+00:00,earnings,2016
0001193125-16-770976,TRIP,2016-11-17T21:21:02+00:00,management,2016
0001206774-16-007568,CLX,2016-11-17T21:30:21+00:00,management,2016
0000707549-16-000107,LRCX,2016-11-18T18:00:31+00:00,other,2016
0000100493-16-000280,TSN,2016-11-21T12:32:50+00:00,earnings,2016
0000072333-16-000396,JWN,2016-11-21T21:35:36+00:00,other,2016
0001140361-16-087476,PCG,2016-11-22T00:20:38+00:00,other,2016
0001567892-16-000093,MNK,2016-11-22T22:06:16+00:00,management,2016
0001104659-16-158757,ABT,2016-11-23T14:00:45+00:00,agreement,2016
0001193125-16-776434,BBBY,2016-11-23T20:46:32+00:00,other,2016
0001628280-16-021671,HPE,2016-11-23T21:32:46+00:00,other,2016
0001104659-16-159178,WYN,2016-11-28T15:10:31+00:00,management,2016
0000731766-16-000090,UNH,2016-11-28T21:16:48+00:00,other,2016
0001157523-16-007494,DG,2016-12-01T11:59:52+00:00,earnings,2016
0001065696-16-000146,LKQ,2016-12-01T20:18:50+00:00,agreement,2016
0000895126-16-000600,CHK,2016-12-02T21:10:59+00:00,management,2016
0000100493-16-000332,TSN,2016-12-06T21:13:24+00:00,management,2016
0001193125-16-787937,ENDP,2016-12-08T11:11:02+00:00,other,2016
0000936340-16-000444,DTE,2016-12-12T21:17:03+00:00,other,2016
0001193125-16-791877,CSCO,2016-12-13T21:26:55+00:00,other,2016
0001193125-16-791943,GS,2016-12-13T21:44:02+00:00,other,2016
0001558370-16-010540,NEM,2016-12-13T22:00:15+00:00,other,2016
0001193125-16-792082,SE,2016-12-13T22:44:32+00:00,other,2016
0000062709-16-000084,MRSH,2016-12-14T21:19:23+00:00,management,2016
0000707549-16-000125,LRCX,2016-12-15T21:00:52+00:00,other,2016
0001022079-16-000345,DGX,2016-12-16T12:08:07+00:00,other,2016
0001144204-16-140016,C,2016-12-16T21:30:43+00:00,management,2016
0001193125-16-800522,RHT,2016-12-21T21:29:02+00:00,management,2016
0001628280-16-022130,NFLX,2016-12-21T22:55:38+00:00,management,2016
0001144204-16-140825,VAR,2016-12-22T13:15:39+00:00,other,2016
0001193125-16-805546,CHTR,2016-12-28T21:01:02+00:00,other,2016
0001193125-16-805668,PEG,2016-12-28T21:39:56+00:00,management,2016
0001193125-17-000337,XRX,2017-01-03T13:18:04+00:00,agreement,2017
0001113169-17-000002,TROW,2017-01-04T20:38:06+00:00,management,2017
0000093556-17-000002,SWK,2017-01-05T21:32:45+00:00,other,2017
0001193125-17-003660,CNP,2017-01-06T11:31:34+00:00,earnings,2017
0001193125-17-007454,AVGO,2017-01-11T13:38:02+00:00,other,2017
0001104659-17-002212,KR,2017-01-13T14:12:04+00:00,management,2017
0000098246-17-000002,TIF,2017-01-17T11:50:27+00:00,other,2017
0000004962-17-000002,AXP,2017-01-17T17:00:24+00:00,other,2017
0001193125-17-011719,PH,2017-01-18T12:23:32+00:00,other,2017
0000032604-17-000002,EMR,2017-01-19T11:48:25+00:00,other,2017
0001193125-17-013623,CFG,2017-01-20T11:55:44+00:00,earnings,2017
0001193125-17-014182,GS,2017-01-20T21:16:02+00:00,management,2017
0001099800-17-000003,EW,2017-01-23T21:21:27+00:00,other,2017
0000039911-17-000015,GPS,2017-01-24T22:07:50+00:00,management,2017
0000080661-17-000004,PGR,2017-01-25T13:42:54+00:00,earnings,2017
0001193125-17-018036,MCK,2017-01-25T21:18:02+00:00,earnings,2017
0000950155-17-000002,UAL,2017-01-26T15:22:05+00:00,other,2017
0001628280-17-000440,RHI,2017-01-26T21:24:19+00:00,earnings,2017
0001193125-17-019937,LEN,2017-01-26T22:20:02+00:00,management,2017
0001193125-17-022060,PDCO,2017-01-27T22:09:56+00:00,other,2017
0000093410-17-000010,CVX,2017-01-27T23:28:26+00:00,other,2017
0000109380-17-000028,ZION,2017-01-30T16:03:43+00:00,management,2017
0000097745-17-000003,TMO,2017-01-31T12:31:07+00:00,earnings,2017
0001193125-17-024528,ZBH,2017-01-31T12:42:03+00:00,earnings,2017
0001090727-17-000005,UPS,2017-01-31T12:53:22+00:00,earnings,2017
0001104659-17-005173,STX,2017-01-31T13:45:44+00:00,other,2017
0001110803-17-000008,ILMN,2017-01-31T21:30:52+00:00,earnings,2017
0001628280-17-000663,AAPL,2017-01-31T21:31:02+00:00,earnings,2017
0001041061-17-000002,YUM,2017-01-31T21:36:42+00:00,other,2017
0001193125-17-025886,WFC,2017-01-31T22:13:32+00:00,other,2017
0001156375-17-000009,CME,2017-02-02T12:15:19+00:00,earnings,2017
0001101215-17-000016,ADS,2017-02-02T12:42:07+00:00,other,2017
0000950142-17-000198,RL,2017-02-02T13:08:39+00:00,management,2017
0001193125-17-028314,CMS,2017-02-02T13:12:09+00:00,other,2017
0001104659-17-006174,DPS,2017-02-02T21:58:28+00:00,agreement,2017
0001193125-17-030264,VZ,2017-02-03T17:20:04+00:00,other,2017
0001193125-17-030712,PNC,2017-02-03T21:10:02+00:00,other,2017
0001130713-17-000008,BBBY,2017-02-06T18:10:38+00:00,earnings,2017
0001104659-17-006669,IBM,2017-02-06T21:23:19+00:00,management,2017
0001193125-17-031856,JNPR,2017-02-06T21:36:32+00:00,management,2017
0001193125-17-033236,AIZ,2017-02-07T21:22:03+00:00,earnings,2017
0001104659-17-007208,DE,2017-02-08T14:00:20+00:00,other,2017
0001193125-17-034637,UAL,2017-02-08T21:16:02+00:00,other,2017
0001090727-17-000007,UPS,2017-02-08T21:58:39+00:00,management,2017
0001157523-17-000411,COTY,2017-02-09T11:35:26+00:00,earnings,2017
0001339947-17-000008,VIAB,2017-02-09T12:58:06+00:00,earnings,2017
0001045810-17-000016,NVDA,2017-02-09T21:23:02+00:00,earnings,2017
0001157523-17-000429,VTR,2017-02-10T12:29:59+00:00,earnings,2017
0001193125-17-037314,ROK,2017-02-10T15:03:02+00:00,other,2017
0001193125-17-037519,WMB,2017-02-10T16:16:58+00:00,agreement,2017
0001647339-17-000004,ACN,2017-02-10T21:18:59+00:00,other,2017
0001104659-17-008425,CMS,2017-02-13T16:06:55+00:00,other,2017
0000891836-17-000007,VNO,2017-02-13T22:01:52+00:00,management,2017
0001234452-17-000036,QCOM,2017-02-15T22:14:47+00:00,management,2017
0001104659-17-009994,DE,2017-02-17T11:56:57+00:00,earnings,2017
0000016732-17-000020,CPB,2017-02-17T12:32:56+00:00,earnings,2017
0001047862-17-000031,ED,2017-02-17T14:33:26+00:00,earnings,2017
0001144204-17-009857,C,2017-02-17T22:01:08+00:00,management,2017
0001157523-17-000570,TJX,2017-02-22T13:55:52+00:00,earnings,2017
0001020569-17-000008,IRM,2017-02-23T11:01:15+00:00,earnings,2017
0001558370-17-000811,RIG,2017-02-23T11:35:14+00:00,earnings,2017
0001193125-17-054091,WBA,2017-02-23T21:39:04+00:00,agreement,2017
0001601712-17-000032,SYF,2017-02-23T22:20:28+00:00,other,2017
0001193125-17-056390,FDX,2017-02-24T21:34:55+00:00,agreement,2017
0001193125-17-059310,CSX,2017-02-27T22:22:03+00:00,management,2017
0000712515-17-000020,EA,2017-02-27T22:38:52+00:00,management,2017
0001193125-17-064042,SYY,2017-03-01T14:13:03+00:00,management,2017
0001193125-17-066654,MCK,2017-03-02T13:16:56+00:00,other,2017
0001123360-17-000015,GPN,2017-03-02T21:18:45+00:00,management,2017
0001193125-17-067712,SCHW,2017-03-02T21:25:10+00:00,other,2017
0001193125-17-067828,REG,2017-03-02T21:51:01+00:00,agreement,2017
0000920148-17-000022,LH,2017-03-06T21:19:50+00:00,other,2017
0001065696-17-000010,LKQ,2017-03-07T12:44:16+00:00,other,2017
0001193125-17-074821,TMO,2017-03-08T21:43:56+00:00,other,2017
0001193125-17-078882,JWN,2017-03-10T21:39:02+00:00,other,2017
0001065696-17-000012,LKQ,2017-03-10T22:18:10+00:00,management,2017
0001193125-17-081688,NWL,2017-03-14T15:49:03+00:00,other,2017
0000927628-17-000150,COF,2017-03-14T21:34:52+00:00,other,2017
0000092122-17-000013,SO,2017-03-16T12:40:35+00:00,other,2017
0000098246-17-000058,TIF,2017-03-17T10:44:25+00:00,earnings,2017
0001193125-17-087328,EXPE,2017-03-17T20:08:56+00:00,management,2017
0001193125-17-090041,GIS,2017-03-21T11:39:56+00:00,earnings,2017
0001193125-17-099881,CXO,2017-03-28T20:43:34+00:00,management,2017
0001678531-17-000089,EVHC,2017-03-31T20:28:37+00:00,management,2017
0001193125-17-106751,UPS,2017-03-31T20:57:03+00:00,other,2017
0001193125-17-108689,HCA,2017-04-03T21:08:03+00:00,management,2017
0001157523-17-000985,TPR,2017-04-06T10:45:44+00:00,management,2017
0001193125-17-113618,AMT,2017-04-06T20:32:05+00:00,agreement,2017
0001193125-17-113949,ARNC,2017-04-06T21:31:03+00:00,other,2017
0001193125-17-117760,BBBY,2017-04-10T17:00:34+00:00,management,2017
0001104659-17-022879,DG,2017-04-11T20:17:13+00:00,agreement,2017
0001053507-17-000026,AMT,2017-04-12T20:36:19+00:00,other,2017
0001359841-17-000054,HBI,2017-04-12T20:53:33+00:00,earnings,2017
0001193125-17-127536,JPM,2017-04-18T21:26:56+00:00,other,2017
0001299933-17-000388,GPC,2017-04-19T12:52:37+00:00,earnings,2017
0000060667-17-000078,LOW,2017-04-19T13:04:15+00:00,other,2017
0001067701-17-000016,URI,2017-04-19T20:34:20+00:00,earnings,2017
0000313616-17-000125,DHR,2017-04-19T21:55:41+00:00,earnings,2017
0000106640-17-000029,WHR,2017-04-20T10:19:33+00:00,other,2017
0000018230-17-000132,CAT,2017-04-24T13:03:26+00:00,other,2017
0000940944-17-000018,DRI,2017-04-24T20:08:29+00:00,other,2017
0000109380-17-000092,ZION,2017-04-24T20:42:03+00:00,earnings,2017
0000920148-17-000039,LH,2017-04-25T11:01:15+00:00,other,2017
0000100493-17-000064,TSN,2017-04-25T11:43:09+00:00,other,2017
0000028412-17-000070,CMA,2017-04-25T12:03:34+00:00,other,2017
0000927628-17-000173,COF,2017-04-25T20:02:06+00:00,earnings,2017
0001099800-17-000011,EW,2017-04-25T20:29:34+00:00,earnings,2017
0001418135-17-000016,DPS,2017-04-26T11:01:13+00:00,earnings,2017
0000080424-17-000023,PG,2017-04-26T11:02:37+00:00,earnings,2017
0000080424-17-000025,PG,2017-04-26T14:16:31+00:00,other,2017
0001551152-17-000008,ABBV,2017-04-27T11:42:17+00:00,earnings,2017
0000037785-17-000021,FMC,2017-04-27T16:04:00+00:00,other,2017
0001193125-17-143234,MSI,2017-04-27T20:53:56+00:00,agreement,2017
0001193125-17-145129,LYB,2017-04-28T10:45:57+00:00,earnings,2017
0000920148-17-000043,LH,2017-04-28T12:06:25+00:00,other,2017
0001534701-17-000067,PSX,2017-04-28T13:20:34+00:00,earnings,2017
0001193125-17-146050,WFC,2017-04-28T14:51:55+00:00,other,2017
0001552781-17-000271,KO,2017-04-28T19:00:20+00:00,management,2017
0001654954-17-003777,NAVI,2017-04-28T20:09:06+00:00,other,2017
0001193125-17-148377,LEN,2017-04-28T20:33:57+00:00,other,2017
0001104659-17-028012,NRG,2017-04-28T21:25:20+00:00,management,2017
0001193125-17-150326,CMS,2017-05-01T12:21:06+00:00,other,2017
0000060086-17-000007,L,2017-05-01T12:56:39+00:00,earnings,2017
0001510295-17-000054,MPC,2017-05-01T19:00:11+00:00,other,2017
0001193125-17-151944,CNP,2017-05-01T20:31:56+00:00,management,2017
0000920148-17-000048,LH,2017-05-01T20:35:37+00:00,other,2017
0001104659-17-028885,PEP,2017-05-02T20:15:39+00:00,other,2017
0001193125-17-155009,RAI,2017-05-03T11:17:03+00:00,earnings,2017
0001193125-17-156178,NFLX,2017-05-03T20:02:57+00:00,agreement,2017
0001193125-17-156266,MET,2017-05-03T20:23:08+00:00,earnings,2017
0001193125-17-156299,PG,2017-05-03T20:32:03+00:00,other,2017
0001104659-17-029640,INCY,2017-05-04T11:09:54+00:00,earnings,2017
0001193125-17-158741,MSI,2017-05-04T20:22:57+00:00,earnings,2017
0000072741-17-000019,ES,2017-05-04T20:30:33+00:00,other,2017
0001037646-17-000011,MTD,2017-05-08T14:12:38+00:00,other,2017
0000821189-17-000028,EOG,2017-05-08T20:28:46+00:00,earnings,2017
0001260221-17-000032,TDG,2017-05-09T11:21:08+00:00,earnings,2017
0001000228-17-000021,HSIC,2017-05-09T11:45:07+00:00,earnings,2017
0001193125-17-164145,MAA,2017-05-09T20:01:57+00:00,agreement,2017
0001171843-17-002921,WFM,2017-05-10T20:05:36+00:00,earnings,2017
0001193125-17-165846,C,2017-05-10T20:06:06+00:00,other,2017
0001193125-17-166526,NEM,2017-05-11T10:09:32+00:00,other,2017
0000072333-17-000095,JWN,2017-05-11T20:36:06+00:00,earnings,2017
0001564590-17-010781,SNI,2017-05-12T20:38:54+00:00,other,2017
0000746515-17-000032,EXPD,2017-05-15T20:11:59+00:00,other,2017
0000773910-17-000036,APC,2017-05-15T21:11:47+00:00,other,2017
0000049196-17-000025,HBAN,2017-05-15T21:39:53+00:00,other,2017
0001193125-17-173496,MSI,2017-05-17T20:24:03+00:00,other,2017
0001193125-17-175313,ELV,2017-05-18T20:30:58+00:00,management,2017
0000024545-17-000011,TAP,2017-05-18T20:35:45+00:00,other,2017
0000016732-17-000037,CPB,2017-05-19T11:23:50+00:00,earnings,2017
0001104659-17-034208,CMS,2017-05-22T15:03:56+00:00,management,2017
0001126328-17-000144,PFG,2017-05-22T18:28:31+00:00,other,2017
0001193125-17-178058,MHK,2017-05-22T20:17:04+00:00,other,2017
0001193125-17-178102,ARNC,2017-05-22T20:32:56+00:00,management,2017
0000354950-17-000012,HD,2017-05-22T20:38:06+00:00,other,2017
0000875159-17-000051,XL,2017-05-23T12:56:26+00:00,other,2017
0000062709-17-000017,MRSH,2017-05-23T15:28:48+00:00,other,2017
0001193125-17-179639,RHT,2017-05-23T20:21:57+00:00,management,2017
0000098246-17-000125,TIF,2017-05-24T10:39:52+00:00,earnings,2017
0001601712-17-000066,SYF,2017-05-24T12:00:07+00:00,other,2017
0001193125-17-180624,PBCT,2017-05-24T13:01:47+00:00,other,2017
0001193125-17-181653,PSA,2017-05-24T20:11:03+00:00,agreement,2017
0000874761-17-000028,AES,2017-05-24T21:11:47+00:00,agreement,2017
0001193125-17-182465,RHT,2017-05-25T10:30:34+00:00,other,2017
0000950159-17-000146,CI,2017-05-26T10:01:03+00:00,other,2017
0001193125-17-186768,CME,2017-05-30T16:15:33+00:00,agreement,2017
0001104659-17-036728,DE,2017-06-01T10:45:38+00:00,agreement,2017
0001193125-17-190215,PDCO,2017-06-01T11:52:05+00:00,management,2017
0001104659-17-037243,ATVI,2017-06-02T20:30:36+00:00,other,2017
0000104169-17-000031,WMT,2017-06-06T20:27:32+00:00,other,2017
0001193125-17-196062,EBAY,2017-06-06T20:53:06+00:00,other,2017
0000950103-17-005579,BHI,2017-06-07T21:23:51+00:00,management,2017
0001193125-17-198632,CSX,2017-06-08T21:05:04+00:00,other,2017
0001193125-17-200010,NFLX,2017-06-09T20:06:57+00:00,other,2017
0000045012-17-000135,HAL,2017-06-13T20:29:45+00:00,management,2017
0001193125-17-203533,AMG,2017-06-14T20:27:03+00:00,other,2017
0001193125-17-204794,SJM,2017-06-15T21:01:04+00:00,other,2017
0000078239-17-000020,PVH,2017-06-16T16:49:45+00:00,other,2017
0001157523-17-001813,VFC,2017-06-21T11:00:23+00:00,earnings,2017
0000927628-17-000225,COF,2017-06-22T21:13:27+00:00,other,2017
0001104659-17-041536,VNO,2017-06-26T20:36:04+00:00,other,2017
0000764622-17-000046,PNW,2017-06-27T21:03:22+00:00,other,2017
0001193125-17-218443,MET,2017-06-29T20:53:02+00:00,other,2017
0001678531-17-000146,EVHC,2017-06-30T12:40:18+00:00,other,2017
0001193125-17-220845,GE,2017-07-03T15:48:03+00:00,other,2017
0001193125-17-220993,OKE,2017-07-03T18:08:33+00:00,agreement,2017
0000827052-17-000151,EIX,2017-07-10T20:46:39+00:00,management,2017
0000077476-17-000030,PEP,2017-07-11T10:00:38+00:00,earnings,2017
0000920148-17-000069,LH,2017-07-11T12:51:40+00:00,other,2017
0000731766-17-000025,UNH,2017-07-18T10:03:23+00:00,earnings,2017
0001193125-17-230281,MTB,2017-07-18T20:02:55+00:00,other,2017
0000723531-17-000020,PAYX,2017-07-19T19:02:32+00:00,management,2017
0001234452-17-000153,QCOM,2017-07-19T20:05:13+00:00,earnings,2017
0001067701-17-000024,URI,2017-07-19T20:42:27+00:00,earnings,2017
0001193125-17-231613,TMO,2017-07-20T10:42:57+00:00,other,2017
0000079879-17-000070,PPG,2017-07-20T16:24:43+00:00,earnings,2017
0001193125-17-232876,AGN,2017-07-21T20:20:02+00:00,management,2017
0001193125-17-232877,CCI,2017-07-21T20:20:03+00:00,other,2017
0001193125-17-233225,TMO,2017-07-24T11:44:47+00:00,agreement,2017
0000773910-17-000049,APC,2017-07-24T20:18:49+00:00,earnings,2017
0001157523-17-002051,NEM,2017-07-25T12:00:22+00:00,earnings,2017
0000950142-17-001372,CPRI,2017-07-25T20:22:18+00:00,agreement,2017
0001193125-17-235074,CB,2017-07-25T20:41:12+00:00,earnings,2017
0001193125-17-235119,CAG,2017-07-25T21:00:57+00:00,management,2017
0001171843-17-004328,FLIR,2017-07-26T11:30:13+00:00,earnings,2017
0000320335-17-000027,GL,2017-07-26T20:18:33+00:00,earnings,2017
0001104659-17-047083,O,2017-07-26T20:29:50+00:00,earnings,2017
0001579241-17-000037,ALLE,2017-07-27T10:10:18+00:00,earnings,2017
0001564590-17-014170,NLSN,2017-07-27T10:35:16+00:00,earnings,2017
0001035002-17-000041,VLO,2017-07-27T12:59:21+00:00,earnings,2017
0001193125-17-239357,GT,2017-07-28T11:50:57+00:00,earnings,2017
0001193125-17-239475,PCG,2017-07-28T13:01:18+00:00,other,2017
0001524472-17-000033,XYL,2017-07-28T19:30:09+00:00,other,2017
0000721371-17-000054,CAH,2017-08-02T11:03:50+00:00,earnings,2017
0001136893-17-000027,FIS,2017-08-02T11:12:21+00:00,earnings,2017
0001193125-17-244956,MDLZ,2017-08-02T11:13:58+00:00,earnings,2017
0000059558-17-000039,LNC,2017-08-02T20:15:48+00:00,earnings,2017
0001193125-17-245865,MAC,2017-08-02T20:31:10+00:00,earnings,2017
0001144204-17-040004,VMC,2017-08-02T21:25:49+00:00,earnings,2017
0001564590-17-015108,CHD,2017-08-03T11:18:41+00:00,earnings,2017
0001532176-17-000025,REGN,2017-08-03T11:29:25+00:00,earnings,2017
0001104659-17-049306,TEL,2017-08-03T20:13:19+00:00,agreement,2017
0001193125-17-248749,GEN,2017-08-04T20:11:04+00:00,agreement,2017
0000034903-17-000028,FRT,2017-08-04T20:19:29+00:00,other,2017
0000080661-17-000055,PGR,2017-08-04T20:40:53+00:00,management,2017
0001104659-17-049731,SPLS,2017-08-07T12:03:01+00:00,other,2017
0001281761-17-000081,RF,2017-08-07T12:12:00+00:00,other,2017
0001193125-17-250042,T,2017-08-07T21:29:03+00:00,agreement,2017
0001193125-17-250119,LMT,2017-08-07T22:48:05+00:00,other,2017
0000746515-17-000038,EXPD,2017-08-08T16:02:19+00:00,earnings,2017
0001001039-17-000140,DIS,2017-08-08T20:08:59+00:00,earnings,2017
0001193125-17-252110,AAL,2017-08-09T12:02:05+00:00,other,2017
0001437749-17-014437,JBHT,2017-08-10T21:04:33+00:00,other,2017
0001157523-17-002358,VFC,2017-08-14T10:55:52+00:00,other,2017
0001193125-17-257245,AAL,2017-08-14T20:04:01+00:00,agreement,2017
0001193125-17-258053,FITB,2017-08-15T13:21:33+00:00,agreement,2017
0001193125-17-258582,RVTY,2017-08-15T20:05:39+00:00,agreement,2017
0001193125-17-259738,WFC,2017-08-16T19:33:35+00:00,other,2017
0000039911-17-000113,GPS,2017-08-17T20:20:37+00:00,earnings,2017
0000930413-17-002979,FL,2017-08-18T11:10:36+00:00,earnings,2017
0001193125-17-262261,AAPL,2017-08-18T20:30:58+00:00,other,2017
0001193125-17-263674,WLTW,2017-08-21T20:15:56+00:00,management,2017
0001104659-17-053451,HP,2017-08-24T21:04:18+00:00,management,2017
0000794367-17-000109,M,2017-08-25T21:00:18+00:00,management,2017
0001104659-17-054301,KR,2017-08-29T20:27:52+00:00,agreement,2017
0001678531-17-000171,EVHC,2017-08-30T11:32:17+00:00,other,2017
0001104659-17-054653,LVLT,2017-08-30T20:51:07+00:00,other,2017
0001628280-17-009000,HPE,2017-08-30T21:10:10+00:00,other,2017
0001193125-17-274360,JNPR,2017-08-31T20:15:57+00:00,management,2017
0001193125-17-274817,HLT,2017-09-01T11:16:03+00:00,management,2017
0001324424-17-000046,EXPE,2017-09-01T13:04:06+00:00,other,2017
0001193125-17-275661,HUM,2017-09-01T20:31:03+00:00,other,2017
0000106535-17-000048,WY,2017-09-01T20:59:00+00:00,other,2017
0000100885-17-000204,UNP,2017-09-06T18:37:25+00:00,other,2017
0000899866-17-000163,ALXN,2017-09-12T12:19:41+00:00,other,2017
0001193125-17-285660,NOV,2017-09-15T11:00:57+00:00,management,2017
0000004962-17-000086,AXP,2017-09-15T16:01:47+00:00,other,2017
0000753308-17-000119,NEE,2017-09-15T20:14:20+00:00,other,2017
0000764478-17-000034,BBY,2017-09-19T12:34:15+00:00,other,2017
0001193125-17-289405,CTXS,2017-09-20T20:12:55+00:00,management,2017
0001193125-17-289433,APC,2017-09-20T20:26:02+00:00,other,2017
0001193125-17-289841,MAT,2017-09-21T10:12:33+00:00,agreement,2017
0001193125-17-289929,PDCO,2017-09-21T12:00:33+00:00,other,2017
0001144204-17-049105,MAA,2017-09-21T21:30:42+00:00,other,2017
0001646383-17-000156,CSRA,2017-09-22T20:02:08+00:00,other,2017
0001193125-17-291412,NDAQ,2017-09-22T20:24:03+00:00,agreement,2017
0001647339-17-000016,ACN,2017-09-28T11:11:56+00:00,earnings,2017
0000100493-17-000120,TSN,2017-09-28T20:19:54+00:00,other,2017
0001398432-17-000144,KIM,2017-10-02T21:11:27+00:00,other,2017
0001193125-17-301637,OXY,2017-10-03T13:06:33+00:00,earnings,2017
0001144215-17-000102,AYI,2017-10-04T12:39:16+00:00,earnings,2017
0001104659-17-061122,SLG,2017-10-05T19:26:13+00:00,agreement,2017
0001193125-17-306482,UAL,2017-10-10T11:33:04+00:00,earnings,2017
0001193125-17-306815,SRE,2017-10-10T16:19:05+00:00,other,2017
0001193125-17-307162,AIZ,2017-10-10T20:49:34+00:00,other,2017
0001157523-17-002666,TPR,2017-10-11T13:15:21+00:00,other,2017
0001039684-17-000109,OKE,2017-10-11T21:13:35+00:00,other,2017
0001193125-17-308867,MGM,2017-10-12T20:37:33+00:00,other,2017
0001564590-17-019539,PLD,2017-10-17T12:05:30+00:00,earnings,2017
0000277135-17-000036,GWW,2017-10-17T12:26:13+00:00,earnings,2017
0001646383-17-000158,CSRA,2017-10-17T21:03:08+00:00,other,2017
0001359841-17-000105,HBI,2017-10-18T13:04:57+00:00,earnings,2017
0001101215-17-000211,ADS,2017-10-19T10:46:02+00:00,other,2017
0000079879-17-000086,PPG,2017-10-19T15:38:43+00:00,earnings,2017
0001633917-17-000167,PYPL,2017-10-19T20:28:10+00:00,earnings,2017
0001193125-17-317230,FITB,2017-10-24T10:30:38+00:00,earnings,2017
0000927628-17-000271,COF,2017-10-24T20:56:44+00:00,other,2017
0001193125-17-318445,NDAQ,2017-10-25T11:03:24+00:00,earnings,2017
0000916365-17-000096,TSCO,2017-10-25T20:21:21+00:00,earnings,2017
0001510295-17-000095,MPC,2017-10-26T10:38:30+00:00,earnings,2017
0001104659-17-063863,CMCSA,2017-10-26T11:05:24+00:00,earnings,2017
0000064040-17-000066,SPGI,2017-10-26T11:16:45+00:00,earnings,2017
0000106535-17-000053,WY,2017-10-26T23:41:43+00:00,earnings,2017
0001035267-17-000159,ISRG,2017-10-27T21:05:08+00:00,management,2017
0001193125-17-324927,CB,2017-10-30T20:16:00+00:00,agreement,2017
0001243786-17-000145,MOS,2017-10-30T21:22:47+00:00,agreement,2017
0001193125-17-327452,CSX,2017-10-31T21:22:03+00:00,management,2017
0001193125-17-328156,CPRI,2017-11-01T10:39:03+00:00,other,2017
0001637459-17-000110,KHC,2017-11-01T20:07:57+00:00,earnings,2017
0001359841-17-000115,HBI,2017-11-01T20:13:33+00:00,earnings,2017
0001157523-17-002943,GEN,2017-11-01T20:24:54+00:00,earnings,2017
0000940944-17-000050,DRI,2017-11-01T20:31:25+00:00,agreement,2017
0001564590-17-021143,MLM,2017-11-02T19:19:23+00:00,earnings,2017
0000093751-17-000480,STT,2017-11-06T13:30:55+00:00,other,2017
0001193125-17-335005,EQIX,2017-11-07T11:57:03+00:00,other,2017
0000892712-17-000747,KSS,2017-11-08T21:22:01+00:00,management,2017
0001144204-17-057294,C,2017-11-08T21:25:03+00:00,management,2017
0000915913-17-000034,ALB,2017-11-08T22:13:53+00:00,earnings,2017
0001104659-17-067463,EQT,2017-11-09T22:32:31+00:00,other,2017
0001157523-17-003098,TJX,2017-11-14T14:18:08+00:00,earnings,2017
0000920148-17-000120,LH,2017-11-15T13:51:26+00:00,other,2017
0001193125-17-345604,INTC,2017-11-16T21:55:56+00:00,other,2017
0001193125-17-346623,SNI,2017-11-17T18:06:02+00:00,other,2017
0001193125-17-346882,RMD,2017-11-17T20:27:55+00:00,management,2017
0001104659-17-069463,ECL,2017-11-17T21:40:21+00:00,other,2017
0000930413-17-003823,HON,2017-11-20T13:18:07+00:00,other,2017
0000047217-17-000040,HPQ,2017-11-21T21:10:21+00:00,earnings,2017
0000936340-17-000265,DTE,2017-11-22T21:15:20+00:00,other,2017
0000922224-17-000083,PPL,2017-11-30T13:11:21+00:00,other,2017
0001193125-17-358434,CME,2017-12-01T17:05:02+00:00,management,2017
0001058090-17-000047,CMG,2017-12-01T21:16:03+00:00,management,2017
0001193125-17-358926,SYF,2017-12-01T21:16:03+00:00,other,2017
0001193125-17-358940,NI,2017-12-01T21:21:10+00:00,other,2017
0001104659-17-071531,SLG,2017-12-04T14:09:46+00:00,other,2017
0001558370-17-009210,ULTA,2017-12-06T21:18:54+00:00,management,2017
0001193125-17-363265,FITB,2017-12-07T11:31:04+00:00,other,2017
0000915389-17-000064,EMN,2017-12-12T14:39:25+00:00,management,2017
0001048695-17-000032,FFIV,2017-12-12T21:12:56+00:00,management,2017
0000107815-17-000288,WEC,2017-12-12T21:15:23+00:00,other,2017
0001104659-17-073011,TEL,2017-12-13T11:04:37+00:00,other,2017
0000908255-17-000068,BWA,2017-12-15T13:05:49+00:00,management,2017
0001193125-17-370332,J,2017-12-15T16:03:56+00:00,other,2017
0001193125-17-370757,CAG,2017-12-15T21:16:05+00:00,management,2017
0001104659-17-073651,IRM,2017-12-15T21:52:49+00:00,other,2017
0000092230-17-000092,TFC,2017-12-20T12:31:53+00:00,other,2017
0000320335-17-000050,GL,2017-12-20T22:24:34+00:00,other,2017
0000766421-17-000074,ALK,2017-12-21T20:35:39+00:00,management,2017
0000874766-17-000066,HIG,2017-12-21T21:17:56+00:00,management,2017
0000070858-17-000056,BAC,2017-12-22T21:04:09+00:00,other,2017
0001374310-17-000041,CBOE,2017-12-22T21:14:52+00:00,agreement,2017
0000754737-17-000096,SCG,2017-12-28T14:56:11+00:00,agreement,2017
0001193125-18-000639,AGN,2018-01-02T21:24:34+00:00,agreement,2018
0001193125-18-003468,CNP,2018-01-05T11:31:03+00:00,other,2018
0000743988-18-000005,XLNX,2018-01-05T21:39:03+00:00,management,2018
0001140361-18-001074,BMY,2018-01-05T21:41:36+00:00,other,2018
0000062996-18-000003,MAS,2018-01-08T13:07:29+00:00,other,2018
0000896878-18-000002,INTU,2018-01-08T18:24:05+00:00,other,2018
0000078239-18-000002,PVH,2018-01-08T21:13:50+00:00,agreement,2018
0001144215-18-000009,AYI,2018-01-09T14:21:12+00:00,earnings,2018
0000092380-18-000006,LUV,2018-01-09T15:01:58+00:00,earnings,2018
0001157523-18-000053,SIG,2018-01-10T13:03:49+00:00,earnings,2018
0001633917-18-000013,PYPL,2018-01-10T21:43:17+00:00,management,2018
0001137774-18-000005,PRU,2018-01-17T21:31:58+00:00,other,2018
0000732712-18-000002,VZ,2018-01-17T21:32:51+00:00,other,2018
0000091576-18-000004,KEY,2018-01-18T11:41:20+00:00,earnings,2018
0000874761-18-000004,AES,2018-01-18T22:00:55+00:00,management,2018
0001326801-18-000003,META,2018-01-18T22:07:45+00:00,management,2018
0001601712-18-000024,SYF,2018-01-19T11:30:01+00:00,earnings,2018
0001437749-18-000839,JBHT,2018-01-19T20:46:59+00:00,earnings,2018
0001193125-18-014853,J,2018-01-19T22:01:56+00:00,management,2018
0001193125-18-015311,LOW,2018-01-22T13:12:02+00:00,management,2018
0001193125-18-016778,AIG,2018-01-23T13:50:02+00:00,other,2018
0001193125-18-017611,MTB,2018-01-23T22:21:02+00:00,management,2018
0000202058-18-000005,LHX,2018-01-30T11:41:33+00:00,earnings,2018
0000922224-18-000015,PPL,2018-01-30T13:04:00+00:00,other,2018
0000002488-18-000014,AMD,2018-01-30T21:06:35+00:00,earnings,2018
0001193125-18-026500,AVGO,2018-01-31T13:25:56+00:00,earnings,2018
0000732717-18-000003,T,2018-01-31T21:20:52+00:00,earnings,2018
0000950159-18-000039,CI,2018-02-01T11:05:18+00:00,earnings,2018
0000101778-18-000021,MRO,2018-02-01T21:57:40+00:00,management,2018
0001510295-18-000017,MPC,2018-02-02T21:35:11+00:00,other,2018
0001193125-18-031061,T,2018-02-03T00:07:02+00:00,agreement,2018
0001104659-18-006369,TRV,2018-02-05T12:00:28+00:00,management,2018
0001193125-18-031538,AGN,2018-02-05T13:02:03+00:00,management,2018
0001136893-18-000009,FIS,2018-02-06T12:05:44+00:00,earnings,2018
0001260221-18-000012,TDG,2018-02-06T12:27:46+00:00,earnings,2018
0000916365-18-000021,TSCO,2018-02-08T13:24:32+00:00,other,2018
0001193125-18-036224,NTAP,2018-02-08T21:07:02+00:00,management,2018
0000874766-18-000007,HIG,2018-02-08T21:17:21+00:00,earnings,2018
0001037646-18-000002,MTD,2018-02-08T21:20:25+00:00,earnings,2018
0001688568-18-000004,DXC,2018-02-08T21:23:56+00:00,earnings,2018
0001193125-18-036282,CMCSA,2018-02-08T21:28:03+00:00,other,2018
0001558370-18-000549,CBOE,2018-02-09T13:17:50+00:00,earnings,2018
0001193125-18-039005,GD,2018-02-12T13:24:05+00:00,other,2018
0001193125-18-042423,WDC,2018-02-13T20:46:58+00:00,agreement,2018
0001156375-18-000020,CME,2018-02-13T21:37:25+00:00,management,2018
0000060086-18-000005,L,2018-02-13T21:46:16+00:00,other,2018
0001564590-18-002075,NTAP,2018-02-14T21:12:00+00:00,earnings,2018
0001633917-18-000033,PYPL,2018-02-15T21:12:06+00:00,other,2018
0000016732-18-000019,CPB,2018-02-16T12:33:41+00:00,earnings,2018
0001174922-18-000012,WYNN,2018-02-16T21:25:30+00:00,other,2018
0001442145-18-000007,VRSK,2018-02-20T21:17:44+00:00,earnings,2018
0000895126-18-000058,CHK,2018-02-22T12:03:27+00:00,earnings,2018
0001193125-18-053232,ROK,2018-02-22T14:00:33+00:00,other,2018
0001645590-18-000006,HPE,2018-02-22T21:26:06+00:00,earnings,2018
0001104659-18-011726,VTR,2018-02-23T21:32:57+00:00,other,2018
0001637459-18-000020,KHC,2018-02-23T22:04:43+00:00,management,2018
0001104659-18-011899,DUK,2018-02-26T13:10:58+00:00,other,2018
0000885725-18-000015,BSX,2018-02-26T22:01:06+00:00,agreement,2018
0000086521-18-000011,SRE,2018-02-26T22:11:03+00:00,management,2018
0001193125-18-061175,D,2018-02-27T22:24:04+00:00,other,2018
0001193125-18-071274,CVS,2018-03-06T12:34:58+00:00,other,2018
0001558370-18-001527,BALL,2018-03-06T12:57:26+00:00,other,2018
0000920148-18-000034,LH,2018-03-06T13:15:59+00:00,other,2018
0000769397-18-000003,ADSK,2018-03-06T21:01:28+00:00,earnings,2018
0001193125-18-072210,HOLX,2018-03-06T21:48:03+00:00,other,2018
0001628280-18-002900,FFIV,2018-03-08T00:32:04+00:00,earnings,2018
0001075531-18-000019,BKNG,2018-03-08T22:08:52+00:00,management,2018
0000920148-18-000038,LH,2018-03-09T14:09:29+00:00,other,2018
0001193125-18-077568,ESRX,2018-03-09T22:23:58+00:00,agreement,2018
0000086521-18-000025,SRE,2018-03-12T10:20:56+00:00,management,2018
0001193125-18-081791,AIG,2018-03-14T16:28:55+00:00,other,2018
0000720005-18-000026,RJF,2018-03-14T19:22:32+00:00,earnings,2018
0001601712-18-000109,SYF,2018-03-15T10:32:05+00:00,other,2018
0000032604-18-000023,EMR,2018-03-15T10:54:24+00:00,other,2018
0000950159-18-000103,CI,2018-03-15T20:30:28+00:00,management,2018
0000098246-18-000132,TIF,2018-03-16T10:33:56+00:00,earnings,2018
0001193125-18-085893,CNP,2018-03-16T20:31:08+00:00,other,2018
0001193125-18-089216,WELL,2018-03-20T20:35:02+00:00,management,2018
0001193125-18-091350,CAG,2018-03-22T11:31:03+00:00,earnings,2018
0000950103-18-003649,CSX,2018-03-22T20:45:16+00:00,management,2018
0000732717-18-000011,T,2018-03-22T21:05:45+00:00,other,2018
0001613103-18-000013,MDT,2018-03-23T21:28:11+00:00,other,2018
0001193125-18-095936,D,2018-03-26T20:20:03+00:00,agreement,2018
0001193125-18-099472,AON,2018-03-28T20:05:55+00:00,management,2018
0001193125-18-099663,WFC,2018-03-28T20:58:02+00:00,other,2018
0001193125-18-104883,MDLZ,2018-04-02T20:35:33+00:00,agreement,2018
0000930413-18-001185,IT,2018-04-03T20:30:20+00:00,other,2018
0001193125-18-106369,CSRA,2018-04-03T21:12:03+00:00,management,2018
0001039684-18-000023,OKE,2018-04-04T20:06:18+00:00,other,2018
0000796343-18-000072,ADBE,2018-04-05T12:47:41+00:00,management,2018
0001193125-18-110052,SNPS,2018-04-06T20:30:33+00:00,management,2018
0001193125-18-113618,AOS,2018-04-11T13:20:02+00:00,other,2018
0001039684-18-000028,OKE,2018-04-12T20:11:42+00:00,other,2018
0001564590-18-008208,MTB,2018-04-16T13:28:49+00:00,earnings,2018
0001065280-18-000202,NFLX,2018-04-16T20:16:26+00:00,earnings,2018
0000731766-18-000015,UNH,2018-04-17T10:04:59+00:00,earnings,2018
0001281761-18-000035,RF,2018-04-19T22:15:22+00:00,earnings,2018
0001728949-18-000029,QCOM,2018-04-20T20:04:26+00:00,other,2018
0001031296-18-000028,FE,2018-04-23T11:18:01+00:00,earnings,2018
0001193125-18-129800,ELV,2018-04-25T10:07:03+00:00,earnings,2018
0001728949-18-000038,QCOM,2018-04-25T20:04:05+00:00,earnings,2018
0001095073-18-000015,RE,2018-04-25T20:27:06+00:00,earnings,2018
0000720005-18-000033,RJF,2018-04-25T21:01:49+00:00,earnings,2018
0001104659-18-026879,CMS,2018-04-26T11:10:16+00:00,earnings,2018
0000062709-18-000014,MRSH,2018-04-26T11:21:11+00:00,earnings,2018
0001564590-18-009188,MGM,2018-04-26T12:55:17+00:00,earnings,2018
0000037996-18-000038,F,2018-04-26T19:02:41+00:00,agreement,2018
0000310764-18-000104,SYK,2018-04-26T20:11:10+00:00,earnings,2018
0001437749-18-007833,KIM,2018-04-26T20:22:01+00:00,other,2018
0001637459-18-000095,KHC,2018-04-26T20:38:21+00:00,other,2018
0001157523-18-000847,VTR,2018-04-27T11:08:17+00:00,earnings,2018
0000024741-18-000022,GLW,2018-04-27T18:07:24+00:00,other,2018
0001104659-18-027750,IBM,2018-04-27T20:18:12+00:00,other,2018
0001193125-18-139368,AMZN,2018-04-27T21:23:04+00:00,agreement,2018
0000922224-18-000034,PPL,2018-04-30T11:14:30+00:00,other,2018
0000950157-18-000485,MLM,2018-04-30T12:16:31+00:00,other,2018
0000950103-18-005454,CMCSA,2018-04-30T20:05:37+00:00,agreement,2018
0001193125-18-143264,MCO,2018-04-30T20:27:55+00:00,other,2018
0001144204-18-023892,C,2018-04-30T20:30:29+00:00,management,2018
0000200406-18-000017,JNJ,2018-04-30T21:21:00+00:00,other,2018
0000007084-18-000016,ADM,2018-05-01T14:27:34+00:00,earnings,2018
0001206774-18-001532,CLX,2018-05-02T10:45:15+00:00,earnings,2018
0001041061-18-000021,YUM,2018-05-02T11:06:31+00:00,earnings,2018
0000072741-18-000037,ES,2018-05-02T21:00:12+00:00,earnings,2018
0001140361-18-021305,ESS,2018-05-02T21:14:42+00:00,earnings,2018
0001193125-18-152870,MDLZ,2018-05-04T20:32:02+00:00,management,2018
0000077476-18-000036,PEP,2018-05-04T20:35:12+00:00,other,2018
0000719739-18-000019,SIVB,2018-05-04T20:36:42+00:00,other,2018
0001193125-18-154704,MDLZ,2018-05-07T21:23:03+00:00,agreement,2018
0000827054-18-000084,MCHP,2018-05-08T12:02:15+00:00,earnings,2018
0001193125-18-155421,VZ,2018-05-08T14:09:32+00:00,other,2018
0000020286-18-000034,CINF,2018-05-09T20:09:43+00:00,other,2018
0000004977-18-000095,AFL,2018-05-10T20:53:00+00:00,other,2018
0001193125-18-162724,SJM,2018-05-14T20:46:55+00:00,other,2018
0000200406-18-000021,JNJ,2018-05-14T20:48:08+00:00,other,2018
0001359841-18-000038,HBI,2018-05-15T11:05:10+00:00,other,2018
0001193125-18-165266,AAL,2018-05-16T20:15:59+00:00,agreement,2018
0001104659-18-033973,DPS,2018-05-17T12:10:19+00:00,other,2018
0001193125-18-167988,WELL,2018-05-18T20:24:02+00:00,other,2018
0000045012-18-000091,HAL,2018-05-18T21:25:57+00:00,other,2018
0001193125-18-168810,QCOM,2018-05-21T13:29:32+00:00,other,2018
0001193125-18-170367,AEE,2018-05-22T14:56:33+00:00,other,2018
0001193125-18-171530,LOW,2018-05-23T13:43:04+00:00,earnings,2018
0000063908-18-000027,MCD,2018-05-23T19:55:44+00:00,other,2018
0000764478-18-000020,BBY,2018-05-24T11:00:26+00:00,earnings,2018
0000745732-18-000011,ROST,2018-05-24T20:04:20+00:00,earnings,2018
0001688568-18-000034,DXC,2018-05-24T20:25:16+00:00,earnings,2018
0000794367-18-000072,M,2018-05-25T20:23:58+00:00,management,2018
0001140361-18-026195,LLL,2018-05-30T15:18:08+00:00,other,2018
0001193125-18-178238,WFC,2018-05-30T18:19:04+00:00,other,2018
0001654954-18-006056,NAVI,2018-05-30T20:11:17+00:00,management,2018
0000885725-18-000023,BSX,2018-05-31T10:31:26+00:00,other,2018
0001193125-18-179482,CFG,2018-05-31T11:53:06+00:00,other,2018
0001193125-18-181620,WFC,2018-06-01T18:40:02+00:00,other,2018
0001193125-18-182479,BAC,2018-06-04T10:55:04+00:00,other,2018
0000093410-18-000020,CVX,2018-06-04T18:18:25+00:00,other,2018
0000950142-18-001355,ADP,2018-06-07T14:30:28+00:00,management,2018
0000950157-18-000598,MLM,2018-06-08T18:23:41+00:00,management,2018
0000936340-18-000152,DTE,2018-06-08T20:15:54+00:00,other,2018
0001206774-18-001846,WU,2018-06-11T20:05:17+00:00,other,2018
0000028412-18-000126,CMA,2018-06-11T20:15:37+00:00,other,2018
0001193125-18-191662,AAL,2018-06-13T20:19:35+00:00,other,2018
0000950142-18-001384,ADP,2018-06-14T20:06:51+00:00,agreement,2018
0001193125-18-193051,EBAY,2018-06-14T21:02:58+00:00,management,2018
0001193125-18-193209,CRM,2018-06-14T23:00:59+00:00,agreement,2018
0001193125-18-194486,FITB,2018-06-15T20:07:57+00:00,agreement,2018
0001193125-18-194609,KHC,2018-06-15T20:52:07+00:00,agreement,2018
0001193125-18-196369,PBCT,2018-06-19T12:32:18+00:00,other,2018
0001193125-18-198514,PCG,2018-06-21T10:15:11+00:00,other,2018
0001193125-18-198569,HSIC,2018-06-21T11:07:05+00:00,other,2018
0001157523-18-001324,RHT,2018-06-21T20:16:28+00:00,earnings,2018
0001097149-18-000025,ALGN,2018-06-25T20:46:29+00:00,management,2018
0001598014-18-000100,INFO,2018-06-26T10:05:25+00:00,earnings,2018
0001193125-18-204578,CCI,2018-06-27T10:07:05+00:00,other,2018
0001193125-18-207681,CNP,2018-06-28T20:35:19+00:00,other,2018
0000950103-18-007921,MS,2018-06-28T21:08:16+00:00,other,2018
0000764622-18-000042,PNW,2018-06-29T22:01:11+00:00,agreement,2018
0001104659-18-044035,RCL,2018-07-05T20:31:02+00:00,agreement,2018
0001558370-18-005528,ECL,2018-07-06T20:41:49+00:00,management,2018
0001193125-18-214665,CHTR,2018-07-09T19:17:35+00:00,agreement,2018
0000100517-18-000006,UAL,2018-07-10T20:15:41+00:00,other,2018
0001101215-18-000151,ADS,2018-07-12T11:51:23+00:00,other,2018
0000726728-18-000070,O,2018-07-12T17:00:57+00:00,management,2018
0000019617-18-000147,JPM,2018-07-13T10:45:51+00:00,earnings,2018
0000920148-18-000088,LH,2018-07-16T13:38:22+00:00,other,2018
0001193125-18-221448,WFC,2018-07-19T19:57:58+00:00,other,2018
0001104659-18-046520,EQT,2018-07-23T20:28:19+00:00,other,2018
0001031296-18-000046,FE,2018-07-23T21:04:41+00:00,management,2018
0000109380-18-000228,ZION,2018-07-23T23:18:44+00:00,earnings,2018
0001489393-18-000002,LYB,2018-07-24T18:27:08+00:00,management,2018
0001564590-18-017305,TXN,2018-07-24T20:25:09+00:00,earnings,2018
0001133421-18-000037,NOC,2018-07-25T10:33:56+00:00,earnings,2018
0000920148-18-000094,LH,2018-07-25T11:01:47+00:00,other,2018
0001193125-18-225317,CVS,2018-07-25T13:03:04+00:00,other,2018
0001628280-18-009590,MAT,2018-07-25T20:05:23+00:00,earnings,2018
0001193125-18-225959,EVHC,2018-07-25T20:22:06+00:00,other,2018
0000922864-18-000030,AIV,2018-07-25T20:45:26+00:00,other,2018
0000720005-18-000054,RJF,2018-07-25T21:13:17+00:00,earnings,2018
0000352541-18-000071,LNT,2018-07-25T21:50:37+00:00,management,2018
0001157523-18-001533,EQT,2018-07-26T10:31:33+00:00,earnings,2018
0001039684-18-000051,OKE,2018-07-26T20:23:06+00:00,other,2018
0000915389-18-000044,EMN,2018-07-26T20:25:57+00:00,earnings,2018
0001193125-18-227940,MTB,2018-07-26T21:13:06+00:00,other,2018
0000719739-18-000035,SIVB,2018-07-27T20:31:00+00:00,other,2018
0000092122-18-000047,SO,2018-07-30T12:39:33+00:00,other,2018
0000080424-18-000050,PG,2018-07-31T11:06:42+00:00,earnings,2018
0000798354-18-000015,FISV,2018-07-31T20:24:40+00:00,earnings,2018
0001193125-18-233243,CMA,2018-07-31T20:28:07+00:00,other,2018
0001555280-18-000219,ZTS,2018-07-31T21:02:51+00:00,other,2018
0000715957-18-000023,D,2018-07-31T21:12:48+00:00,other,2018
0001193125-18-234950,MAC,2018-08-01T20:16:02+00:00,earnings,2018
0001104659-18-048811,CF,2018-08-01T21:14:23+00:00,earnings,2018
0001281761-18-000088,RF,2018-08-01T21:41:33+00:00,other,2018
0000930413-18-002493,HON,2018-08-02T13:03:23+00:00,management,2018
0001193125-18-238491,MSCI,2018-08-03T21:09:05+00:00,management,2018
0000086521-18-000051,SRE,2018-08-06T15:18:57+00:00,earnings,2018
0001171843-18-005769,ANSS,2018-08-06T20:39:15+00:00,earnings,2018
0000040533-18-000052,GD,2018-08-07T20:00:42+00:00,management,2018
0001604778-18-000075,QRVO,2018-08-08T19:40:21+00:00,other,2018
0000107815-18-000250,WEC,2018-08-08T20:16:57+00:00,other,2018
0001585364-18-000068,PRGO,2018-08-09T12:07:51+00:00,earnings,2018
0001387131-18-003916,WFC,2018-08-13T20:03:03+00:00,other,2018
0001193125-18-247311,PRU,2018-08-13T20:25:36+00:00,other,2018
0001101215-18-000183,ADS,2018-08-15T11:30:56+00:00,other,2018
0000764478-18-000038,BBY,2018-08-15T20:06:57+00:00,other,2018
0001688568-18-000086,DXC,2018-08-20T20:43:34+00:00,management,2018
0001024305-18-000023,COTY,2018-08-21T10:39:08+00:00,earnings,2018
0000874766-18-000042,HIG,2018-08-22T10:30:38+00:00,agreement,2018
0001193125-18-257743,CHRW,2018-08-24T20:37:58+00:00,management,2018
0001031296-18-000057,FE,2018-08-27T21:21:10+00:00,agreement,2018
0000882835-18-000056,ROP,2018-08-28T14:30:01+00:00,other,2018
0001193125-18-265045,HUM,2018-08-31T20:15:35+00:00,other,2018
0001168054-18-000026,XEC,2018-09-04T15:43:49+00:00,other,2018
0001104659-18-055076,WM,2018-09-04T20:37:23+00:00,management,2018
0000048039-18-000059,HFC,2018-09-05T10:46:18+00:00,other,2018
0001383312-18-000043,BR,2018-09-05T12:46:32+00:00,other,2018
0001111711-18-000042,NI,2018-09-05T20:20:26+00:00,management,2018
0001193125-18-268028,VZ,2018-09-06T17:33:04+00:00,management,2018
0000897069-18-000525,CMI,2018-09-06T20:31:28+00:00,other,2018
0001144204-18-048306,C,2018-09-06T20:35:20+00:00,management,2018
0000086521-18-000068,SRE,2018-09-10T15:10:40+00:00,other,2018
0000072903-18-000050,XEL,2018-09-10T21:07:52+00:00,other,2018
0000885725-18-000038,BSX,2018-09-11T20:09:24+00:00,other,2018
0000073124-18-000274,NTRS,2018-09-12T20:10:26+00:00,other,2018
0001140361-18-038485,BMY,2018-09-14T21:20:21+00:00,management,2018
0000032604-18-000040,EMR,2018-09-18T20:19:24+00:00,other,2018
0001193125-18-276426,AIZ,2018-09-18T20:20:01+00:00,other,2018
0001193125-18-277680,STZ,2018-09-19T21:00:39+00:00,agreement,2018
0001193125-18-281183,FITB,2018-09-24T20:11:49+00:00,other,2018
0000016918-18-000058,STZ,2018-09-24T20:48:37+00:00,management,2018
0001193125-18-285667,MET,2018-09-27T20:22:05+00:00,management,2018
0001104659-18-059130,MRK,2018-09-27T21:02:04+00:00,management,2018
0001104659-18-060032,F,2018-10-02T20:53:40+00:00,other,2018
0001467858-18-000094,GM,2018-10-03T13:01:30+00:00,agreement,2018
0000040545-18-000074,GE,2018-10-04T20:34:14+00:00,management,2018
0001193125-18-293414,COST,2018-10-04T21:17:59+00:00,earnings,2018
0000107815-18-000266,WEC,2018-10-09T20:12:54+00:00,management,2018
0001193125-18-296317,DLR,2018-10-10T10:07:05+00:00,other,2018
0001260221-18-000060,TDG,2018-10-11T13:17:49+00:00,agreement,2018
0001104659-18-061697,REGN,2018-10-12T11:45:46+00:00,other,2018
0000020286-18-000063,CINF,2018-10-12T18:01:16+00:00,earnings,2018
0001193125-18-298884,HON,2018-10-15T12:37:07+00:00,agreement,2018
0000200406-18-000049,JNJ,2018-10-16T12:00:30+00:00,earnings,2018
0001633917-18-000200,PYPL,2018-10-18T20:26:11+00:00,earnings,2018
0000080424-18-000095,PG,2018-10-19T11:03:58+00:00,earnings,2018
0001022079-18-000176,DGX,2018-10-23T10:48:43+00:00,earnings,2018
0001144204-18-054862,VAR,2018-10-23T14:23:23+00:00,other,2018
0000927628-18-000306,COF,2018-10-23T20:01:42+00:00,earnings,2018
0000820027-18-000064,AMP,2018-10-23T20:14:08+00:00,earnings,2018
0000920148-18-000123,LH,2018-10-24T10:55:36+00:00,other,2018
0001090727-18-000037,UPS,2018-10-24T11:30:44+00:00,earnings,2018
0000898173-18-000196,ORLY,2018-10-24T20:31:08+00:00,earnings,2018
0001645590-18-000024,HPE,2018-10-24T21:13:22+00:00,other,2018
0001157523-18-002140,KIM,2018-10-25T11:05:30+00:00,earnings,2018
0001193125-18-307026,MCK,2018-10-25T11:06:58+00:00,earnings,2018
0001324424-18-000049,EXPE,2018-10-25T12:10:08+00:00,other,2018
0000092380-18-000127,LUV,2018-10-25T13:50:51+00:00,earnings,2018
0001157523-18-002154,FBHS,2018-10-25T20:05:42+00:00,earnings,2018
0001014473-18-000039,VRSN,2018-10-25T20:08:49+00:00,earnings,2018
0001410636-18-000163,AWK,2018-10-29T21:09:37+00:00,other,2018
0001058290-18-000038,CTSH,2018-10-30T10:07:25+00:00,earnings,2018
0001628280-18-013100,EXR,2018-10-30T20:39:29+00:00,earnings,2018
0001104659-18-064892,COP,2018-10-31T12:01:46+00:00,management,2018
0000936340-18-000236,DTE,2018-10-31T20:15:59+00:00,earnings,2018
0001193125-18-313974,MAC,2018-10-31T20:26:08+00:00,earnings,2018
0001035267-18-000136,ISRG,2018-10-31T20:33:23+00:00,other,2018
0001104659-18-065148,CF,2018-10-31T21:23:05+00:00,earnings,2018
0000922224-18-000073,PPL,2018-11-01T12:25:39+00:00,earnings,2018
0001193125-18-317220,ROK,2018-11-02T20:32:06+00:00,management,2018
0000064040-18-000189,SPGI,2018-11-02T22:47:24+00:00,other,2018
0001193125-18-317744,BRK-B,2018-11-05T11:13:35+00:00,earnings,2018
0000049196-18-000065,HBAN,2018-11-05T12:58:36+00:00,other,2018
0001104659-18-066000,TEL,2018-11-05T21:43:34+00:00,other,2018
0000074208-18-000094,UDR,2018-11-05T23:59:06+00:00,other,2018
0001104659-18-066156,O,2018-11-06T11:08:05+00:00,other,2018
0001104659-18-066219,AXP,2018-11-06T15:19:03+00:00,other,2018
0001193125-18-319585,DVN,2018-11-06T21:17:12+00:00,earnings,2018
0001501585-18-000033,HII,2018-11-08T12:25:09+00:00,earnings,2018
0000908255-18-000065,BWA,2018-11-08T13:48:46+00:00,other,2018
0001037646-18-000028,MTD,2018-11-08T21:13:32+00:00,earnings,2018
0001104659-18-066972,ATVI,2018-11-08T21:13:47+00:00,earnings,2018
0001104659-18-068280,DE,2018-11-14T14:00:27+00:00,other,2018
0000060667-18-000191,LOW,2018-11-14T21:03:28+00:00,management,2018
0001104659-18-068436,ABT,2018-11-14T21:05:43+00:00,management,2018
0001045810-18-000148,NVDA,2018-11-15T21:21:48+00:00,earnings,2018
0001193125-18-328007,MET,2018-11-15T21:26:05+00:00,other,2018
0001558370-18-009387,HP,2018-11-15T22:07:50+00:00,earnings,2018
0001193125-18-329566,URI,2018-11-19T13:30:58+00:00,other,2018
0001090872-18-000017,A,2018-11-19T21:06:31+00:00,earnings,2018
0000764478-18-000051,BBY,2018-11-20T12:00:29+00:00,earnings,2018
0000060667-18-000193,LOW,2018-11-20T13:17:51+00:00,management,2018
0000900075-18-000061,CPRT,2018-11-20T22:16:54+00:00,earnings,2018
0001039684-18-000082,OKE,2018-11-27T21:31:51+00:00,other,2018
0001297996-18-000152,DLR,2018-11-28T21:44:12+00:00,management,2018
0001053507-18-000051,AMT,2018-11-28T22:11:07+00:00,agreement,2018
0001193125-18-338071,EQR,2018-11-29T21:22:37+00:00,other,2018
0001193125-18-338090,NI,2018-11-29T21:31:00+00:00,agreement,2018
0001628280-18-014745,MAR,2018-11-30T11:03:17+00:00,other,2018
0001157523-18-002518,DG,2018-12-04T12:04:51+00:00,earnings,2018
0000052988-18-000038,J,2018-12-04T21:46:41+00:00,agreement,2018
0001104659-18-071484,DE,2018-12-06T11:07:29+00:00,other,2018
0000723125-18-000145,MU,2018-12-06T16:59:22+00:00,management,2018
0000884887-18-000091,RCL,2018-12-06T22:22:45+00:00,management,2018
0001193125-18-344259,CAG,2018-12-07T13:32:58+00:00,management,2018
0001104659-18-072103,DOC,2018-12-10T21:18:15+00:00,other,2018
0001206774-18-003380,CLX,2018-12-10T21:30:23+00:00,management,2018
0001193125-18-346272,RHT,2018-12-10T22:17:00+00:00,other,2018
0000018230-18-000312,CAT,2018-12-13T14:00:04+00:00,other,2018
0000882184-18-000145,DHI,2018-12-13T21:17:07+00:00,other,2018
0001104659-18-074041,HP,2018-12-20T18:54:25+00:00,agreement,2018
0001039684-18-000086,OKE,2018-12-20T21:09:31+00:00,management,2018
0000892712-18-000507,KSS,2018-12-20T21:30:45+00:00,other,2018
0001193125-18-354633,PRGO,2018-12-20T21:46:35+00:00,other,2018
0000831259-18-000038,FCX,2018-12-28T13:28:12+00:00,agreement,2018
0001193125-19-000590,JWN,2019-01-02T21:09:36+00:00,other,2019
0000092230-19-000002,TFC,2019-01-02T21:38:27+00:00,management,2019
0001193125-19-003780,AEE,2019-01-07T21:16:06+00:00,management,2019
0001140859-19-000002,COR,2019-01-11T21:06:01+00:00,management,2019
0001101215-19-000002,ADS,2019-01-15T12:30:52+00:00,other,2019
0001158449-19-000021,AAP,2019-01-15T13:41:36+00:00,agreement,2019
0000764622-19-000005,PNW,2019-01-15T21:26:09+00:00,other,2019
0001193125-19-009834,PEG,2019-01-15T22:00:03+00:00,management,2019
0001193125-19-010612,LEG,2019-01-16T21:25:06+00:00,agreement,2019
0000092230-19-000008,TFC,2019-01-17T11:07:33+00:00,earnings,2019
0000045012-19-000035,HAL,2019-01-18T17:03:01+00:00,management,2019
0001193125-19-012972,PLD,2019-01-18T21:49:06+00:00,agreement,2019
0001506307-19-000016,KMI,2019-01-22T21:41:07+00:00,management,2019
0001039684-19-000006,OKE,2019-01-22T22:00:45+00:00,other,2019
0000080424-19-000008,PG,2019-01-23T12:07:00+00:00,earnings,2019
0001171200-19-000023,ROL,2019-01-23T13:30:16+00:00,other,2019
0001558370-19-000202,APH,2019-01-23T14:41:09+00:00,earnings,2019
0000899689-19-000004,VNO,2019-01-23T22:07:08+00:00,earnings,2019
0001193125-19-018954,RF,2019-01-28T21:31:36+00:00,other,2019
0001306830-19-000010,CE,2019-01-28T21:54:29+00:00,earnings,2019
0001628280-19-000632,RHI,2019-01-29T21:07:29+00:00,earnings,2019
0001260221-19-000002,TDG,2019-01-29T21:16:23+00:00,other,2019
0001104659-19-004072,KR,2019-01-29T21:27:40+00:00,management,2019
0001157523-19-000192,ETN,2019-01-31T12:00:23+00:00,earnings,2019
0001047122-19-000004,RTN,2019-01-31T12:02:18+00:00,earnings,2019
0000047111-19-000003,HSY,2019-01-31T12:17:18+00:00,earnings,2019
0001628280-19-000790,KLAC,2019-02-01T21:09:08+00:00,management,2019
0000936340-19-000059,DTE,2019-02-04T21:21:31+00:00,management,2019
0001104659-19-005725,EL,2019-02-05T13:21:32+00:00,earnings,2019
0001193125-19-028299,MCK,2019-02-05T21:11:01+00:00,management,2019
0000875320-19-000003,VRTX,2019-02-05T21:15:21+00:00,earnings,2019
0000059558-19-000002,LNC,2019-02-06T21:16:45+00:00,earnings,2019
0001193125-19-029574,PRU,2019-02-06T21:18:36+00:00,earnings,2019
0001099219-19-000004,MET,2019-02-06T21:29:07+00:00,earnings,2019
0001193125-19-029658,LH,2019-02-06T22:06:00+00:00,management,2019
0001193125-19-030106,STI,2019-02-07T11:14:51+00:00,other,2019
0000936340-19-000084,DTE,2019-02-07T11:51:22+00:00,earnings,2019
0001539497-19-000131,FL,2019-02-07T21:01:17+00:00,other,2019
0001659166-19-000027,FTV,2019-02-07T21:14:50+00:00,earnings,2019
0001551182-19-000011,ETN,2019-02-12T15:40:45+00:00,management,2019
0000107815-19-000107,WEC,2019-02-12T21:20:24+00:00,other,2019
0001193125-19-036005,NWL,2019-02-12T21:30:35+00:00,management,2019
0000006951-19-000004,AMAT,2019-02-14T21:03:30+00:00,earnings,2019
0001104659-19-008747,IRM,2019-02-14T21:25:42+00:00,other,2019
0000009389-19-000008,BALL,2019-02-15T21:49:08+00:00,other,2019
0000950103-19-002069,TSN,2019-02-19T21:11:25+00:00,agreement,2019
0001193125-19-044244,BA,2019-02-19T21:15:33+00:00,other,2019
0000354908-19-000012,FLIR,2019-02-19T21:30:03+00:00,management,2019
0001111928-19-000029,IPGP,2019-02-20T21:49:56+00:00,management,2019
0000048465-19-000009,HRL,2019-02-21T13:00:58+00:00,earnings,2019
0001193125-19-047020,SBAC,2019-02-21T21:21:02+00:00,earnings,2019
0000732712-19-000016,VZ,2019-02-21T21:23:06+00:00,other,2019
0001157523-19-000415,CL,2019-02-21T21:30:38+00:00,management,2019
0001633917-19-000066,PYPL,2019-02-21T21:39:45+00:00,management,2019
0000882184-19-000056,DHI,2019-02-22T21:16:38+00:00,agreement,2019
0000794367-19-000014,M,2019-02-22T21:51:38+00:00,other,2019
0001126328-19-000094,PFG,2019-02-25T19:11:10+00:00,other,2019
0000821189-19-000008,EOG,2019-02-26T21:21:00+00:00,earnings,2019
0001564590-19-004935,UHS,2019-02-27T21:30:30+00:00,earnings,2019
0001193125-19-055791,BAX,2019-02-28T13:45:32+00:00,management,2019
0001104659-19-012019,XEC,2019-03-01T21:48:09+00:00,other,2019
0001193125-19-062411,EQIX,2019-03-04T21:02:03+00:00,agreement,2019
0001108524-19-000007,CRM,2019-03-04T21:12:48+00:00,earnings,2019
0001564590-19-006138,KSS,2019-03-05T11:59:55+00:00,earnings,2019
0000093751-19-000371,STT,2019-03-05T21:08:25+00:00,other,2019
0001564590-19-006511,MSCI,2019-03-06T21:43:55+00:00,management,2019
0001193125-19-069124,MAR,2019-03-08T21:12:33+00:00,other,2019
0001193125-19-069308,PSA,2019-03-08T22:20:32+00:00,management,2019
0001104659-19-013718,FLR,2019-03-11T11:08:47+00:00,management,2019
0001193125-19-071350,FITB,2019-03-12T11:01:06+00:00,other,2019
0001104659-19-014293,NEM,2019-03-12T21:08:01+00:00,agreement,2019
0001326801-19-000016,META,2019-03-14T20:14:15+00:00,management,2019
0001193125-19-077386,JCI,2019-03-18T10:06:32+00:00,other,2019
0001193125-19-080167,GOOG,2019-03-20T12:30:33+00:00,other,2019
0000827052-19-000070,EIX,2019-03-20T21:16:11+00:00,management,2019
0001053507-19-000060,AMT,2019-03-21T20:35:05+00:00,other,2019
0001104659-19-016826,AMP,2019-03-22T20:31:13+00:00,other,2019
0000875045-19-000011,BIIB,2019-03-25T11:08:31+00:00,other,2019
0001193125-19-084388,SLB,2019-03-25T13:05:02+00:00,other,2019
0001104659-19-017137,BALL,2019-03-25T20:13:22+00:00,agreement,2019
0001140361-19-005591,BMY,2019-03-26T11:05:07+00:00,other,2019
0000815097-19-000008,CCL,2019-03-26T13:16:25+00:00,earnings,2019
0001466258-19-000123,TT,2019-03-26T21:27:10+00:00,agreement,2019
0001193125-19-088529,FDX,2019-03-27T20:25:02+00:00,agreement,2019
0001104659-19-017850,IBM,2019-03-27T20:36:39+00:00,other,2019
0000723531-19-000012,PAYX,2019-03-27T20:45:03+00:00,earnings,2019
0000096223-19-000014,JEF,2019-03-28T11:23:04+00:00,earnings,2019
0001539497-19-000531,FL,2019-03-28T12:30:25+00:00,other,2019
0000920148-19-000039,LH,2019-03-28T15:25:29+00:00,other,2019
0001171843-19-002046,ALGN,2019-03-28T21:00:13+00:00,other,2019
0001193125-19-092667,MCK,2019-03-29T20:10:32+00:00,management,2019
0000936340-19-000105,DTE,2019-03-29T20:19:10+00:00,other,2019
0001683168-19-000928,DAL,2019-04-02T13:00:13+00:00,other,2019
0001387131-19-002467,WFC,2019-04-02T19:06:12+00:00,other,2019
0001193125-19-095691,DOV,2019-04-02T20:39:32+00:00,other,2019
0000875320-19-000012,VRTX,2019-04-02T21:21:58+00:00,management,2019
0000950103-19-004545,CSX,2019-04-03T20:16:16+00:00,agreement,2019
0001552781-19-000156,KO,2019-04-10T14:50:35+00:00,other,2019
0001193125-19-103793,TJX,2019-04-11T19:26:32+00:00,other,2019
0001193125-19-107913,GM,2019-04-16T20:55:14+00:00,agreement,2019
0000019617-19-000065,JPM,2019-04-17T21:12:40+00:00,management,2019
0000750556-19-000111,STI,2019-04-18T10:07:03+00:00,earnings,2019
0001104659-19-022356,LW,2019-04-18T20:31:15+00:00,management,2019
0001193125-19-113581,WMT,2019-04-22T21:17:03+00:00,other,2019
0001101215-19-000076,ADS,2019-04-23T11:30:43+00:00,other,2019
0001521332-19-000016,APTV,2019-04-24T20:09:40+00:00,management,2019
0001144204-19-020929,VAR,2019-04-24T20:20:12+00:00,earnings,2019
0000009389-19-000017,BALL,2019-04-24T21:28:47+00:00,management,2019
0000062709-19-000013,MRSH,2019-04-25T11:22:26+00:00,earnings,2019
0000049196-19-000025,HBAN,2019-04-25T11:46:01+00:00,earnings,2019
0000916365-19-000078,TSCO,2019-04-25T12:07:50+00:00,earnings,2019
0000004977-19-000070,AFL,2019-04-25T20:31:30+00:00,earnings,2019
0001681459-19-000058,FTI,2019-04-25T20:50:45+00:00,earnings,2019
0000004904-19-000023,AEP,2019-04-29T20:54:00+00:00,other,2019
0001193125-19-127378,STX,2019-04-30T12:09:55+00:00,earnings,2019
0001193125-19-127436,PRGO,2019-04-30T12:25:57+00:00,other,2019
0000064803-19-000018,CVS,2019-05-01T10:58:06+00:00,earnings,2019
0001041061-19-000014,YUM,2019-05-01T11:11:15+00:00,earnings,2019
0001193125-19-130941,PBCT,2019-05-01T12:01:07+00:00,other,2019
0001193125-19-132506,VLO,2019-05-01T18:25:03+00:00,other,2019
0001157523-19-001016,HOLX,2019-05-01T20:03:27+00:00,earnings,2019
0001628280-19-005490,DOC,2019-05-01T20:25:13+00:00,earnings,2019
0001013871-19-000015,NRG,2019-05-02T10:50:00+00:00,earnings,2019
0001193125-19-133800,MAC,2019-05-02T11:01:35+00:00,earnings,2019
0000936340-19-000141,DTE,2019-05-02T20:17:20+00:00,earnings,2019
0001387131-19-003272,WFC,2019-05-02T20:36:42+00:00,other,2019
0000055785-19-000035,KMB,2019-05-03T18:27:57+00:00,other,2019
0001193125-19-136741,GLW,2019-05-03T18:50:02+00:00,other,2019
0001171200-19-000209,ROL,2019-05-03T21:00:31+00:00,other,2019
0001243786-19-000047,MOS,2019-05-06T21:24:13+00:00,earnings,2019
0000749251-19-000008,IT,2019-05-07T10:02:44+00:00,earnings,2019
0001000228-19-000028,HSIC,2019-05-07T10:36:57+00:00,earnings,2019
0001193125-19-139788,LEG,2019-05-07T20:54:03+00:00,management,2019
0001024305-19-000050,COTY,2019-05-08T10:36:52+00:00,earnings,2019
0001193125-19-141116,NSC,2019-05-08T17:25:55+00:00,agreement,2019
0000018926-19-000009,LUMN,2019-05-08T20:24:50+00:00,earnings,2019
0000313616-19-000083,DHR,2019-05-08T21:07:01+00:00,other,2019
0001585364-19-000052,PRGO,2019-05-08T21:12:57+00:00,earnings,2019
0001206774-19-001694,WU,2019-05-09T20:10:37+00:00,other,2019
0001601712-19-000138,SYF,2019-05-09T21:02:49+00:00,other,2019
0001193125-19-144129,PKG,2019-05-10T19:09:55+00:00,management,2019
0000793952-19-000027,HOG,2019-05-10T20:38:17+00:00,other,2019
0001604778-19-000028,QRVO,2019-05-14T18:48:19+00:00,management,2019
0000874766-19-000045,HIG,2019-05-15T20:38:02+00:00,other,2019
0001193125-19-149855,WDC,2019-05-17T10:05:02+00:00,agreement,2019
0001095073-19-000029,RE,2019-05-20T18:26:51+00:00,other,2019
0000352541-19-000059,LNT,2019-05-20T21:04:31+00:00,other,2019
0000078239-19-000017,PVH,2019-05-22T14:42:26+00:00,management,2019
0000896878-19-000076,INTU,2019-05-23T20:02:22+00:00,earnings,2019
0000950157-19-000659,PH,2019-05-24T20:15:19+00:00,agreement,2019
0001193125-19-158963,CFG,2019-05-29T12:50:02+00:00,other,2019
0001530721-19-000024,CPRI,2019-05-29T20:44:02+00:00,other,2019
0001140361-19-010115,BMY,2019-05-30T20:40:53+00:00,other,2019
0001193125-19-161475,COST,2019-05-30T21:36:02+00:00,earnings,2019
0001387131-19-004106,WFC,2019-05-31T19:14:12+00:00,other,2019
0001387131-19-004186,WFC,2019-06-04T19:09:33+00:00,other,2019
0000354950-19-000038,HD,2019-06-04T20:23:09+00:00,other,2019
0001193125-19-165902,ITW,2019-06-05T17:54:55+00:00,other,2019
0001637459-19-000050,KHC,2019-06-07T21:10:20+00:00,earnings,2019
0001144204-19-030460,VAR,2019-06-10T20:35:30+00:00,other,2019
0001574842-19-000017,HRB,2019-06-11T12:12:36+00:00,agreement,2019
0001193125-19-170181,FITB,2019-06-11T20:01:00+00:00,other,2019
0001140361-19-010866,LNC,2019-06-12T12:00:29+00:00,other,2019
0001193125-19-173736,PH,2019-06-14T20:36:54+00:00,agreement,2019
0001104659-19-035690,O,2019-06-14T20:54:54+00:00,other,2019
0000930413-19-001896,REGN,2019-06-19T21:20:35+00:00,other,2019
0001601712-19-000166,SYF,2019-06-20T11:00:42+00:00,other,2019
0000940944-19-000018,DRI,2019-06-20T11:13:01+00:00,earnings,2019
0001193125-19-177032,NUE,2019-06-20T13:01:04+00:00,other,2019
0000720005-19-000054,RJF,2019-06-21T13:29:48+00:00,other,2019
0000202058-19-000071,LHX,2019-06-21T15:40:00+00:00,other,2019
0001104659-19-037421,TTWO,2019-06-25T20:30:06+00:00,other,2019
0000764622-19-000068,PNW,2019-06-25T20:45:29+00:00,management,2019
0001262039-19-000018,FTNT,2019-06-26T20:38:00+00:00,other,2019
0001193125-19-183848,D,2019-06-27T16:12:33+00:00,other,2019
0001024305-19-000087,COTY,2019-07-01T12:18:41+00:00,management,2019
0001104659-19-038431,NEM,2019-07-01T13:11:26+00:00,other,2019
0000723125-19-000037,MU,2019-07-01T21:20:11+00:00,management,2019
0001193125-19-187797,MDT,2019-07-02T12:54:04+00:00,agreement,2019
0000096223-19-000029,JEF,2019-07-03T11:09:25+00:00,earnings,2019
0001193125-19-189222,SYY,2019-07-03T20:04:05+00:00,agreement,2019
0001104659-19-039426,DOC,2019-07-05T20:02:32+00:00,other,2019
0000950142-19-001515,IBM,2019-07-09T12:50:46+00:00,other,2019
0001032208-19-000008,SRE,2019-07-11T23:39:20+00:00,other,2019
0001193125-19-194013,PBCT,2019-07-15T20:17:59+00:00,other,2019
0001193125-19-194371,GS,2019-07-16T11:30:00+00:00,earnings,2019
0000019617-19-000122,JPM,2019-07-16T15:38:24+00:00,other,2019
0001193125-19-195151,USB,2019-07-17T10:50:12+00:00,earnings,2019
0001035267-19-000084,ISRG,2019-07-18T20:08:18+00:00,earnings,2019
0001558370-19-006151,IBM,2019-07-18T20:32:37+00:00,other,2019
0001193125-19-198584,EFX,2019-07-22T12:27:58+00:00,earnings,2019
0001104659-19-041362,AVY,2019-07-23T10:45:58+00:00,earnings,2019
0001628280-19-008892,RHI,2019-07-23T20:17:25+00:00,earnings,2019
0000062996-19-000052,MAS,2019-07-25T11:17:33+00:00,earnings,2019
0000766421-19-000039,ALK,2019-07-25T20:01:16+00:00,earnings,2019
0000719739-19-000044,SIVB,2019-07-25T20:06:46+00:00,earnings,2019
0001018724-19-000069,AMZN,2019-07-25T20:33:27+00:00,earnings,2019
0000078003-19-000053,PFE,2019-07-29T12:41:39+00:00,earnings,2019
0000080424-19-000044,PG,2019-07-30T11:06:04+00:00,earnings,2019
0001193125-19-206299,HCA,2019-07-30T13:04:02+00:00,earnings,2019
0000712515-19-000040,EA,2019-07-30T20:05:21+00:00,earnings,2019
0001111711-19-000032,NI,2019-07-31T10:35:52+00:00,earnings,2019
0000092122-19-000039,SO,2019-07-31T11:04:19+00:00,earnings,2019
0001193125-19-207947,PBCT,2019-07-31T13:03:13+00:00,other,2019
0001104659-19-043003,OXY,2019-07-31T20:59:46+00:00,earnings,2019
0001260221-19-000024,TDG,2019-07-31T21:17:27+00:00,agreement,2019
0000096943-19-000139,TFX,2019-08-01T11:07:43+00:00,earnings,2019
0001383312-19-000037,BR,2019-08-01T12:30:49+00:00,earnings,2019
0001193125-19-209951,CRM,2019-08-01T13:16:02+00:00,other,2019
0001018724-19-000081,AMZN,2019-08-01T20:58:50+00:00,management,2019
0001157523-19-001696,ARNC,2019-08-02T12:05:16+00:00,earnings,2019
0001193125-19-212020,HLT,2019-08-02T20:07:10+00:00,other,2019
0001193125-19-212049,HUM,2019-08-02T20:18:04+00:00,agreement,2019
0001193125-19-212087,JPM,2019-08-02T20:31:56+00:00,other,2019
0001193125-19-212127,FITB,2019-08-02T20:51:55+00:00,other,2019
0000950157-19-000836,OXY,2019-08-05T15:08:59+00:00,agreement,2019
0000726728-19-000075,O,2019-08-05T20:06:58+00:00,earnings,2019
0000947871-19-000568,BSX,2019-08-07T12:12:34+00:00,other,2019
0000040533-19-000050,GD,2019-08-07T20:50:04+00:00,management,2019
0000916365-19-000129,TSCO,2019-08-08T13:21:01+00:00,other,2019
0000950157-19-000863,APC,2019-08-08T20:34:37+00:00,management,2019
0001506307-19-000145,KMI,2019-08-08T21:35:57+00:00,other,2019
0001101215-19-000178,ADS,2019-08-09T20:31:44+00:00,management,2019
0001090872-19-000013,A,2019-08-14T20:07:17+00:00,earnings,2019
0001136893-19-000149,FIS,2019-08-16T20:15:50+00:00,other,2019
0000833444-19-000043,JCI,2019-08-21T20:47:53+00:00,other,2019
0000896878-19-000128,INTU,2019-08-22T20:02:33+00:00,earnings,2019
0001193125-19-229279,FITB,2019-08-26T20:06:19+00:00,other,2019
0000072903-19-000059,XEL,2019-08-30T20:11:31+00:00,other,2019
0000070858-19-000045,BAC,2019-09-04T20:47:12+00:00,other,2019
0001410578-19-001096,KO,2019-09-06T23:34:09+00:00,other,2019
0000804753-19-000055,CERN,2019-09-09T20:10:57+00:00,management,2019
0001193125-19-241023,EVRG,2019-09-09T20:31:11+00:00,other,2019
0001174922-19-000089,WYNN,2019-09-11T12:58:56+00:00,other,2019
0001193125-19-242949,VRSK,2019-09-11T20:07:10+00:00,other,2019
0000092380-19-000080,LUV,2019-09-18T10:27:13+00:00,other,2019
0000073124-19-000212,NTRS,2019-09-18T20:38:58+00:00,management,2019
0001193125-19-248970,STX,2019-09-19T12:00:56+00:00,agreement,2019
0001193125-19-249587,KEY,2019-09-19T20:36:20+00:00,management,2019
0001206774-19-003282,WU,2019-09-24T12:05:28+00:00,other,2019
0001552781-19-000399,NSC,2019-09-24T20:12:12+00:00,management,2019
0000815097-19-000032,CCL,2019-09-26T13:16:54+00:00,earnings,2019
0001110803-19-000050,ILMN,2019-09-26T20:06:22+00:00,agreement,2019
0000100885-19-000218,UNP,2019-09-26T20:15:43+00:00,management,2019
0001206774-19-003301,GE,2019-09-26T20:26:46+00:00,other,2019
0001032208-19-000024,SRE,2019-09-26T21:28:10+00:00,other,2019
0001387131-19-007229,WFC,2019-09-27T18:47:16+00:00,other,2019
0000072207-19-000074,NBL,2019-10-01T20:50:31+00:00,agreement,2019
0001140361-19-017704,RTX,2019-10-02T12:51:49+00:00,other,2019
0000037996-19-000074,F,2019-10-02T20:48:00+00:00,other,2019
0001193125-19-261698,COST,2019-10-03T20:41:14+00:00,earnings,2019
0001604778-19-000075,QRVO,2019-10-07T17:39:19+00:00,other,2019
0001193125-19-266472,SHW,2019-10-11T15:03:43+00:00,agreement,2019
0001193125-19-266827,PWR,2019-10-11T21:03:13+00:00,management,2019
0001506307-19-000156,KMI,2019-10-16T20:12:52+00:00,earnings,2019
0001598014-19-000129,INFO,2019-10-17T22:58:21+00:00,other,2019
0001140361-19-018644,BMY,2019-10-18T12:00:42+00:00,other,2019
0001387131-19-007742,WFC,2019-10-18T20:35:31+00:00,other,2019
0001157523-19-002067,VTR,2019-10-21T12:31:40+00:00,management,2019
0000950157-19-001202,NOC,2019-10-21T20:36:50+00:00,agreement,2019
0001564590-19-037386,A,2019-10-22T20:05:46+00:00,agreement,2019
0001193125-19-272562,MSFT,2019-10-23T20:06:06+00:00,earnings,2019
0001193125-19-273186,FITB,2019-10-24T13:29:56+00:00,agreement,2019
0000059478-19-000274,LLY,2019-10-24T14:00:12+00:00,other,2019
0000050863-19-000028,INTC,2019-10-24T20:08:49+00:00,earnings,2019
0001387131-19-007894,WFC,2019-10-25T15:55:19+00:00,other,2019
0001095073-19-000052,RE,2019-10-28T20:24:41+00:00,earnings,2019
0000927066-19-000160,DVA,2019-10-28T22:20:51+00:00,management,2019
0001193125-19-276857,WAT,2019-10-29T11:01:12+00:00,earnings,2019
0001157523-19-002131,IQV,2019-10-30T11:05:47+00:00,earnings,2019
0000005513-19-000131,UNM,2019-10-30T12:20:06+00:00,earnings,2019
0000915389-19-000060,EMN,2019-10-30T13:14:42+00:00,earnings,2019
0000832101-19-000029,IEX,2019-10-30T13:54:27+00:00,earnings,2019
0001326160-19-000220,DUK,2019-10-30T18:04:43+00:00,other,2019
0000319201-19-000036,KLAC,2019-10-30T20:16:41+00:00,earnings,2019
0000107263-19-000028,WMB,2019-10-30T20:31:36+00:00,earnings,2019
0001324404-19-000021,CF,2019-10-30T20:38:08+00:00,earnings,2019
0001104659-19-058640,AIG,2019-11-01T10:47:56+00:00,earnings,2019
0001628280-19-013012,STX,2019-11-01T12:01:36+00:00,earnings,2019
0001065696-19-000060,LKQ,2019-11-01T15:29:29+00:00,other,2019
0001193125-19-284441,CFG,2019-11-05T18:03:26+00:00,other,2019
0000028412-19-000121,CMA,2019-11-05T22:02:44+00:00,management,2019
0000002969-19-000047,APD,2019-11-07T13:07:21+00:00,earnings,2019
0000833444-19-000048,JCI,2019-11-07T16:11:15+00:00,management,2019
0000707549-19-000172,LRCX,2019-11-07T21:05:21+00:00,other,2019
0001002910-19-000147,AEE,2019-11-08T12:32:50+00:00,earnings,2019
0001157523-19-002245,TPR,2019-11-08T21:30:36+00:00,management,2019
0001193125-19-289172,DXC,2019-11-12T11:32:17+00:00,earnings,2019
0001024478-19-000041,ROK,2019-11-12T12:04:51+00:00,earnings,2019
0001104659-19-062722,NEM,2019-11-12T22:14:16+00:00,management,2019
0001193125-19-291002,CSCO,2019-11-13T21:10:56+00:00,earnings,2019
0001193125-19-291159,SWK,2019-11-13T22:15:17+00:00,agreement,2019
0000046765-19-000017,HP,2019-11-14T21:49:08+00:00,earnings,2019
0001101215-19-000229,ADS,2019-11-15T12:31:06+00:00,other,2019
0001193125-19-293457,XRX,2019-11-15T21:31:15+00:00,other,2019
0001101215-19-000236,ADS,2019-11-18T21:31:21+00:00,management,2019
0001193125-19-295595,MGM,2019-11-19T21:35:10+00:00,other,2019
0001071739-19-000147,CNC,2019-11-21T21:51:53+00:00,other,2019
0001193125-19-298562,BAX,2019-11-22T21:19:21+00:00,other,2019
0000950103-19-015823,SCHW,2019-11-25T11:05:39+00:00,other,2019
0000052988-19-000066,J,2019-11-25T11:18:37+00:00,other,2019
0001090872-19-000020,A,2019-11-25T21:07:24+00:00,earnings,2019
0001193125-19-299866,LVS,2019-11-25T21:16:27+00:00,agreement,2019
0000769397-19-000048,ADSK,2019-11-26T21:01:41+00:00,earnings,2019
0001601046-19-000093,KEYS,2019-11-26T21:11:34+00:00,earnings,2019
0001281761-19-000096,RF,2019-12-02T14:43:12+00:00,other,2019
0001104659-19-069532,ARNC,2019-12-03T21:15:14+00:00,other,2019
0001157523-19-002315,FLS,2019-12-03T22:22:47+00:00,management,2019
0001104659-19-070251,CF,2019-12-05T22:23:41+00:00,agreement,2019
0001174922-19-000122,WYNN,2019-12-09T11:58:48+00:00,other,2019
0001193125-19-309289,TWTR,2019-12-09T21:36:04+00:00,agreement,2019
0001652044-19-000040,GOOG,2019-12-09T21:46:33+00:00,management,2019
0000009389-19-000050,BALL,2019-12-09T21:50:07+00:00,other,2019
0001104659-19-071057,UAL,2019-12-09T22:15:00+00:00,other,2019
0001193125-19-309850,SLB,2019-12-10T14:02:39+00:00,management,2019
0000874761-19-000072,AES,2019-12-10T21:42:48+00:00,other,2019
0001039684-19-000081,OKE,2019-12-10T21:53:25+00:00,other,2019
0000038777-19-000213,BEN,2019-12-11T00:50:10+00:00,management,2019
0000107815-19-000334,WEC,2019-12-11T21:16:19+00:00,other,2019
0000032604-19-000051,EMR,2019-12-12T11:57:03+00:00,other,2019
0001193125-19-312705,TJX,2019-12-12T20:50:40+00:00,other,2019
0000874766-19-000084,HIG,2019-12-12T22:29:39+00:00,management,2019
0000202058-19-000112,LHX,2019-12-13T21:48:15+00:00,other,2019
0001110803-19-000060,ILMN,2019-12-18T21:19:00+00:00,other,2019
0000037785-19-000144,FMC,2019-12-18T21:58:45+00:00,management,2019
0001193125-19-318260,CAG,2019-12-19T12:30:11+00:00,earnings,2019
0001104659-19-074074,INCY,2019-12-19T12:59:53+00:00,management,2019
0001193125-19-321047,D,2019-12-20T21:48:12+00:00,other,2019
0001104659-19-075333,TXT,2019-12-23T14:06:11+00:00,other,2019
0000950159-19-000316,CPB,2019-12-23T21:15:44+00:00,other,2019
0001193125-19-325979,FITB,2019-12-30T21:00:52+00:00,other,2019
0000004977-20-000002,AFL,2020-01-02T12:44:42+00:00,other,2020
0001104659-20-001511,NEM,2020-01-06T21:09:15+00:00,other,2020
0001193125-20-003203,DLR,2020-01-08T00:33:34+00:00,other,2020
0001628280-20-000183,LEN,2020-01-08T13:41:34+00:00,earnings,2020
0000701985-20-000002,BBWI,2020-01-10T21:23:40+00:00,earnings,2020
0000012927-20-000003,BA,2020-01-10T21:33:53+00:00,management,2020
0001104659-20-003642,C,2020-01-14T13:35:35+00:00,earnings,2020
0000072903-20-000003,XEL,2020-01-14T16:40:17+00:00,other,2020
0000019617-20-000086,JPM,2020-01-14T20:03:16+00:00,other,2020
0000713676-20-000017,PNC,2020-01-15T17:34:13+00:00,earnings,2020
0001193125-20-008087,MET,2020-01-15T21:22:50+00:00,other,2020
0000006201-20-000009,AAL,2020-01-15T22:28:11+00:00,other,2020
0001390777-20-000006,BNY,2020-01-16T11:33:44+00:00,earnings,2020
0001104659-20-005288,GEN,2020-01-21T11:12:15+00:00,management,2020
0000055785-20-000007,KMB,2020-01-23T13:51:44+00:00,earnings,2020
0001193125-20-013089,C,2020-01-23T21:06:52+00:00,other,2020
0000936468-20-000005,LMT,2020-01-24T22:27:45+00:00,management,2020
0001579241-20-000004,ALLE,2020-01-28T21:19:21+00:00,management,2020
0001104659-20-007817,TXT,2020-01-29T11:33:43+00:00,earnings,2020
0000040545-20-000002,GE,2020-01-29T11:48:19+00:00,earnings,2020
0000004962-20-000015,AXP,2020-01-29T19:24:04+00:00,management,2020
0000875045-20-000002,BIIB,2020-01-30T11:56:30+00:00,earnings,2020
0001666700-20-000003,DD,2020-01-30T12:01:33+00:00,earnings,2020
0001157523-20-000126,KIM,2020-01-30T13:28:20+00:00,earnings,2020
0001193125-20-019606,RMD,2020-01-30T21:05:40+00:00,earnings,2020
0000719739-20-000008,SIVB,2020-01-31T21:10:25+00:00,other,2020
0001652044-20-000004,GOOG,2020-02-03T21:02:04+00:00,earnings,2020
0001104659-20-009759,ADBE,2020-02-03T21:05:41+00:00,agreement,2020
0000874766-20-000006,HIG,2020-02-03T21:19:38+00:00,earnings,2020
0000202058-20-000004,LHX,2020-02-04T11:45:03+00:00,earnings,2020
0001157523-20-000141,ETN,2020-02-04T12:01:49+00:00,earnings,2020
0001104659-20-010125,PLD,2020-02-04T13:09:20+00:00,other,2020
0001137789-20-000013,STX,2020-02-04T21:08:59+00:00,earnings,2020
0001137774-20-000036,PRU,2020-02-04T21:22:56+00:00,earnings,2020
0001193125-20-024305,HBAN,2020-02-04T22:00:50+00:00,other,2020
0000885725-20-000007,BSX,2020-02-05T11:03:44+00:00,other,2020
0000936340-20-000122,DTE,2020-02-05T11:46:43+00:00,earnings,2020
0001467858-20-000023,GM,2020-02-05T14:25:38+00:00,earnings,2020
0001038357-20-000004,PXD,2020-02-05T21:23:35+00:00,earnings,2020
0000898173-20-000004,ORLY,2020-02-05T21:31:18+00:00,earnings,2020
0001402057-20-000008,CDW,2020-02-06T12:07:01+00:00,earnings,2020
0001564590-20-003771,NOV,2020-02-07T00:31:47+00:00,earnings,2020
0001193125-20-028194,GS,2020-02-07T21:18:20+00:00,other,2020
0001193125-20-028313,FLS,2020-02-07T22:15:39+00:00,management,2020
0001336917-20-000006,UA,2020-02-11T13:00:03+00:00,earnings,2020
0000779152-20-000019,JKHY,2020-02-11T22:25:49+00:00,agreement,2020
0000813672-20-000003,CDNS,2020-02-12T21:09:33+00:00,earnings,2020
0001637459-20-000022,KHC,2020-02-13T12:03:55+00:00,earnings,2020
0001297996-20-000037,DLR,2020-02-13T21:54:22+00:00,earnings,2020
0001521332-20-000016,APTV,2020-02-18T21:07:25+00:00,other,2020
0001410636-20-000042,AWK,2020-02-18T21:39:13+00:00,earnings,2020
0001564590-20-005307,HST,2020-02-19T21:43:14+00:00,earnings,2020
0001193125-20-042018,DOV,2020-02-19T21:46:16+00:00,other,2020
0001157523-20-000236,VTR,2020-02-20T12:37:16+00:00,earnings,2020
0000040545-20-000007,GE,2020-02-20T21:32:07+00:00,management,2020
0001193125-20-044778,DRE,2020-02-21T21:30:23+00:00,agreement,2020
0000005513-20-000031,UNM,2020-02-24T22:01:43+00:00,other,2020
0001628280-20-002320,MAR,2020-02-26T22:14:49+00:00,earnings,2020
0001193125-20-050982,PWR,2020-02-27T11:57:40+00:00,earnings,2020
0001157523-20-000275,FLIR,2020-02-27T12:36:02+00:00,earnings,2020
0001387131-20-002226,WFC,2020-02-27T20:03:01+00:00,other,2020
0000794367-20-000016,M,2020-02-28T21:31:04+00:00,other,2020
0000107263-20-000007,WMB,2020-02-28T21:48:47+00:00,management,2020
0001564590-20-007839,AIV,2020-02-28T22:15:08+00:00,other,2020
0001506307-20-000032,KMI,2020-02-28T22:34:54+00:00,other,2020
0000793952-20-000010,HOG,2020-03-02T21:53:43+00:00,management,2020
0000027419-20-000004,TGT,2020-03-03T12:18:38+00:00,earnings,2020
0001564590-20-008270,EQIX,2020-03-03T13:15:48+00:00,other,2020
0001387131-20-002451,WFC,2020-03-03T20:01:33+00:00,other,2020
0000202058-20-000013,LHX,2020-03-04T13:52:41+00:00,management,2020
0001193125-20-061718,MSCI,2020-03-04T21:47:19+00:00,agreement,2020
0001104659-20-030053,AVY,2020-03-06T17:04:11+00:00,other,2020
0001104659-20-030421,VAR,2020-03-09T10:03:51+00:00,other,2020
0000091419-20-000015,SJM,2020-03-09T12:30:59+00:00,management,2020
0001104659-20-030752,AMCR,2020-03-09T20:06:37+00:00,other,2020
0001193125-20-067348,AON,2020-03-09T21:25:18+00:00,other,2020
0001193125-20-068853,PRU,2020-03-10T20:37:22+00:00,other,2020
0001193125-20-069751,USB,2020-03-11T13:06:26+00:00,other,2020
0001193125-20-070318,IQV,2020-03-11T20:07:39+00:00,agreement,2020
0001157523-20-000337,DG,2020-03-12T11:12:04+00:00,earnings,2020
0001193125-20-071678,TMUS,2020-03-12T20:54:12+00:00,management,2020
0001193125-20-071696,MSI,2020-03-12T21:02:40+00:00,other,2020
0000723125-20-000020,MU,2020-03-12T21:25:35+00:00,agreement,2020
0001324424-20-000020,EXPE,2020-03-13T13:03:16+00:00,other,2020
0001090727-20-000010,UPS,2020-03-13T20:14:07+00:00,management,2020
0001193125-20-073988,D,2020-03-16T13:01:51+00:00,other,2020
0001558370-20-002791,NCLH,2020-03-16T21:04:33+00:00,other,2020
0001104659-20-034184,RCL,2020-03-16T21:22:14+00:00,other,2020
0001193125-20-076045,FDX,2020-03-17T20:32:20+00:00,agreement,2020
0001193125-20-077134,MDLZ,2020-03-18T20:10:50+00:00,other,2020
0001193125-20-078468,NOC,2020-03-19T14:02:43+00:00,other,2020
0001193125-20-078954,WELL,2020-03-19T20:05:50+00:00,management,2020
0001654954-20-002872,LIN,2020-03-19T20:08:45+00:00,management,2020
0000072333-20-000080,JWN,2020-03-23T21:21:24+00:00,other,2020
0001193125-20-083809,WELL,2020-03-24T20:11:53+00:00,other,2020
0001193125-20-084362,NKE,2020-03-25T12:44:41+00:00,other,2020
0001140361-20-006780,BMY,2020-03-25T13:15:54+00:00,other,2020
0001140361-20-006849,OXY,2020-03-25T21:03:03+00:00,management,2020
0001157523-20-000422,TPR,2020-03-26T10:46:08+00:00,other,2020
0000877212-20-000010,ZBRA,2020-03-26T20:10:40+00:00,management,2020
0001193125-20-090228,DIS,2020-03-30T13:18:40+00:00,other,2020
0000794367-20-000036,M,2020-03-30T16:27:40+00:00,other,2020
0000936340-20-000156,DTE,2020-03-30T21:25:13+00:00,other,2020
0001041061-20-000021,YUM,2020-03-31T12:13:50+00:00,other,2020
0001020569-20-000106,IRM,2020-03-31T20:30:55+00:00,management,2020
0001104659-20-041263,ECL,2020-03-31T21:16:28+00:00,agreement,2020
0000107815-20-000150,WEC,2020-04-01T11:55:06+00:00,other,2020
0000092122-20-000024,SO,2020-04-01T13:08:10+00:00,other,2020
0001193125-20-094790,PCAR,2020-04-01T21:23:09+00:00,other,2020
0000352541-20-000039,LNT,2020-04-01T23:13:32+00:00,other,2020
0001387131-20-003640,WFC,2020-04-02T19:14:47+00:00,other,2020
0001157523-20-000471,FLS,2020-04-06T20:39:17+00:00,earnings,2020
0001534701-20-000078,PSX,2020-04-07T13:25:43+00:00,agreement,2020
0001193125-20-100456,FOX,2020-04-07T20:05:53+00:00,other,2020
0000950142-20-001058,ADP,2020-04-08T18:45:44+00:00,management,2020
0001387131-20-003782,WFC,2020-04-08T19:02:52+00:00,other,2020
0001193125-20-102063,CCL,2020-04-09T11:32:22+00:00,other,2020
0001579241-20-000019,ALLE,2020-04-09T12:59:24+00:00,other,2020
0001157523-20-000496,TPR,2020-04-10T10:45:46+00:00,other,2020
0001104659-20-045409,BSX,2020-04-10T13:36:03+00:00,other,2020
0000940944-20-000020,DRI,2020-04-13T20:28:36+00:00,other,2020
0001193125-20-109325,VLO,2020-04-16T20:17:10+00:00,other,2020
0001193125-20-110825,WELL,2020-04-17T21:27:49+00:00,earnings,2020
0001104659-20-048442,VNO,2020-04-20T11:01:43+00:00,management,2020
0000033185-20-000024,EFX,2020-04-20T21:24:52+00:00,earnings,2020
0001489393-20-000017,LYB,2020-04-21T13:04:02+00:00,agreement,2020
0001193125-20-113537,CB,2020-04-21T20:15:14+00:00,earnings,2020
0001193125-20-113611,CDW,2020-04-21T20:37:12+00:00,agreement,2020
0001564590-20-017756,AIV,2020-04-21T22:19:03+00:00,agreement,2020
0001193125-20-114148,AAL,2020-04-22T10:08:57+00:00,agreement,2020
0001193125-20-115017,JPM,2020-04-22T20:05:50+00:00,other,2020
0001681459-20-000076,FTI,2020-04-22T20:51:40+00:00,earnings,2020
0000882835-20-000009,ROP,2020-04-28T11:06:13+00:00,agreement,2020
0000064040-20-000115,SPGI,2020-04-28T11:28:06+00:00,earnings,2020
0000002488-20-000048,AMD,2020-04-28T20:29:49+00:00,earnings,2020
0001193125-20-124220,ELV,2020-04-29T10:15:20+00:00,earnings,2020
0001141391-20-000089,MA,2020-04-29T12:01:52+00:00,earnings,2020
0000202058-20-000029,LHX,2020-04-29T20:17:16+00:00,other,2020
0001193125-20-126565,TFC,2020-04-29T21:26:53+00:00,other,2020
0000051434-20-000015,IP,2020-04-30T11:08:20+00:00,earnings,2020
0001585364-20-000046,PRGO,2020-04-30T12:04:04+00:00,earnings,2020
0001358071-20-000028,CXO,2020-04-30T20:16:51+00:00,earnings,2020
0001193125-20-128818,BIIB,2020-04-30T20:22:13+00:00,other,2020
0001564590-20-020206,AIV,2020-04-30T20:27:06+00:00,management,2020
0001489393-20-000027,LYB,2020-05-01T10:46:21+00:00,earnings,2020
0001104659-20-055019,UAL,2020-05-01T13:01:11+00:00,other,2020
0001534701-20-000083,PSX,2020-05-01T13:15:47+00:00,earnings,2020
0001193125-20-130993,CB,2020-05-01T20:18:10+00:00,management,2020
0000719739-20-000030,SIVB,2020-05-01T20:40:47+00:00,other,2020
0000950103-20-009083,BBWI,2020-05-05T20:13:48+00:00,management,2020
0001193125-20-133774,FITB,2020-05-05T20:30:52+00:00,other,2020
0000821189-20-000021,EOG,2020-05-05T20:31:28+00:00,other,2020
0001193125-20-134513,BLK,2020-05-06T14:28:49+00:00,other,2020
0000059558-20-000022,LNC,2020-05-06T20:16:22+00:00,earnings,2020
0000052988-20-000032,J,2020-05-06T20:19:27+00:00,other,2020
0001038357-20-000028,PXD,2020-05-06T20:21:20+00:00,earnings,2020
0001095073-20-000014,RE,2020-05-06T20:23:57+00:00,earnings,2020
0001013462-20-000014,ANSS,2020-05-06T20:50:12+00:00,earnings,2020
0001193125-20-135551,PWR,2020-05-07T10:57:14+00:00,earnings,2020
0001140361-20-010932,WAB,2020-05-07T15:02:06+00:00,management,2020
0001193125-20-136235,OKE,2020-05-07T20:10:52+00:00,agreement,2020
0001104659-20-058860,O,2020-05-08T20:49:49+00:00,other,2020
0001104659-20-058885,DUK,2020-05-08T21:05:19+00:00,other,2020
0000040545-20-000024,GE,2020-05-11T12:36:56+00:00,other,2020
0001193125-20-139275,FRT,2020-05-11T21:21:21+00:00,other,2020
0001193125-20-139815,CFG,2020-05-12T11:39:54+00:00,other,2020
0000047111-20-000023,HSY,2020-05-12T15:04:18+00:00,other,2020
0000947871-20-000458,DGX,2020-05-13T21:01:47+00:00,agreement,2020
0000922224-20-000026,PPL,2020-05-14T21:07:52+00:00,other,2020
0001564590-20-026188,WY,2020-05-19T20:49:59+00:00,other,2020
0000899866-20-000053,ALXN,2020-05-19T20:56:51+00:00,other,2020
0001564590-20-026399,EXPD,2020-05-20T20:49:18+00:00,other,2020
0001104659-20-065234,AVB,2020-05-22T16:23:48+00:00,other,2020
0000315213-20-000062,RHI,2020-05-22T17:03:39+00:00,other,2020
0001171843-20-003980,AZO,2020-05-26T10:55:28+00:00,earnings,2020
0001193125-20-150953,CDW,2020-05-26T13:02:40+00:00,other,2020
0001193125-20-151514,XRAY,2020-05-26T20:05:44+00:00,agreement,2020
0001601046-20-000031,KEYS,2020-05-26T20:06:39+00:00,earnings,2020
0001193125-20-151523,VRSK,2020-05-26T20:09:43+00:00,other,2020
0000072333-20-000110,JWN,2020-05-26T20:40:52+00:00,other,2020
0001193125-20-151632,ICE,2020-05-26T21:05:11+00:00,other,2020
0001193125-20-152386,SYK,2020-05-27T12:54:50+00:00,agreement,2020
0001558370-20-007042,WU,2020-05-28T10:55:52+00:00,other,2020
0000048039-20-000064,HFC,2020-06-01T16:07:05+00:00,other,2020
0000078239-20-000049,PVH,2020-06-03T20:34:07+00:00,management,2020
0001193125-20-160766,NLSN,2020-06-04T20:39:05+00:00,agreement,2020
0001053507-20-000108,AMT,2020-06-04T21:29:45+00:00,other,2020
0001101215-20-000113,ADS,2020-06-10T11:31:23+00:00,other,2020
0001193125-20-165668,PSA,2020-06-10T20:04:20+00:00,agreement,2020
0001466258-20-000171,TT,2020-06-10T20:20:40+00:00,agreement,2020
0000014693-20-000062,BF-B,2020-06-10T20:25:59+00:00,management,2020
0001510295-20-000073,MPC,2020-06-15T10:50:10+00:00,other,2020
0001140361-20-013799,FTI,2020-06-15T21:17:13+00:00,agreement,2020
0001039684-20-000044,OKE,2020-06-16T20:22:19+00:00,other,2020
0000080661-20-000028,PGR,2020-06-17T13:08:22+00:00,other,2020
0001193125-20-171299,DLR,2020-06-17T20:05:53+00:00,other,2020
0001140361-20-014318,WAB,2020-06-19T20:07:11+00:00,other,2020
0001193125-20-175615,EBAY,2020-06-22T20:29:21+00:00,other,2020
0001564590-20-030137,MGM,2020-06-22T21:00:48+00:00,agreement,2020
0000054480-20-000168,KSU,2020-06-23T12:33:19+00:00,other,2020
0000940944-20-000040,DRI,2020-06-25T11:14:02+00:00,earnings,2020
0001041061-20-000045,YUM,2020-06-25T12:30:43+00:00,other,2020
0001193125-20-179161,STZ,2020-06-25T21:08:14+00:00,agreement,2020
0000072971-20-000276,WFC,2020-06-29T22:16:44+00:00,other,2020
0000874766-20-000041,HIG,2020-06-30T11:43:50+00:00,management,2020
0001387131-20-006079,WFC,2020-06-30T19:32:00+00:00,other,2020
0001193125-20-185168,TMUS,2020-07-01T19:57:51+00:00,agreement,2020
0000935703-20-000037,DLTR,2020-07-01T20:28:58+00:00,other,2020
0001193125-20-186900,MDLZ,2020-07-02T20:37:56+00:00,other,2020
0001193125-20-187858,COO,2020-07-06T20:25:55+00:00,management,2020
0001558370-20-008069,NCLH,2020-07-08T20:15:58+00:00,other,2020
0001193125-20-190058,WBA,2020-07-09T11:05:57+00:00,earnings,2020
0001193125-20-190518,AMAT,2020-07-09T21:06:32+00:00,management,2020
0001193125-20-191518,FCX,2020-07-13T11:42:42+00:00,other,2020
0001193125-20-192918,ADI,2020-07-15T10:39:34+00:00,agreement,2020
0001193125-20-193423,AAL,2020-07-15T21:13:05+00:00,other,2020
0001193125-20-194080,TXN,2020-07-16T21:15:56+00:00,other,2020
0001387131-20-006473,WFC,2020-07-17T10:01:25+00:00,other,2020
0000072971-20-000282,WFC,2020-07-21T21:29:58+00:00,management,2020
0001104659-20-085320,KR,2020-07-21T21:32:17+00:00,other,2020
0001094285-20-000137,TDY,2020-07-22T12:11:52+00:00,earnings,2020
0000006201-20-000088,AAL,2020-07-23T11:01:55+00:00,other,2020
0000049196-20-000041,HBAN,2020-07-23T11:35:22+00:00,earnings,2020
0001193125-20-197795,AMGN,2020-07-23T20:18:03+00:00,management,2020
0001260221-20-000080,TDG,2020-07-24T18:02:45+00:00,agreement,2020
0001193125-20-198554,MSI,2020-07-24T20:16:03+00:00,management,2020
0001104659-20-086827,PFG,2020-07-27T20:15:42+00:00,earnings,2020
0001564590-20-033646,NOV,2020-07-27T23:18:20+00:00,earnings,2020
0001403161-20-000043,V,2020-07-28T20:05:10+00:00,earnings,2020
0001093557-20-000215,DXCM,2020-07-28T20:08:05+00:00,earnings,2020
0001193125-20-201004,MDLZ,2020-07-28T20:21:33+00:00,earnings,2020
0000080424-20-000048,PG,2020-07-30T11:06:07+00:00,earnings,2020
0001053507-20-000126,AMT,2020-07-30T11:06:36+00:00,earnings,2020
0001193125-20-204385,AJG,2020-07-30T23:19:40+00:00,earnings,2020
0000037996-20-000056,F,2020-07-30T23:56:55+00:00,earnings,2020
0001628280-20-011065,AON,2020-07-31T12:35:19+00:00,earnings,2020
0000034088-20-000066,XOM,2020-07-31T12:39:10+00:00,earnings,2020
0001564590-20-035026,IDXX,2020-07-31T12:43:05+00:00,earnings,2020
0001506307-20-000072,KMI,2020-07-31T20:19:24+00:00,other,2020
0001193125-20-206678,BEN,2020-07-31T21:09:55+00:00,other,2020
0001140361-20-017251,L,2020-08-03T13:07:07+00:00,earnings,2020
0001757898-20-000018,STE,2020-08-03T20:44:21+00:00,earnings,2020
0001140361-20-017381,TMUS,2020-08-04T10:13:06+00:00,other,2020
0000107815-20-000238,WEC,2020-08-04T11:27:57+00:00,earnings,2020
0001037868-20-000004,AME,2020-08-04T15:09:00+00:00,earnings,2020
0001193125-20-209318,CB,2020-08-04T20:18:27+00:00,other,2020
0001099219-20-000285,MET,2020-08-05T20:29:05+00:00,earnings,2020
0001140361-20-017600,AZO,2020-08-06T10:03:21+00:00,agreement,2020
0001193125-20-211344,DPZ,2020-08-06T11:45:33+00:00,management,2020
0001688568-20-000056,DXC,2020-08-06T20:19:07+00:00,earnings,2020
0000884887-20-000033,RCL,2020-08-10T12:37:27+00:00,earnings,2020
0000936340-20-000224,DTE,2020-08-10T20:18:08+00:00,other,2020
0001193125-20-216316,CXO,2020-08-11T20:19:01+00:00,agreement,2020
0001193125-20-219127,PSA,2020-08-13T20:05:06+00:00,agreement,2020
0000039911-20-000097,GPS,2020-08-13T20:34:45+00:00,management,2020
0001193125-20-219229,RSG,2020-08-13T20:51:57+00:00,other,2020
0000950142-20-002029,CCL,2020-08-14T20:26:40+00:00,other,2020
0001193125-20-220904,AEP,2020-08-14T22:34:08+00:00,agreement,2020
0001158449-20-000200,AAP,2020-08-18T10:33:17+00:00,earnings,2020
0000080661-20-000034,PGR,2020-08-19T14:37:49+00:00,other,2020
0000936340-20-000226,DTE,2020-08-19T20:15:13+00:00,other,2020
0001193125-20-224771,HON,2020-08-19T21:08:33+00:00,other,2020
0000899051-20-000057,ALL,2020-08-20T12:00:49+00:00,other,2020
0001564590-20-040717,LNC,2020-08-20T12:09:30+00:00,management,2020
0001104659-20-097296,MMM,2020-08-20T21:05:56+00:00,other,2020
0000072971-20-000320,WFC,2020-08-21T13:08:10+00:00,management,2020
0001552781-20-000461,KO,2020-08-24T13:44:11+00:00,management,2020
0001022079-20-000162,DGX,2020-08-25T12:32:24+00:00,other,2020
0001136893-20-000235,FIS,2020-08-28T20:32:29+00:00,other,2020
0001193125-20-235560,HST,2020-08-31T12:09:10+00:00,management,2020
0001193125-20-235646,HST,2020-08-31T13:15:40+00:00,other,2020
0001193125-20-235925,BRK-B,2020-08-31T15:35:04+00:00,other,2020
0001193125-20-236347,T,2020-08-31T21:05:02+00:00,other,2020
0000035527-20-000085,FITB,2020-09-01T20:00:54+00:00,other,2020
0000039911-20-000111,GPS,2020-09-03T21:09:56+00:00,management,2020
0001701605-20-000081,BKR,2020-09-08T15:57:47+00:00,other,2020
0001104659-20-104226,KR,2020-09-11T12:36:45+00:00,earnings,2020
0001193125-20-244880,DOV,2020-09-14T14:52:43+00:00,other,2020
0001171843-20-006452,AZO,2020-09-14T20:30:14+00:00,management,2020
0001604778-20-000076,QRVO,2020-09-15T13:42:06+00:00,other,2020
0001099219-20-000319,MET,2020-09-17T11:21:50+00:00,other,2020
0001193125-20-247676,D,2020-09-17T13:18:34+00:00,other,2020
0001193125-20-249693,ZBH,2020-09-21T11:45:57+00:00,agreement,2020
0001193125-20-250163,MSFT,2020-09-21T20:05:56+00:00,other,2020
0001193125-20-251351,ADM,2020-09-22T20:47:33+00:00,other,2020
0000935703-20-000060,DLTR,2020-09-24T20:12:56+00:00,management,2020
0000898173-20-000051,ORLY,2020-10-01T20:30:58+00:00,other,2020
0000104169-20-000056,WMT,2020-10-02T10:14:39+00:00,other,2020
0001193125-20-262615,AAL,2020-10-02T21:03:03+00:00,other,2020
0001104659-20-111994,NRG,2020-10-05T12:27:25+00:00,management,2020
0001104659-20-113094,PEP,2020-10-07T20:31:19+00:00,other,2020
0001104659-20-113260,IBM,2020-10-08T11:55:35+00:00,earnings,2020
0001193125-20-265998,MGM,2020-10-08T13:12:31+00:00,other,2020
0001601712-20-000251,SYF,2020-10-20T10:31:43+00:00,other,2020
0000033185-20-000049,EFX,2020-10-21T21:04:26+00:00,earnings,2020
0001193125-20-274226,GS,2020-10-22T16:50:56+00:00,earnings,2020
0001095073-20-000041,RE,2020-10-22T20:46:56+00:00,other,2020
0001564590-20-047720,NOV,2020-10-26T22:36:08+00:00,earnings,2020
0000101829-20-000066,RTX,2020-10-27T10:59:56+00:00,earnings,2020
0000891092-20-011605,OMC,2020-10-27T11:08:12+00:00,earnings,2020
0000026172-20-000050,CMI,2020-10-27T11:52:34+00:00,earnings,2020
0001358071-20-000058,CXO,2020-10-27T20:06:35+00:00,earnings,2020
0000105770-20-000066,WST,2020-10-28T12:41:05+00:00,other,2020
0000109380-20-000250,ZION,2020-10-28T16:55:03+00:00,management,2020
0000723254-20-000043,CTAS,2020-10-28T19:47:44+00:00,other,2020
0000319201-20-000054,KLAC,2020-10-28T20:39:33+00:00,earnings,2020
0001637459-20-000155,KHC,2020-10-29T11:11:50+00:00,earnings,2020
0000908255-20-000090,BWA,2020-10-29T11:27:15+00:00,earnings,2020
0000875320-20-000041,VRTX,2020-10-29T20:04:56+00:00,earnings,2020
0001193125-20-281617,FE,2020-10-30T10:07:10+00:00,management,2020
0000202058-20-000061,LHX,2020-10-30T11:08:57+00:00,earnings,2020
0001558370-20-012093,CBOE,2020-10-30T11:30:06+00:00,earnings,2020
0001157523-20-001399,CL,2020-10-30T20:30:48+00:00,management,2020
0001104659-20-120132,EQIX,2020-10-30T21:39:45+00:00,agreement,2020
0001193125-20-283929,FISV,2020-11-02T21:15:04+00:00,management,2020
0000927653-20-000090,MCK,2020-11-03T12:06:33+00:00,earnings,2020
0001324404-20-000023,CF,2020-11-04T21:46:31+00:00,earnings,2020
0000712515-20-000073,EA,2020-11-05T21:06:40+00:00,earnings,2020
0001175454-20-000044,FLT,2020-11-05T21:16:18+00:00,earnings,2020
0001193125-20-288096,TTWO,2020-11-06T22:24:32+00:00,other,2020
0001157523-20-001469,HWM,2020-11-09T12:09:27+00:00,earnings,2020
0001104659-20-122989,UAL,2020-11-09T19:47:50+00:00,agreement,2020
0001193125-20-288991,BRK-B,2020-11-09T20:34:57+00:00,earnings,2020
0001104659-20-123108,AMCR,2020-11-09T21:45:15+00:00,other,2020
0000766421-20-000095,ALK,2020-11-10T00:35:50+00:00,management,2020
0001024478-20-000035,ROK,2020-11-10T12:40:43+00:00,other,2020
0000935703-20-000062,DLTR,2020-11-10T21:45:09+00:00,other,2020
0000731802-20-000034,ATO,2020-11-12T11:07:29+00:00,earnings,2020
0001193125-20-291748,COO,2020-11-12T21:35:02+00:00,management,2020
0001175454-20-000048,FLT,2020-11-16T20:07:33+00:00,management,2020
0000899051-20-000083,ALL,2020-11-17T21:18:15+00:00,agreement,2020
0001193125-20-296128,T,2020-11-17T22:14:04+00:00,management,2020
0001781335-20-000033,OTIS,2020-11-18T11:54:54+00:00,other,2020
0001193125-20-297093,STE,2020-11-18T22:20:02+00:00,agreement,2020
0000950103-20-022553,AES,2020-11-19T22:21:06+00:00,other,2020
0001403161-20-000074,V,2020-11-23T21:16:01+00:00,management,2020
0001193125-20-301477,CBRE,2020-11-23T22:02:01+00:00,management,2020
0001437749-20-024370,JBHT,2020-11-24T17:26:23+00:00,management,2020
0001193125-20-303343,NWL,2020-11-25T17:01:02+00:00,other,2020
0001193125-20-304970,J,2020-11-30T13:01:56+00:00,agreement,2020
0001193125-20-305267,CFG,2020-11-30T16:49:04+00:00,management,2020
0001489393-20-000071,LYB,2020-12-02T12:00:53+00:00,other,2020
0000049196-20-000069,HBAN,2020-12-02T13:20:41+00:00,other,2020
0001104659-20-131832,KR,2020-12-03T13:13:11+00:00,earnings,2020
0001104659-20-132412,JNPR,2020-12-04T21:05:55+00:00,agreement,2020
0001193125-20-311288,SHW,2020-12-07T14:41:31+00:00,agreement,2020
0001281761-20-000091,RF,2020-12-08T21:41:04+00:00,management,2020
0001555280-20-000328,ZTS,2020-12-09T22:04:04+00:00,management,2020
0001193125-20-314876,C,2020-12-10T21:14:55+00:00,other,2020
0001413329-20-000071,PM,2020-12-10T21:20:44+00:00,management,2020
0001193125-20-315939,XRX,2020-12-11T21:32:00+00:00,management,2020
0000885725-20-000053,BSX,2020-12-14T21:21:45+00:00,other,2020
0001493152-20-023585,AIG,2020-12-15T11:15:13+00:00,management,2020
0001193125-20-318716,WFC,2020-12-16T15:18:03+00:00,other,2020
0000045012-20-000113,HAL,2020-12-18T18:17:39+00:00,other,2020
0000753308-20-000216,NEE,2020-12-18T21:03:12+00:00,agreement,2020
0000950103-20-024509,MS,2020-12-21T21:34:48+00:00,management,2020
0000720005-20-000074,RJF,2020-12-22T21:42:05+00:00,other,2020
0001104659-20-138618,CBOE,2020-12-22T21:51:04+00:00,management,2020
0001193125-20-327685,HES,2020-12-28T21:31:04+00:00,other,2020
0000048039-20-000133,HFC,2020-12-28T22:17:17+00:00,other,2020
0000950159-20-000286,CI,2020-12-31T21:20:36+00:00,other,2020
0001193125-21-004176,MDLZ,2021-01-07T21:13:58+00:00,other,2021
0000950157-21-000022,COR,2021-01-08T13:08:46+00:00,agreement,2021
0000100885-21-000027,UNP,2021-01-08T14:00:17+00:00,earnings,2021
0001193125-21-006475,LUMN,2021-01-12T00:14:04+00:00,other,2021
0001437749-21-000560,KIM,2021-01-12T21:21:22+00:00,management,2021
0000713676-21-000011,PNC,2021-01-15T11:53:15+00:00,earnings,2021
0000006201-21-000002,AAL,2021-01-19T14:00:19+00:00,agreement,2021
0001104659-21-005056,RCL,2021-01-19T14:09:23+00:00,other,2021
0000080424-21-000021,PG,2021-01-20T12:09:15+00:00,earnings,2021
0001193125-21-014847,INTC,2021-01-22T21:54:03+00:00,management,2021
0001493152-21-001671,AIG,2021-01-22T22:20:06+00:00,management,2021
0001193125-21-016213,TWTR,2021-01-25T21:00:55+00:00,other,2021
0001193125-21-016937,DD,2021-01-26T11:38:31+00:00,earnings,2021
0000831259-21-000004,FCX,2021-01-26T13:09:05+00:00,earnings,2021
0001193125-21-017361,COST,2021-01-26T17:05:20+00:00,other,2021
0000002488-21-000009,AMD,2021-01-26T21:14:58+00:00,earnings,2021
0001193125-21-018334,ELV,2021-01-27T11:04:31+00:00,earnings,2021
0001104659-21-007972,KR,2021-01-27T13:44:07+00:00,management,2021
0000049196-21-000007,HBAN,2021-01-27T17:58:04+00:00,other,2021
0000820027-21-000003,AMP,2021-01-27T21:20:54+00:00,earnings,2021
0000764180-21-000017,MO,2021-01-28T16:00:18+00:00,other,2021
0001104659-21-008865,DUK,2021-01-28T22:19:19+00:00,agreement,2021
0001136893-21-000013,FIS,2021-01-29T21:23:24+00:00,management,2021
0001193125-21-022691,SBAC,2021-01-29T21:31:02+00:00,agreement,2021
0001157523-21-000129,RVTY,2021-02-02T21:11:05+00:00,earnings,2021
0001359948-21-000018,WBA,2021-02-02T22:22:09+00:00,management,2021
0001193125-21-026382,AVY,2021-02-03T11:46:14+00:00,earnings,2021
0000875045-21-000005,BIIB,2021-02-03T12:04:08+00:00,earnings,2021
0001157523-21-000139,SNA,2021-02-04T11:35:15+00:00,earnings,2021
0001104659-21-011912,MRK,2021-02-04T11:50:38+00:00,earnings,2021
0001585689-21-000008,HLT,2021-02-04T21:25:32+00:00,agreement,2021
0001193125-21-031460,WYNN,2021-02-08T11:18:53+00:00,other,2021
0000749251-21-000004,IT,2021-02-09T11:13:40+00:00,earnings,2021
0001413329-21-000012,PM,2021-02-10T12:38:32+00:00,other,2021
0001193125-21-035410,CTLT,2021-02-10T12:50:53+00:00,other,2021
0001104659-21-019893,ARE,2021-02-10T21:57:39+00:00,other,2021
0000033185-21-000013,EFX,2021-02-10T22:09:16+00:00,earnings,2021
0001193125-21-038410,NDAQ,2021-02-11T21:06:10+00:00,other,2021
0000016918-21-000029,STZ,2021-02-11T21:30:07+00:00,other,2021
0000753308-21-000010,NEE,2021-02-12T12:55:44+00:00,management,2021
0001601712-21-000059,SYF,2021-02-16T11:30:05+00:00,other,2021
0000080661-21-000009,PGR,2021-02-16T12:41:38+00:00,other,2021
0001383312-21-000016,BR,2021-02-16T22:58:22+00:00,other,2021
0000899689-21-000012,VNO,2021-02-17T13:25:09+00:00,earnings,2021
0001410636-21-000093,AWK,2021-02-18T21:12:52+00:00,management,2021
0001193125-21-047763,SPGI,2021-02-18T21:37:40+00:00,management,2021
0001111928-21-000027,IPGP,2021-02-22T21:20:41+00:00,management,2021
0000107263-21-000004,WMB,2021-02-22T21:21:22+00:00,earnings,2021
0000354950-21-000052,HD,2021-02-23T11:14:41+00:00,earnings,2021
0001193125-21-055920,CFG,2021-02-25T14:26:12+00:00,other,2021
0001193125-21-056922,T,2021-02-25T21:02:05+00:00,agreement,2021
0001104659-21-028257,MNST,2021-02-25T21:20:22+00:00,earnings,2021
0001193125-21-058835,ADM,2021-02-26T14:31:55+00:00,management,2021
0001193125-21-060407,GPN,2021-02-26T21:12:03+00:00,agreement,2021
0001585364-21-000009,PRGO,2021-03-01T12:21:49+00:00,earnings,2021
0000945841-21-000042,POOL,2021-03-01T21:03:56+00:00,management,2021
0000899051-21-000013,ALL,2021-03-01T21:51:54+00:00,management,2021
0001193125-21-063817,SPGI,2021-03-01T22:15:08+00:00,other,2021
0001193125-21-065780,MET,2021-03-02T22:24:58+00:00,agreement,2021
0001193125-21-066547,EMR,2021-03-03T11:56:02+00:00,management,2021
0001193125-21-069702,GS,2021-03-04T22:08:03+00:00,management,2021
0001193125-21-072840,HII,2021-03-08T18:58:32+00:00,management,2021
0001136893-21-000038,FIS,2021-03-09T17:16:59+00:00,management,2021
0001410636-21-000117,AWK,2021-03-10T14:01:21+00:00,other,2021
0001193125-21-077818,DVN,2021-03-11T21:17:08+00:00,other,2021
0000885725-21-000010,BSX,2021-03-11T21:41:29+00:00,management,2021
0001193125-21-077936,INFO,2021-03-11T22:01:55+00:00,other,2021
0001193125-21-078903,WRB,2021-03-12T15:01:05+00:00,agreement,2021
0000927628-21-000120,COF,2021-03-12T22:37:44+00:00,other,2021
0001104659-21-036318,ENPH,2021-03-15T20:42:01+00:00,agreement,2021
0001171843-21-001813,NCLH,2021-03-16T12:00:40+00:00,other,2021
0001104659-21-037158,RCL,2021-03-16T20:31:47+00:00,agreement,2021
0000753308-21-000086,NEE,2021-03-17T15:07:10+00:00,other,2021
0001645590-21-000018,HPE,2021-03-17T20:25:50+00:00,management,2021
0001493152-21-006319,AIG,2021-03-18T19:45:16+00:00,agreement,2021
0001193125-21-085884,ILMN,2021-03-18T20:40:02+00:00,management,2021
0001489393-21-000009,LYB,2021-03-18T21:16:32+00:00,management,2021
0001193125-21-086728,ZBH,2021-03-19T11:15:56+00:00,management,2021
0000035527-21-000116,FITB,2021-03-19T12:00:40+00:00,other,2021
0001558370-21-003283,MMM,2021-03-22T10:30:50+00:00,earnings,2021
0001193125-21-089114,VZ,2021-03-22T16:42:59+00:00,other,2021
0001037868-21-000009,AME,2021-03-22T19:04:28+00:00,other,2021
0000006201-21-000029,AAL,2021-03-24T21:20:56+00:00,agreement,2021
0000920148-21-000031,LH,2021-03-30T20:40:10+00:00,other,2021
0001193125-21-102275,APD,2021-03-31T20:11:01+00:00,agreement,2021
0001136893-21-000053,FIS,2021-03-31T20:15:43+00:00,management,2021
0000764622-21-000024,PNW,2021-04-01T20:39:31+00:00,management,2021
0001730168-21-000071,AVGO,2021-04-05T20:35:15+00:00,other,2021
0000100885-21-000135,UNP,2021-04-05T20:41:08+00:00,other,2021
0001437749-21-008588,JBHT,2021-04-08T21:08:13+00:00,other,2021
0001038357-21-000019,PXD,2021-04-13T12:23:36+00:00,other,2021
0001193125-21-116420,BNY,2021-04-14T21:01:07+00:00,other,2021
0001711269-21-000032,EVRG,2021-04-14T21:02:13+00:00,agreement,2021
0001193125-21-116606,SRE,2021-04-14T22:17:34+00:00,other,2021
0000080661-21-000028,PGR,2021-04-15T14:04:37+00:00,earnings,2021
0000713676-21-000039,PNC,2021-04-16T15:43:06+00:00,earnings,2021
0001193125-21-119331,PSA,2021-04-16T20:04:05+00:00,agreement,2021
0000950142-21-001308,CARR,2021-04-19T10:58:25+00:00,other,2021
0000086312-21-000017,TRV,2021-04-20T11:00:34+00:00,earnings,2021
0001558370-21-004495,IBM,2021-04-20T20:13:50+00:00,other,2021
0000315213-21-000054,RHI,2021-04-21T20:15:27+00:00,earnings,2021
0000732717-21-000022,T,2021-04-22T10:29:45+00:00,other,2021
0000874766-21-000043,HIG,2021-04-22T10:58:35+00:00,earnings,2021
0001157523-21-000493,IQV,2021-04-22T11:05:23+00:00,earnings,2021
0001140361-21-013889,CARR,2021-04-22T20:05:46+00:00,management,2021
0001552781-21-000242,KO,2021-04-22T20:16:42+00:00,other,2021
0001781335-21-000029,OTIS,2021-04-26T10:10:08+00:00,earnings,2021
0000049196-21-000037,HBAN,2021-04-26T14:47:15+00:00,management,2021
0000914208-21-000367,IVZ,2021-04-27T12:29:38+00:00,earnings,2021
0001656423-21-000010,BXP,2021-04-27T21:20:06+00:00,earnings,2021
0001193125-21-136843,TXN,2021-04-28T20:05:57+00:00,other,2021
0001564590-21-021395,MGM,2021-04-28T20:30:30+00:00,earnings,2021
0001262039-21-000011,FTNT,2021-04-29T20:09:42+00:00,earnings,2021
0001171200-21-000214,ROL,2021-04-29T21:28:38+00:00,other,2021
0001551152-21-000013,ABBV,2021-04-30T11:44:56+00:00,earnings,2021
0001193125-21-142839,MSCI,2021-04-30T13:12:20+00:00,other,2021
0001140361-21-015416,L,2021-05-03T11:11:02+00:00,earnings,2021
0001193125-21-146945,SHW,2021-05-03T13:58:31+00:00,agreement,2021
0001666700-21-000036,DD,2021-05-04T10:08:53+00:00,earnings,2021
0001193125-21-149385,RF,2021-05-04T14:58:45+00:00,other,2021
0000945841-21-000076,POOL,2021-05-04T20:40:03+00:00,other,2021
0000908255-21-000017,BWA,2021-05-05T12:20:19+00:00,earnings,2021
0001058290-21-000102,CTSH,2021-05-05T20:05:04+00:00,earnings,2021
0001099219-21-000173,MET,2021-05-05T20:39:47+00:00,earnings,2021
0000818479-21-000011,XRAY,2021-05-06T11:14:31+00:00,earnings,2021
0000068505-21-000013,MSI,2021-05-06T20:17:42+00:00,earnings,2021
0001047862-21-000119,ED,2021-05-06T20:56:52+00:00,earnings,2021
0000352541-21-000054,LNT,2021-05-06T22:06:58+00:00,earnings,2021
0000077476-21-000025,PEP,2021-05-07T20:24:32+00:00,other,2021
0000002969-21-000023,APD,2021-05-10T11:39:23+00:00,earnings,2021
0001193125-21-155857,CME,2021-05-10T15:05:55+00:00,other,2021
0001193125-21-156256,AMT,2021-05-10T20:17:05+00:00,agreement,2021
0001585364-21-000047,PRGO,2021-05-11T10:38:25+00:00,earnings,2021
0001104659-21-064312,AIG,2021-05-11T13:19:38+00:00,other,2021
0001755672-21-000015,CTVA,2021-05-11T18:42:55+00:00,other,2021
0001383312-21-000029,BR,2021-05-11T18:59:23+00:00,other,2021
0001193125-21-162006,LH,2021-05-14T20:08:08+00:00,other,2021
0000004127-21-000036,SWKS,2021-05-14T20:28:53+00:00,management,2021
0001193125-21-163665,AJG,2021-05-17T20:07:55+00:00,agreement,2021
0000950103-21-007423,CRL,2021-05-18T20:16:15+00:00,management,2021
0001140361-21-017881,ESS,2021-05-18T20:18:44+00:00,other,2021
0000804753-21-000031,CERN,2021-05-19T13:06:26+00:00,other,2021
0000745732-21-000034,ROST,2021-05-20T20:04:39+00:00,earnings,2021
0000100885-21-000186,UNP,2021-05-20T20:21:03+00:00,other,2021
0001297996-21-000005,DLR,2021-05-24T20:12:39+00:00,management,2021
0001104659-21-071209,VNO,2021-05-24T20:23:43+00:00,other,2021
0000764622-21-000040,PNW,2021-05-25T21:24:10+00:00,other,2021
0001628280-21-011158,CPRT,2021-05-27T11:31:35+00:00,management,2021
0000935703-21-000027,DLTR,2021-05-27T11:48:51+00:00,earnings,2021
0000720005-21-000040,RJF,2021-05-27T20:58:56+00:00,other,2021
0001193125-21-177300,TWTR,2021-05-28T23:04:07+00:00,other,2021
0001140361-21-019424,ESS,2021-06-01T20:16:06+00:00,agreement,2021
0000060667-21-000084,LOW,2021-06-01T20:32:15+00:00,other,2021
0001104659-21-075114,HWM,2021-06-01T21:02:08+00:00,management,2021
0000930413-21-001174,GE,2021-06-08T17:05:47+00:00,other,2021
0000950103-21-008624,ADP,2021-06-10T12:03:38+00:00,agreement,2021
0000927066-21-000127,DVA,2021-06-14T20:58:20+00:00,other,2021
0000753308-21-000127,NEE,2021-06-15T19:29:35+00:00,other,2021
0001193125-21-191168,LUMN,2021-06-15T20:16:44+00:00,agreement,2021
0001193125-21-191177,DTE,2021-06-15T20:20:41+00:00,agreement,2021
0001193125-21-192783,MSFT,2021-06-17T13:01:05+00:00,other,2021
0000832101-21-000043,IEX,2021-06-17T17:53:59+00:00,management,2021
0001193125-21-193245,SNPS,2021-06-17T20:36:05+00:00,other,2021
0001552781-21-000534,EBAY,2021-06-21T21:18:47+00:00,other,2021
0001193125-21-196368,CCI,2021-06-22T21:20:03+00:00,agreement,2021
0001193125-21-196816,CTVA,2021-06-23T12:21:54+00:00,management,2021
0001466258-21-000148,TT,2021-06-24T10:30:56+00:00,agreement,2021
0001104659-21-084885,PENN,2021-06-24T11:51:40+00:00,other,2021
0000092230-21-000053,TFC,2021-06-28T20:52:56+00:00,other,2021
0001104659-21-086615,AEE,2021-06-29T14:07:13+00:00,other,2021
0001193125-21-203271,SHW,2021-06-29T20:06:26+00:00,agreement,2021
0000723125-21-000049,MU,2021-06-30T20:00:41+00:00,earnings,2021
0000874766-21-000065,HIG,2021-07-01T10:51:55+00:00,management,2021
0001104659-21-088075,CMS,2021-07-01T14:25:56+00:00,other,2021
0000898173-21-000039,ORLY,2021-07-01T20:31:47+00:00,other,2021
0001193125-21-216455,DLR,2021-07-15T20:40:13+00:00,agreement,2021
0000753308-21-000140,NEE,2021-07-16T13:16:54+00:00,other,2021
0001193125-21-218615,INTC,2021-07-19T20:15:47+00:00,management,2021
0000029905-21-000035,DOV,2021-07-20T10:33:14+00:00,earnings,2021
0001193125-21-220060,MKTX,2021-07-21T10:31:34+00:00,earnings,2021
0001193125-21-221829,DPZ,2021-07-22T20:03:00+00:00,other,2021
0001039684-21-000052,OKE,2021-07-22T21:08:21+00:00,other,2021
0001193125-21-222347,SLB,2021-07-23T11:01:32+00:00,earnings,2021
0000813672-21-000027,CDNS,2021-07-26T20:09:07+00:00,earnings,2021
0001157523-21-000922,IQV,2021-07-27T11:05:41+00:00,earnings,2021
0001024478-21-000033,ROK,2021-07-27T11:16:20+00:00,earnings,2021
0001193125-21-225184,WFC,2021-07-27T14:11:54+00:00,other,2021
0001043277-21-000022,CHRW,2021-07-27T20:50:28+00:00,earnings,2021
0001157523-21-000936,TPR,2021-07-28T11:30:37+00:00,other,2021
0000874766-21-000078,HIG,2021-07-28T20:16:37+00:00,earnings,2021
0001564590-21-038630,MAA,2021-07-28T20:17:37+00:00,earnings,2021
0001157523-21-000945,TAP,2021-07-29T11:04:42+00:00,earnings,2021
0001053507-21-000127,AMT,2021-07-29T11:05:43+00:00,earnings,2021
0000764180-21-000106,MO,2021-07-29T11:10:05+00:00,earnings,2021
0000882095-21-000018,GILD,2021-07-29T20:05:14+00:00,earnings,2021
0001564590-21-039328,CHD,2021-07-30T11:09:09+00:00,earnings,2021
0001628280-21-015097,NWS,2021-08-02T11:32:05+00:00,other,2021
0001564590-21-039937,ZBH,2021-08-03T10:45:48+00:00,earnings,2021
0000005513-21-000133,UNM,2021-08-03T20:31:13+00:00,earnings,2021
0001157523-21-000988,HWM,2021-08-04T11:15:50+00:00,earnings,2021
0001174922-21-000097,WYNN,2021-08-04T20:04:55+00:00,earnings,2021
0001601046-21-000057,KEYS,2021-08-04T20:06:54+00:00,other,2021
0000034903-21-000059,FRT,2021-08-04T20:08:10+00:00,earnings,2021
0001013462-21-000038,ANSS,2021-08-04T20:33:07+00:00,earnings,2021
0001555280-21-000284,ZTS,2021-08-05T11:07:11+00:00,earnings,2021
0000034903-21-000066,FRT,2021-08-05T13:06:43+00:00,management,2021
0001564590-21-041910,D,2021-08-06T11:31:06+00:00,earnings,2021
0000020286-21-000054,CINF,2021-08-09T13:01:13+00:00,other,2021
0001193125-21-241817,JPM,2021-08-10T20:13:04+00:00,other,2021
0001193125-21-244723,FISV,2021-08-12T20:23:05+00:00,management,2021
0000726728-21-000097,O,2021-08-12T21:23:16+00:00,other,2021
0001193125-21-246081,PH,2021-08-13T20:16:10+00:00,management,2021
0000354950-21-000181,HD,2021-08-17T10:58:06+00:00,earnings,2021
0000027419-21-000023,TGT,2021-08-18T10:49:00+00:00,earnings,2021
0001552781-21-000681,NSC,2021-08-18T20:18:19+00:00,agreement,2021
0000020286-21-000056,CINF,2021-08-20T19:22:44+00:00,other,2021
0000200406-21-000061,JNJ,2021-08-20T20:31:14+00:00,management,2021
0001336917-21-000046,UA,2021-08-20T20:31:42+00:00,other,2021
0001683168-21-003872,DAL,2021-08-24T12:06:56+00:00,other,2021
0001104659-21-109143,LYB,2021-08-25T10:48:22+00:00,management,2021
0001558370-21-012058,DE,2021-08-25T16:11:15+00:00,other,2021
0001564590-21-046974,EXPD,2021-09-02T20:28:09+00:00,other,2021
0001193125-21-265556,WLTW,2021-09-03T20:25:34+00:00,management,2021
0001260221-21-000125,TDG,2021-09-07T12:04:14+00:00,other,2021
0001193125-21-267210,WMB,2021-09-08T11:01:03+00:00,other,2021
0001193125-21-273619,WRB,2021-09-15T14:53:06+00:00,agreement,2021
0001437749-21-022193,MPWR,2021-09-15T20:09:03+00:00,other,2021
0001373715-21-000274,NOW,2021-09-16T20:30:40+00:00,management,2021
0001104659-21-117620,USB,2021-09-21T10:31:07+00:00,other,2021
0001140361-21-032030,NWS,2021-09-22T13:00:25+00:00,agreement,2021
0001193125-21-280095,CTLT,2021-09-23T11:54:02+00:00,other,2021
0000940944-21-000056,DRI,2021-09-23T20:16:42+00:00,other,2021
0000815097-21-000088,CCL,2021-09-24T13:16:14+00:00,earnings,2021
0001193125-21-286770,ADI,2021-09-29T20:15:49+00:00,other,2021
0001193125-21-288067,NDAQ,2021-09-30T20:56:59+00:00,management,2021
0001104659-21-122061,IBM,2021-10-01T20:55:55+00:00,other,2021
0001564590-21-049874,TSLA,2021-10-04T10:09:14+00:00,earnings,2021
0001104659-21-122641,MTCH,2021-10-04T23:27:27+00:00,agreement,2021
0001175454-21-000042,FLT,2021-10-05T21:12:47+00:00,management,2021
0001336920-21-000045,LDOS,2021-10-07T12:01:11+00:00,other,2021
0001193125-21-295457,GM,2021-10-08T20:06:11+00:00,management,2021
0000200406-21-000063,JNJ,2021-10-12T20:50:04+00:00,management,2021
0000080661-21-000051,PGR,2021-10-14T14:57:28+00:00,earnings,2021
0000316709-21-000071,SCHW,2021-10-15T20:21:35+00:00,management,2021
0001193125-21-300529,CDW,2021-10-18T11:06:03+00:00,agreement,2021
0000093751-21-000688,STT,2021-10-18T11:27:02+00:00,earnings,2021
0001628280-21-020147,BAX,2021-10-18T12:35:06+00:00,other,2021
0000073124-21-000268,NTRS,2021-10-20T11:50:08+00:00,earnings,2021
0000033185-21-000051,EFX,2021-10-20T20:23:03+00:00,earnings,2021
0000107815-21-000255,WEC,2021-10-25T12:15:44+00:00,management,2021
0001038357-21-000063,PXD,2021-10-25T20:57:51+00:00,earnings,2021
0000092230-21-000074,TFC,2021-10-26T20:58:03+00:00,management,2021
0000936340-21-000233,DTE,2021-10-27T10:38:31+00:00,earnings,2021
0001156375-21-000161,CME,2021-10-27T11:08:12+00:00,earnings,2021
0000051434-21-000038,IP,2021-10-27T11:15:24+00:00,earnings,2021
0000004977-21-000142,AFL,2021-10-27T20:18:00+00:00,earnings,2021
0000035527-21-000249,FITB,2021-10-28T11:31:32+00:00,agreement,2021
0000049196-21-000091,HBAN,2021-10-28T12:17:13+00:00,earnings,2021
0001060391-21-000043,RSG,2021-10-28T20:05:41+00:00,earnings,2021
0001193125-21-311472,SIVB,2021-10-28T21:07:03+00:00,other,2021
0001193125-21-311479,IP,2021-10-28T21:08:20+00:00,other,2021
0000277135-21-000022,GWW,2021-10-29T12:13:25+00:00,earnings,2021
0001437749-21-024664,TECH,2021-10-29T20:31:26+00:00,other,2021
0000066740-21-000015,MMM,2021-11-01T10:23:22+00:00,other,2021
0001193125-21-315460,FITB,2021-11-01T20:25:09+00:00,other,2021
0001437749-21-024804,GNRC,2021-11-02T10:02:33+00:00,earnings,2021
0001111928-21-000165,IPGP,2021-11-02T12:00:21+00:00,earnings,2021
0001283699-21-000168,TMUS,2021-11-02T20:02:39+00:00,earnings,2021
0000028412-21-000179,CMA,2021-11-02T20:47:16+00:00,management,2021
0000037785-21-000075,FMC,2021-11-02T20:51:47+00:00,earnings,2021
0001157523-21-001314,CRL,2021-11-03T11:30:27+00:00,earnings,2021
0000002969-21-000047,APD,2021-11-04T11:03:01+00:00,earnings,2021
0000037996-21-000091,F,2021-11-04T12:33:09+00:00,other,2021
0000009389-21-000193,BALL,2021-11-04T12:54:40+00:00,earnings,2021
0001324424-21-000091,EXPE,2021-11-04T20:09:12+00:00,earnings,2021
0001037646-21-000047,MTD,2021-11-04T20:19:17+00:00,earnings,2021
0000352541-21-000093,LNT,2021-11-04T22:21:25+00:00,earnings,2021
0001032208-21-000044,SRE,2021-11-05T15:23:02+00:00,earnings,2021
0001628280-21-022013,KLAC,2021-11-05T20:09:52+00:00,other,2021
0000092122-21-000107,SO,2021-11-10T15:20:38+00:00,other,2021
0001193125-21-326123,ATO,2021-11-10T21:45:35+00:00,earnings,2021
0001193125-21-328882,CTXS,2021-11-15T12:00:02+00:00,management,2021
0001104659-21-138544,DUK,2021-11-15T12:30:39+00:00,management,2021
0000950142-21-003731,ADP,2021-11-16T21:05:50+00:00,other,2021
0000039911-21-000126,GPS,2021-11-16T21:34:59+00:00,management,2021
0001041061-21-000058,YUM,2021-11-17T21:16:00+00:00,other,2021
0000006951-21-000038,AMAT,2021-11-18T21:03:57+00:00,earnings,2021
0001193125-21-333825,STT,2021-11-18T21:14:06+00:00,other,2021
0000035527-21-000259,FITB,2021-11-19T13:00:30+00:00,other,2021
0001193125-21-336779,CBRE,2021-11-22T21:11:05+00:00,other,2021
0001387131-21-011389,OMC,2021-11-22T21:15:56+00:00,agreement,2021
0001558370-21-016306,DE,2021-11-24T11:04:19+00:00,earnings,2021
0001104659-21-143389,PFG,2021-11-24T15:54:02+00:00,management,2021
0001104659-21-143897,DISH,2021-11-26T18:02:42+00:00,agreement,2021
0000072903-21-000092,XEL,2021-11-29T17:00:51+00:00,other,2021
0001193125-21-342255,TWTR,2021-11-29T21:06:05+00:00,management,2021
0001193125-21-343537,ZBH,2021-11-30T19:39:04+00:00,other,2021
0000034088-21-000069,XOM,2021-11-30T21:16:57+00:00,management,2021
0000891103-21-000093,MTCH,2021-12-01T12:38:31+00:00,other,2021
0001037868-21-000044,AME,2021-12-01T20:07:38+00:00,other,2021
0001157523-21-001470,DG,2021-12-02T12:04:28+00:00,earnings,2021
0000950170-21-005011,FBHS,2021-12-02T21:00:42+00:00,agreement,2021
0001193125-21-348460,ROK,2021-12-06T13:00:32+00:00,management,2021
0001558370-21-016546,APH,2021-12-06T14:50:21+00:00,other,2021
0001335258-21-000139,LYV,2021-12-06T22:22:04+00:00,other,2021
0000035527-21-000266,FITB,2021-12-08T13:00:42+00:00,other,2021
0001193125-21-352080,MCHP,2021-12-09T12:07:05+00:00,other,2021
0001193125-21-352669,BKR,2021-12-09T21:12:58+00:00,other,2021
0001071739-21-000247,CNC,2021-12-10T12:33:29+00:00,other,2021
0001413329-21-000096,PM,2021-12-10T12:48:58+00:00,management,2021
0000006201-21-000103,AAL,2021-12-14T14:08:09+00:00,other,2021
0001193125-21-356254,CPB,2021-12-14T14:10:34+00:00,other,2021
0000109198-21-000032,TJX,2021-12-14T19:34:58+00:00,other,2021
0000079879-21-000082,PPG,2021-12-15T13:51:36+00:00,management,2021
0001100682-21-000025,CRL,2021-12-15T21:35:30+00:00,other,2021
0000092230-21-000088,TFC,2021-12-15T21:36:34+00:00,other,2021
0001193125-21-359144,LLY,2021-12-16T21:04:34+00:00,other,2021
0001193125-21-360098,JPM,2021-12-17T13:56:36+00:00,other,2021
0000037785-21-000092,FMC,2021-12-17T14:32:18+00:00,other,2021
0000950103-21-019926,XOM,2021-12-17T21:11:41+00:00,agreement,2021
0001104659-21-151404,PNR,2021-12-20T12:00:23+00:00,other,2021
0000815097-21-000105,CCL,2021-12-20T14:17:45+00:00,earnings,2021
0001552781-21-000856,KO,2021-12-20T19:39:56+00:00,management,2021
0001193125-21-362550,PBCT,2021-12-20T22:14:33+00:00,other,2021
0001564708-21-000098,NWS,2021-12-20T23:35:35+00:00,other,2021
0001090727-21-000046,UPS,2021-12-21T14:05:54+00:00,other,2021
0001032208-21-000049,SRE,2021-12-21T21:22:28+00:00,other,2021
0001558370-21-017002,ORLY,2021-12-22T21:30:25+00:00,management,2021
0001564708-21-000105,NWS,2021-12-27T11:28:01+00:00,other,2021
0001109357-22-000001,EXC,2022-01-03T15:11:07+00:00,other,2022
0000804753-22-000002,CERN,2022-01-04T21:01:26+00:00,agreement,2022
0001564708-22-000008,NWS,2022-01-05T23:20:43+00:00,other,2022
0001466258-22-000002,TT,2022-01-06T11:39:15+00:00,management,2022
0000701985-22-000002,BBWI,2022-01-06T14:01:03+00:00,other,2022
0001410578-22-000010,C,2022-01-11T21:00:47+00:00,other,2022
0001174922-22-000010,WYNN,2022-01-14T22:03:10+00:00,management,2022
0001104659-22-005493,CF,2022-01-19T22:00:29+00:00,other,2022
0001035267-22-000006,ISRG,2022-01-20T21:05:28+00:00,earnings,2022
0001104659-22-006784,TGT,2022-01-24T17:27:09+00:00,other,2022
0000007084-22-000003,ADM,2022-01-25T16:18:19+00:00,earnings,2022
0001193125-22-017047,C,2022-01-25T21:05:59+00:00,other,2022
0000927628-22-000010,COF,2022-01-25T21:07:05+00:00,other,2022
0001193125-22-017676,NDAQ,2022-01-26T12:22:00+00:00,earnings,2022
0000012927-22-000005,BA,2022-01-26T12:33:49+00:00,earnings,2022
0001133421-22-000003,NOC,2022-01-27T11:30:14+00:00,earnings,2022
0000011544-22-000003,WRB,2022-01-27T21:12:56+00:00,earnings,2022
0000315213-22-000005,RHI,2022-01-27T21:16:36+00:00,earnings,2022
0001157523-22-000111,VFC,2022-01-28T11:55:32+00:00,earnings,2022
0001157523-22-000117,CL,2022-01-28T13:55:49+00:00,earnings,2022
0000936468-22-000011,LMT,2022-02-01T14:18:32+00:00,management,2022
0001604778-22-000008,QRVO,2022-02-02T21:13:20+00:00,earnings,2022
0000950159-22-000018,CI,2022-02-03T11:15:46+00:00,earnings,2022
0001193125-22-026976,ROK,2022-02-03T21:06:02+00:00,management,2022
0000860731-22-000005,TYL,2022-02-07T17:34:18+00:00,other,2022
0001104659-22-012958,PLD,2022-02-08T11:01:25+00:00,other,2022
0001666700-22-000006,DD,2022-02-08T11:06:01+00:00,earnings,2022
0001555280-22-000026,ZTS,2022-02-08T21:19:18+00:00,other,2022
0000927628-22-000065,COF,2022-02-09T18:47:40+00:00,other,2022
0001744489-22-000057,DIS,2022-02-09T21:08:02+00:00,earnings,2022
0000068505-22-000006,MSI,2022-02-09T21:12:32+00:00,earnings,2022
0000066740-22-000014,MMM,2022-02-09T22:05:27+00:00,management,2022
0001157523-22-000172,TPR,2022-02-10T11:45:25+00:00,earnings,2022
0000851968-22-000009,MHK,2022-02-10T21:21:40+00:00,earnings,2022
0001193125-22-035519,ATO,2022-02-11T11:06:34+00:00,other,2022
0000004977-22-000020,AFL,2022-02-11T21:27:31+00:00,management,2022
0001193125-22-037227,CSCO,2022-02-11T21:44:01+00:00,management,2022
0001300514-22-000014,LVS,2022-02-14T21:21:55+00:00,agreement,2022
0001564708-22-000061,NWS,2022-02-14T23:39:08+00:00,other,2022
0000899689-22-000009,VNO,2022-02-15T13:43:11+00:00,earnings,2022
0001383312-22-000010,BR,2022-02-15T15:23:37+00:00,other,2022
0001437749-22-003484,GNRC,2022-02-16T11:02:52+00:00,earnings,2022
0001157523-22-000208,CRL,2022-02-16T12:30:31+00:00,earnings,2022
0001552781-22-000167,KO,2022-02-16T19:50:06+00:00,management,2022
0001193125-22-045085,CME,2022-02-17T15:30:59+00:00,management,2022
0001193125-22-047827,NWL,2022-02-22T14:20:36+00:00,agreement,2022
0000040987-22-000015,GPC,2022-02-23T13:08:43+00:00,management,2022
0001157523-22-000249,NEM,2022-02-24T12:00:39+00:00,earnings,2022
0001564590-22-006743,UHS,2022-02-24T21:45:54+00:00,earnings,2022
0001032208-22-000004,SRE,2022-02-25T15:50:38+00:00,earnings,2022
0001193125-22-053846,PKG,2022-02-25T16:48:56+00:00,management,2022
0001558370-22-002140,DE,2022-02-25T21:00:41+00:00,other,2022
0001086222-22-000054,AKAM,2022-02-25T21:30:24+00:00,management,2022
0000091419-22-000015,SJM,2022-03-01T12:16:16+00:00,earnings,2022
0001108524-22-000010,CRM,2022-03-01T21:11:42+00:00,earnings,2022
0000010795-22-000022,BDX,2022-03-01T21:56:21+00:00,management,2022
0001193125-22-063063,HCA,2022-03-02T21:43:02+00:00,other,2022
0001104659-22-030973,WM,2022-03-07T17:16:33+00:00,management,2022
0000016918-22-000017,STZ,2022-03-07T21:38:59+00:00,other,2022
0000028412-22-000078,CMA,2022-03-07T21:42:57+00:00,other,2022
0001193125-22-068188,MTB,2022-03-07T22:26:55+00:00,other,2022
0001104659-22-031232,REGN,2022-03-08T11:15:42+00:00,agreement,2022
0000950170-22-003069,BRO,2022-03-08T13:45:24+00:00,agreement,2022
0001104659-22-031817,USB,2022-03-09T12:01:59+00:00,other,2022
0001413329-22-000019,PM,2022-03-09T14:31:36+00:00,other,2022
0001193125-22-070563,SRE,2022-03-09T21:06:59+00:00,other,2022
0001193125-22-073384,SRE,2022-03-11T21:06:11+00:00,other,2022
0001564708-22-000101,NWS,2022-03-14T22:47:33+00:00,other,2022
0000217346-22-000009,TXT,2022-03-17T11:56:20+00:00,other,2022
0000040545-22-000018,GE,2022-03-17T20:36:58+00:00,management,2022
0001370637-22-000032,ETSY,2022-03-22T20:09:40+00:00,management,2022
0000829224-22-000020,SBUX,2022-03-22T20:44:13+00:00,management,2022
0001013237-22-000052,FDS,2022-03-24T11:23:39+00:00,earnings,2022
0001193125-22-088208,NDAQ,2022-03-29T20:48:06+00:00,management,2022
0000049196-22-000037,HBAN,2022-03-31T12:34:03+00:00,other,2022
0000713676-22-000028,PNC,2022-03-31T20:31:05+00:00,other,2022
0001104659-22-041453,EXC,2022-04-01T11:20:30+00:00,management,2022
0000109380-22-000131,ZION,2022-04-01T19:16:04+00:00,other,2022
0001193125-22-093656,AMT,2022-04-01T20:16:12+00:00,agreement,2022
0001193125-22-093660,ATO,2022-04-01T20:16:14+00:00,agreement,2022
0000827054-22-000062,MCHP,2022-04-01T20:22:51+00:00,other,2022
0000016918-22-000022,STZ,2022-04-04T20:35:43+00:00,other,2022
0001558370-22-005141,LW,2022-04-07T12:37:45+00:00,earnings,2022
0001104659-22-043582,AIG,2022-04-07T19:27:09+00:00,other,2022
0001104659-22-045107,C,2022-04-12T20:54:21+00:00,other,2022
0001140361-22-014388,HPQ,2022-04-13T20:23:33+00:00,management,2022
0001437749-22-009106,JBHT,2022-04-18T20:11:43+00:00,earnings,2022
0001140361-22-014868,BMY,2022-04-18T20:30:40+00:00,earnings,2022
0001868275-22-000032,CEG,2022-04-19T19:54:29+00:00,management,2022
0001564590-22-014917,TSLA,2022-04-20T20:12:16+00:00,earnings,2022
0000049196-22-000049,HBAN,2022-04-21T11:00:07+00:00,earnings,2022
0001065696-22-000022,LKQ,2022-04-21T20:21:02+00:00,other,2022
0001683168-22-002855,DAL,2022-04-21T20:56:05+00:00,management,2022
0001564708-22-000153,NWS,2022-04-21T23:21:24+00:00,other,2022
0001001250-22-000048,EL,2022-04-25T20:01:13+00:00,management,2022
0001035443-22-000152,ARE,2022-04-25T20:08:55+00:00,earnings,2022
0000202058-22-000023,LHX,2022-04-25T21:22:44+00:00,other,2022
0000066740-22-000032,MMM,2022-04-26T10:32:42+00:00,earnings,2022
0000713676-22-000039,PNC,2022-04-26T20:08:12+00:00,other,2022
0000016918-22-000091,STZ,2022-04-26T20:37:30+00:00,management,2022
0001193125-22-120461,TWTR,2022-04-26T21:10:18+00:00,agreement,2022
0000055785-22-000038,KMB,2022-04-27T20:18:14+00:00,other,2022
0001104659-22-051225,CCL,2022-04-27T20:23:09+00:00,management,2022
0001437749-22-009886,KIM,2022-04-27T20:24:22+00:00,other,2022
0001067701-22-000019,URI,2022-04-27T20:30:57+00:00,earnings,2022
0001564590-22-016095,MSCI,2022-04-27T20:35:24+00:00,other,2022
0001193125-22-123773,WFC,2022-04-27T20:44:59+00:00,other,2022
0000720005-22-000023,RJF,2022-04-27T20:48:30+00:00,earnings,2022
0001564590-22-016224,NLSN,2022-04-28T10:30:29+00:00,earnings,2022
0000059478-22-000130,LLY,2022-04-28T11:05:27+00:00,earnings,2022
0000950170-22-006432,ABMD,2022-04-28T11:30:22+00:00,earnings,2022
0001038357-22-000070,PXD,2022-04-28T12:28:46+00:00,earnings,2022
0000106040-22-000030,WDC,2022-04-28T20:13:26+00:00,earnings,2022
0000012208-22-000021,BIO,2022-04-28T20:25:40+00:00,earnings,2022
0000040545-22-000030,GE,2022-04-29T12:06:12+00:00,other,2022
0001551152-22-000012,ABBV,2022-04-29T13:00:02+00:00,earnings,2022
0000012927-22-000025,BA,2022-04-29T18:35:03+00:00,other,2022
0000827052-22-000020,EIX,2022-04-29T20:07:37+00:00,other,2022
0000063754-22-000028,MKC,2022-05-02T11:29:25+00:00,management,2022
0001193125-22-136846,SYY,2022-05-02T20:31:32+00:00,agreement,2022
0000016918-22-000098,STZ,2022-05-02T20:53:18+00:00,other,2022
0001000228-22-000030,HSIC,2022-05-03T10:40:48+00:00,earnings,2022
0001558370-22-006719,INCY,2022-05-03T11:16:10+00:00,earnings,2022
0000009389-22-000010,BALL,2022-05-03T15:43:22+00:00,management,2022
0000950170-22-007029,REG,2022-05-03T17:53:26+00:00,other,2022
0001564590-22-017807,EXPD,2022-05-04T19:15:17+00:00,other,2022
0001075531-22-000020,BKNG,2022-05-04T20:05:16+00:00,earnings,2022
0001262039-22-000015,FTNT,2022-05-04T20:11:13+00:00,earnings,2022
0001193125-22-140533,BRK-B,2022-05-04T20:36:39+00:00,earnings,2022
0001104659-22-055901,ES,2022-05-04T21:06:35+00:00,earnings,2022
0000004962-22-000030,AXP,2022-05-04T21:19:18+00:00,other,2022
0001193125-22-141328,ANSS,2022-05-05T11:30:33+00:00,management,2022
0001110803-22-000020,ILMN,2022-05-05T20:06:51+00:00,earnings,2022
0001193125-22-143628,PAYC,2022-05-06T20:06:21+00:00,other,2022
0001104659-22-057504,SPG,2022-05-09T20:08:37+00:00,earnings,2022
0001193125-22-144999,COF,2022-05-09T20:16:31+00:00,other,2022
0000029905-22-000018,DOV,2022-05-09T21:24:12+00:00,other,2022
0001104659-22-058272,CMS,2022-05-10T20:36:18+00:00,other,2022
0000020286-22-000032,CINF,2022-05-11T20:07:07+00:00,other,2022
0001744489-22-000099,DIS,2022-05-11T20:07:22+00:00,earnings,2022
0000072903-22-000029,XEL,2022-05-13T15:57:18+00:00,other,2022
0001193125-22-150106,KEY,2022-05-13T20:17:08+00:00,other,2022
0001037868-22-000027,AME,2022-05-16T14:23:25+00:00,agreement,2022
0001193125-22-151657,TER,2022-05-16T20:03:07+00:00,other,2022
0000080661-22-000061,PGR,2022-05-16T21:04:44+00:00,other,2022
0001281761-22-000032,RF,2022-05-17T20:41:37+00:00,other,2022
0001193125-22-154612,GL,2022-05-19T13:28:07+00:00,agreement,2022
0001053507-22-000078,AMT,2022-05-19T20:22:03+00:00,management,2022
0000753308-22-000038,NEE,2022-05-23T20:18:05+00:00,other,2022
0000732717-22-000049,T,2022-05-24T20:26:55+00:00,other,2022
0000769397-22-000070,ADSK,2022-05-26T20:03:23+00:00,earnings,2022
0000105770-22-000026,WST,2022-05-26T20:07:54+00:00,other,2022
0001489393-22-000031,LYB,2022-05-31T20:18:47+00:00,management,2022
0001104659-22-067037,VTR,2022-06-01T18:00:41+00:00,other,2022
0000711404-22-000023,COO,2022-06-02T20:22:56+00:00,earnings,2022
0001601712-22-000183,SYF,2022-06-13T10:31:22+00:00,other,2022
0001174922-22-000107,WYNN,2022-06-14T20:19:45+00:00,other,2022
0001193125-22-174337,AJG,2022-06-15T12:17:54+00:00,other,2022
0001193125-22-175506,NDAQ,2022-06-16T20:10:46+00:00,management,2022
0001193125-22-176478,WDC,2022-06-17T20:02:06+00:00,management,2022
0000078239-22-000084,PVH,2022-06-21T19:57:59+00:00,other,2022
0001193125-22-178111,KLAC,2022-06-22T10:26:59+00:00,agreement,2022
0000037996-22-000038,F,2022-06-23T20:48:06+00:00,agreement,2022
0001104659-22-074542,CE,2022-06-27T12:28:47+00:00,other,2022
0000936340-22-000165,DTE,2022-06-27T20:13:15+00:00,management,2022
0001104659-22-074756,ES,2022-06-27T20:15:36+00:00,other,2022
0001403161-22-000043,V,2022-06-28T20:11:16+00:00,other,2022
0001564708-22-000190,NWS,2022-06-29T23:06:03+00:00,other,2022
0000066740-22-000056,MMM,2022-07-06T10:48:37+00:00,other,2022
0000749251-22-000023,IT,2022-07-14T21:53:02+00:00,management,2022
0001193125-22-194245,APA,2022-07-15T13:00:04+00:00,management,2022
0001601712-22-000200,SYF,2022-07-18T10:02:02+00:00,other,2022
0001564708-22-000219,NWS,2022-07-18T22:33:05+00:00,other,2022
0001193125-22-197362,ELV,2022-07-20T10:06:32+00:00,earnings,2022
0000916365-22-000086,TSCO,2022-07-21T11:05:35+00:00,earnings,2022
0000037996-22-000044,F,2022-07-21T11:35:53+00:00,other,2022
0001193125-22-199147,DPZ,2022-07-21T20:02:14+00:00,other,2022
0000092380-22-000039,LUV,2022-07-21T20:34:12+00:00,agreement,2022
0001564708-22-000227,NWS,2022-07-25T10:37:53+00:00,other,2022
0000927653-22-000062,MCK,2022-07-25T20:41:46+00:00,other,2022
0000822416-22-000036,PHM,2022-07-26T12:01:48+00:00,earnings,2022
0000007084-22-000021,ADM,2022-07-26T14:41:14+00:00,earnings,2022
0001652044-22-000068,GOOG,2022-07-26T20:02:00+00:00,earnings,2022
0001031296-22-000052,FE,2022-07-26T20:22:25+00:00,earnings,2022
0001564590-22-026562,NLSN,2022-07-27T10:30:59+00:00,earnings,2022
0000950170-22-013215,MAA,2022-07-27T20:15:54+00:00,earnings,2022
0000072903-22-000049,XEL,2022-07-27T21:36:38+00:00,earnings,2022
0001193125-22-204244,SCHW,2022-07-28T12:45:49+00:00,other,2022
0000779152-22-000051,JKHY,2022-07-29T20:45:39+00:00,management,2022
0001437749-22-018260,MPWR,2022-08-01T20:01:33+00:00,earnings,2022
0001037646-22-000027,MTD,2022-08-01T20:39:54+00:00,management,2022
0001104659-22-084759,AZO,2022-08-01T21:00:46+00:00,agreement,2022
0001267238-22-000029,AIZ,2022-08-02T20:22:29+00:00,earnings,2022
0001041061-22-000029,YUM,2022-08-03T11:02:03+00:00,earnings,2022
0001804220-22-000020,REGN,2022-08-03T11:08:21+00:00,earnings,2022
0001065088-22-000019,EBAY,2022-08-03T20:07:53+00:00,earnings,2022
0000021076-22-000021,CLX,2022-08-03T20:11:59+00:00,earnings,2022
0001604778-22-000038,QRVO,2022-08-03T20:19:27+00:00,earnings,2022
0001020569-22-000159,IRM,2022-08-04T10:56:03+00:00,earnings,2022
0001868275-22-000064,CEG,2022-08-04T10:57:17+00:00,earnings,2022
0001104659-22-085879,ICE,2022-08-04T11:30:37+00:00,earnings,2022
0000821189-22-000039,EOG,2022-08-04T20:21:49+00:00,earnings,2022
0001020569-22-000169,IRM,2022-08-04T20:53:39+00:00,other,2022
0000818479-22-000072,XRAY,2022-08-04T21:19:04+00:00,earnings,2022
0001193125-22-214295,WMB,2022-08-08T13:12:39+00:00,other,2022
0001193125-22-214881,WELL,2022-08-08T20:16:49+00:00,other,2022
0001193125-22-215532,TMUS,2022-08-09T10:06:03+00:00,agreement,2022
0001193125-22-215541,CHRW,2022-08-09T10:12:36+00:00,management,2022
0000818479-22-000080,XRAY,2022-08-09T20:49:46+00:00,management,2022
0001193125-22-217047,SHW,2022-08-10T15:40:03+00:00,other,2022
0000072331-22-000071,NDSN,2022-08-10T20:32:44+00:00,agreement,2022
0001564708-22-000261,NWS,2022-08-10T22:33:18+00:00,other,2022
0000721371-22-000059,CAH,2022-08-11T20:20:43+00:00,management,2022
0000950170-22-017121,ABMD,2022-08-12T20:05:30+00:00,other,2022
0000712515-22-000047,EA,2022-08-15T20:28:12+00:00,management,2022
0000040987-22-000034,GPC,2022-08-15T22:16:43+00:00,other,2022
0001193125-22-222347,MTB,2022-08-16T20:17:05+00:00,other,2022
0001140361-22-029959,WAB,2022-08-17T12:43:12+00:00,agreement,2022
0001001250-22-000117,EL,2022-08-18T12:30:58+00:00,earnings,2022
0001193125-22-224115,AMGN,2022-08-18T20:10:58+00:00,agreement,2022
0001243786-22-000138,MOS,2022-08-19T20:21:55+00:00,management,2022
0001031296-22-000057,FE,2022-08-25T13:11:16+00:00,other,2022
0000829224-22-000045,SBUX,2022-08-25T21:08:37+00:00,management,2022
0000720005-22-000054,RJF,2022-08-30T19:55:40+00:00,other,2022
0000072903-22-000055,XEL,2022-09-01T19:57:59+00:00,other,2022
0001193125-22-237917,D,2022-09-02T20:15:56+00:00,other,2022
0001104659-22-098279,DG,2022-09-07T21:23:46+00:00,agreement,2022
0001193125-22-241013,PSX,2022-09-08T20:14:01+00:00,other,2022
0001628280-22-024597,DOC,2022-09-08T20:16:29+00:00,other,2022
0000813672-22-000047,CDNS,2022-09-08T20:30:57+00:00,agreement,2022
0001437749-22-022126,UNP,2022-09-09T20:15:18+00:00,other,2022
0001564708-22-000314,NWS,2022-09-14T22:26:33+00:00,other,2022
0000092380-22-000053,LUV,2022-09-15T10:31:33+00:00,other,2022
0001193125-22-247367,CNP,2022-09-20T10:07:05+00:00,other,2022
0001193125-22-248405,FDX,2022-09-21T20:24:04+00:00,management,2022
0000940944-22-000047,DRI,2022-09-22T11:03:21+00:00,earnings,2022
0001193125-22-248803,CTXS,2022-09-22T12:33:54+00:00,other,2022
0001193125-22-249988,COST,2022-09-23T17:38:33+00:00,earnings,2022
0001104659-22-102718,AIG,2022-09-23T21:02:04+00:00,other,2022
0001140361-22-034682,BR,2022-09-26T20:15:28+00:00,other,2022
0000020286-22-000057,CINF,2022-09-27T20:18:45+00:00,other,2022
0001193125-22-256711,ATO,2022-10-03T20:43:08+00:00,agreement,2022
0000882835-22-000063,ROP,2022-10-04T15:00:50+00:00,other,2022
0000864749-22-000176,TRMB,2022-10-06T20:57:23+00:00,other,2022
0000006201-22-000078,AAL,2022-10-11T11:30:24+00:00,earnings,2022
0001410636-22-000152,AWK,2022-10-11T20:35:34+00:00,other,2022
0000916365-22-000099,TSCO,2022-10-11T22:41:46+00:00,other,2022
0001437749-22-024034,GNRC,2022-10-12T20:45:25+00:00,management,2022
0000945841-22-000113,POOL,2022-10-13T20:13:21+00:00,management,2022
0001206774-22-002528,TT,2022-10-14T20:32:37+00:00,management,2022
0001137774-22-000101,PRU,2022-10-18T20:18:57+00:00,other,2022
0001136893-22-000173,FIS,2022-10-18T21:45:00+00:00,earnings,2022
0001506307-22-000105,KMI,2022-10-19T20:13:50+00:00,earnings,2022
0001564590-22-034639,TSLA,2022-10-19T21:15:46+00:00,earnings,2022
0000945841-22-000117,POOL,2022-10-20T13:45:25+00:00,earnings,2022
0000004962-22-000053,AXP,2022-10-21T11:02:34+00:00,earnings,2022
0001104659-22-110612,ABT,2022-10-21T20:05:22+00:00,management,2022
0001564708-22-000374,NWS,2022-10-24T11:10:39+00:00,other,2022
0000950170-22-019915,BRO,2022-10-24T21:30:42+00:00,other,2022
0001035002-22-000047,VLO,2022-10-25T12:32:46+00:00,earnings,2022
0001058090-22-000041,CMG,2022-10-25T20:11:11+00:00,earnings,2022
0000820027-22-000078,AMP,2022-10-25T20:16:45+00:00,earnings,2022
0000040533-22-000046,GD,2022-10-26T11:58:57+00:00,earnings,2022
0000049826-22-000057,ITW,2022-10-26T19:12:46+00:00,agreement,2022
0001564708-22-000380,NWS,2022-10-26T23:55:29+00:00,other,2022
0000092380-22-000058,LUV,2022-10-27T10:30:33+00:00,earnings,2022
0000091142-22-000097,AOS,2022-10-27T10:56:58+00:00,earnings,2022
0001104659-22-111993,COR,2022-10-27T20:01:25+00:00,agreement,2022
0001628280-22-027255,AON,2022-10-28T10:02:38+00:00,earnings,2022
0001534701-22-000176,PSX,2022-11-01T13:17:22+00:00,earnings,2022
0001104659-22-113509,AIG,2022-11-01T20:26:32+00:00,earnings,2022
0001137774-22-000106,PRU,2022-11-01T20:27:19+00:00,earnings,2022
0001043277-22-000043,CHRW,2022-11-02T11:32:16+00:00,earnings,2022
0000020286-22-000069,CINF,2022-11-02T12:14:03+00:00,agreement,2022
0000002969-22-000044,APD,2022-11-03T11:59:12+00:00,earnings,2022
0001688568-22-000072,DXC,2022-11-03T20:19:21+00:00,earnings,2022
0001002910-22-000086,AEE,2022-11-03T20:32:51+00:00,earnings,2022
0001193125-22-276963,SLB,2022-11-03T20:44:34+00:00,other,2022
0001157523-22-001552,RVTY,2022-11-08T11:05:25+00:00,earnings,2022
0001193125-22-280184,SRE,2022-11-08T21:24:07+00:00,other,2022
0001193125-22-280194,STX,2022-11-08T21:31:26+00:00,agreement,2022
0001193125-22-282719,PEG,2022-11-10T21:42:13+00:00,other,2022
0001193125-22-284674,ILMN,2022-11-14T21:32:29+00:00,other,2022
0000950170-22-025069,MLM,2022-11-14T22:20:58+00:00,other,2022
0000701985-22-000034,BBWI,2022-11-16T21:38:51+00:00,earnings,2022
0000006951-22-000037,AMAT,2022-11-17T21:03:56+00:00,earnings,2022
0000092122-22-000069,SO,2022-11-21T14:15:18+00:00,management,2022
0000885725-22-000030,BSX,2022-11-21T21:32:22+00:00,management,2022
0001539838-22-000173,FANG,2022-11-21T21:44:01+00:00,other,2022
0000764478-22-000041,BBY,2022-11-22T12:00:36+00:00,earnings,2022
0000882835-22-000076,ROP,2022-11-22T21:32:55+00:00,other,2022
0001193125-22-292644,EVRG,2022-11-25T21:39:57+00:00,other,2022
0001193125-22-294370,SNPS,2022-11-29T21:33:05+00:00,management,2022
0001300514-22-000133,LVS,2022-11-30T11:07:54+00:00,agreement,2022
0000107815-22-000332,WEC,2022-12-02T21:15:49+00:00,management,2022
0001104659-22-124536,DUK,2022-12-05T19:57:18+00:00,management,2022
0001140361-22-044669,WAB,2022-12-07T15:18:59+00:00,management,2022
0001193125-22-301174,WTW,2022-12-08T23:27:03+00:00,management,2022
0001193125-22-301591,HII,2022-12-09T17:10:32+00:00,management,2022
0000833444-22-000045,JCI,2022-12-09T21:37:19+00:00,management,2022
0001104659-22-126068,TRV,2022-12-12T13:00:30+00:00,other,2022
0001193125-22-302728,PLD,2022-12-12T21:03:05+00:00,management,2022
0001558370-22-018547,TEL,2022-12-12T21:14:23+00:00,other,2022
0000764622-22-000109,PNW,2022-12-19T21:03:48+00:00,management,2022
0000745732-22-000067,ROST,2022-12-20T21:15:32+00:00,management,2022
0000950170-22-026826,FDX,2022-12-20T21:16:11+00:00,earnings,2022
0001193125-23-000262,ON,2023-01-03T13:05:35+00:00,other,2023
0000101778-23-000003,MRO,2023-01-03T21:04:15+00:00,other,2023
0001628280-23-000631,TTWO,2023-01-06T21:15:20+00:00,other,2023
0001193125-23-003557,APA,2023-01-06T21:16:06+00:00,management,2023
0001193125-23-003579,MET,2023-01-06T21:23:06+00:00,other,2023
0001656423-23-000003,BXP,2023-01-06T23:05:21+00:00,agreement,2023
0000064803-23-000003,CVS,2023-01-09T11:27:52+00:00,earnings,2023
0001001082-23-000008,DISH,2023-01-10T12:16:12+00:00,management,2023
0001013237-23-000009,FDS,2023-01-10T21:50:54+00:00,other,2023
0000922224-23-000006,PPL,2023-01-11T13:07:30+00:00,management,2023
0001193125-23-006491,CCI,2023-01-11T21:20:04+00:00,agreement,2023
0000821189-23-000004,EOG,2023-01-12T21:17:57+00:00,other,2023
0001193125-23-007362,GS,2023-01-13T00:42:36+00:00,other,2023
0001564590-23-000399,BLK,2023-01-13T13:03:07+00:00,earnings,2023
0001552781-23-000014,EBAY,2023-01-13T22:00:32+00:00,other,2023
0001193125-23-011445,SLB,2023-01-20T12:11:35+00:00,earnings,2023
0000093751-23-000016,STT,2023-01-20T12:32:49+00:00,earnings,2023
0001601712-23-000023,SYF,2023-01-23T11:00:42+00:00,earnings,2023
0001193125-23-012746,NWL,2023-01-23T14:15:56+00:00,other,2023
0000915913-23-000022,ALB,2023-01-23T23:19:07+00:00,earnings,2023
0000086312-23-000005,TRV,2023-01-24T12:00:20+00:00,earnings,2023
0000217346-23-000002,TXT,2023-01-25T11:33:47+00:00,earnings,2023
0000753308-23-000010,NEE,2023-01-25T12:49:06+00:00,management,2023
0001137789-23-000007,STX,2023-01-25T21:12:31+00:00,earnings,2023
0000909832-23-000007,COST,2023-01-25T21:20:13+00:00,other,2023
0000089800-23-000002,SHW,2023-01-26T12:04:41+00:00,earnings,2023
0001193125-23-015707,J,2023-01-26T12:50:33+00:00,management,2023
0001035002-23-000010,VLO,2023-01-26T13:20:18+00:00,earnings,2023
0001104659-23-007023,MTCH,2023-01-26T21:21:16+00:00,management,2023
0000093410-23-000005,CVX,2023-01-27T21:15:05+00:00,management,2023
0001510295-23-000003,MPC,2023-01-30T12:40:29+00:00,management,2023
0000950103-23-001269,BKR,2023-01-30T14:15:56+00:00,management,2023
0000010795-23-000015,BDX,2023-01-30T19:25:41+00:00,management,2023
0000091419-23-000013,SJM,2023-01-30T21:15:33+00:00,other,2023
0001104659-23-008270,PLD,2023-01-31T13:16:00+00:00,other,2023
0000310764-23-000005,SYK,2023-01-31T21:07:50+00:00,earnings,2023
0001157523-23-000145,HOLX,2023-02-01T21:08:00+00:00,earnings,2023
0000093556-23-000003,SWK,2023-02-02T11:33:50+00:00,earnings,2023
0000059478-23-000025,LLY,2023-02-02T12:13:44+00:00,earnings,2023
0000804328-23-000005,QCOM,2023-02-02T21:03:48+00:00,earnings,2023
0001193125-23-022738,STZ,2023-02-02T21:06:05+00:00,other,2023
0000789570-23-000004,MGM,2023-02-08T21:28:09+00:00,earnings,2023
0000898173-23-000008,ORLY,2023-02-08T21:30:25+00:00,earnings,2023
0001104659-23-014612,RCL,2023-02-08T22:13:22+00:00,other,2023
0001413329-23-000020,PM,2023-02-09T12:03:51+00:00,earnings,2023
0001193125-23-030128,DOV,2023-02-09T21:31:04+00:00,management,2023
0001193125-23-031396,NWL,2023-02-10T13:05:34+00:00,management,2023
0000004977-23-000016,AFL,2023-02-10T21:22:55+00:00,management,2023
0001193125-23-034197,FIS,2023-02-13T12:27:15+00:00,earnings,2023
0001193125-23-035719,TMUS,2023-02-13T21:04:11+00:00,management,2023
0000100493-23-000049,TSN,2023-02-13T21:32:51+00:00,management,2023
0000875045-23-000005,BIIB,2023-02-15T12:03:32+00:00,earnings,2023
0001687229-23-000019,INVH,2023-02-15T21:16:41+00:00,earnings,2023
0001326801-23-000023,META,2023-02-15T21:25:51+00:00,management,2023
0000078003-23-000019,PFE,2023-02-21T21:17:02+00:00,other,2023
0000950170-23-003561,TRGP,2023-02-22T11:15:59+00:00,earnings,2023
0000092122-23-000020,SO,2023-02-24T11:40:59+00:00,other,2023
0001336920-23-000019,LDOS,2023-02-27T13:30:31+00:00,management,2023
0001039684-23-000012,OKE,2023-02-27T22:30:07+00:00,earnings,2023
0001140361-23-009050,BMY,2023-02-28T11:55:31+00:00,other,2023
0000091419-23-000019,SJM,2023-02-28T12:15:27+00:00,earnings,2023
0001193125-23-061366,T,2023-03-06T21:06:03+00:00,other,2023
0001053507-23-000048,AMT,2023-03-09T13:34:41+00:00,management,2023
0001558370-23-003308,ULTA,2023-03-09T21:05:21+00:00,earnings,2023
0001193125-23-066671,PPL,2023-03-10T11:23:34+00:00,other,2023
0001193125-23-068592,DIS,2023-03-13T13:29:02+00:00,management,2023
0001130310-23-000047,CNP,2023-03-13T15:25:17+00:00,other,2023
0000833444-23-000007,JCI,2023-03-14T21:08:14+00:00,other,2023
0001140859-23-000077,COR,2023-03-15T20:07:31+00:00,other,2023
0001130310-23-000052,CNP,2023-03-15T20:11:02+00:00,management,2023
0001193125-23-075746,HON,2023-03-21T20:13:58+00:00,agreement,2023
0001193125-23-077925,BF-B,2023-03-23T20:29:07+00:00,agreement,2023
0000764180-23-000047,MO,2023-03-23T20:35:50+00:00,other,2023
0000079879-23-000014,PPG,2023-03-27T20:32:31+00:00,agreement,2023
0000723125-23-000018,MU,2023-03-28T20:01:45+00:00,earnings,2023
0000829224-23-000025,SBUX,2023-03-28T20:52:27+00:00,management,2023
0000723254-23-000005,CTAS,2023-03-29T12:31:33+00:00,earnings,2023
0001104659-23-038347,HWM,2023-03-29T20:31:03+00:00,other,2023
0001558370-23-005087,ROL,2023-03-30T20:15:44+00:00,other,2023
0001193125-23-085659,RMD,2023-03-30T20:36:54+00:00,management,2023
0000936340-23-000087,DTE,2023-04-03T20:14:21+00:00,other,2023
0001437749-23-009426,CAG,2023-04-05T11:32:15+00:00,earnings,2023
0001193125-23-094013,EVRG,2023-04-06T20:16:05+00:00,other,2023
0001193125-23-094138,HCA,2023-04-06T20:59:30+00:00,management,2023
0000818479-23-000026,XRAY,2023-04-12T12:03:24+00:00,management,2023
0001193125-23-099221,BNY,2023-04-12T20:14:57+00:00,other,2023
0001564590-23-005711,BLK,2023-04-14T10:29:43+00:00,earnings,2023
0001467373-23-000139,ACN,2023-04-14T10:44:28+00:00,management,2023
0001390777-23-000042,BNY,2023-04-18T10:32:18+00:00,earnings,2023
0001137774-23-000059,PRU,2023-04-18T20:21:49+00:00,other,2023
0000320335-23-000022,GL,2023-04-18T20:52:24+00:00,agreement,2023
0001157523-23-000583,SNA,2023-04-20T10:35:35+00:00,earnings,2023
0001104659-23-047774,EQT,2023-04-20T20:17:18+00:00,other,2023
0001193125-23-109258,HCA,2023-04-21T11:30:53+00:00,earnings,2023
0001130310-23-000055,CNP,2023-04-24T10:30:43+00:00,other,2023
0000049196-23-000040,HBAN,2023-04-24T20:41:05+00:00,other,2023
0000202058-23-000024,LHX,2023-04-24T21:08:02+00:00,other,2023
0000077476-23-000025,PEP,2023-04-24T22:00:56+00:00,earnings,2023
0000040545-23-000137,GE,2023-04-25T10:41:40+00:00,other,2023
0000950170-23-014444,EQR,2023-04-25T20:17:54+00:00,earnings,2023
0001043604-23-000060,JNPR,2023-04-25T20:20:04+00:00,earnings,2023
0001628280-23-013053,WAB,2023-04-26T11:20:39+00:00,earnings,2023
0000315213-23-000037,RHI,2023-04-26T20:03:29+00:00,earnings,2023
0000021344-23-000026,KO,2023-04-26T20:14:45+00:00,other,2023
0001179929-23-000066,MOH,2023-04-26T20:21:06+00:00,earnings,2023
0000033213-23-000014,EQT,2023-04-26T20:30:14+00:00,earnings,2023
0001157523-23-000632,IQV,2023-04-27T11:01:49+00:00,earnings,2023
0001136893-23-000073,FIS,2023-04-27T11:03:41+00:00,earnings,2023
0000950170-23-015001,DPZ,2023-04-27T11:30:56+00:00,earnings,2023
0000051434-23-000017,IP,2023-04-27T11:47:25+00:00,earnings,2023
0001018724-23-000006,AMZN,2023-04-27T20:10:37+00:00,earnings,2023
0001628280-23-013726,AON,2023-04-28T10:02:30+00:00,earnings,2023
0001104659-23-052975,IBM,2023-04-28T20:15:45+00:00,other,2023
0001193125-23-127633,UNH,2023-04-28T21:17:55+00:00,agreement,2023
0000950159-23-000157,CI,2023-05-01T10:15:12+00:00,management,2023
0001281761-23-000029,RF,2023-05-01T11:27:36+00:00,other,2023
0000935703-23-000026,DLTR,2023-05-01T20:41:08+00:00,other,2023
0001035267-23-000133,ISRG,2023-05-01T23:26:23+00:00,other,2023
0001104659-23-054706,ABT,2023-05-02T10:00:54+00:00,other,2023
0000950170-23-016574,EXPD,2023-05-02T18:01:52+00:00,earnings,2023
0000002488-23-000074,AMD,2023-05-02T20:17:31+00:00,earnings,2023
0001137774-23-000062,PRU,2023-05-02T20:22:25+00:00,earnings,2023
0001193125-23-133091,EMR,2023-05-03T10:52:59+00:00,earnings,2023
0001001250-23-000052,EL,2023-05-03T12:00:02+00:00,earnings,2023
0001058290-23-000132,CTSH,2023-05-03T20:28:03+00:00,earnings,2023
0001013462-23-000027,ANSS,2023-05-03T20:33:16+00:00,earnings,2023
0000010795-23-000038,BDX,2023-05-04T10:36:46+00:00,earnings,2023
0000950170-23-017447,MLM,2023-05-04T10:59:21+00:00,earnings,2023
0001521332-23-000037,APTV,2023-05-04T13:09:12+00:00,earnings,2023
0000034903-23-000043,FRT,2023-05-04T20:10:43+00:00,earnings,2023
0000352541-23-000056,LNT,2023-05-04T22:04:01+00:00,earnings,2023
0001104659-23-056395,CMS,2023-05-05T15:50:17+00:00,other,2023
0001104659-23-056516,CF,2023-05-05T20:05:47+00:00,other,2023
0000822416-23-000021,PHM,2023-05-05T20:42:51+00:00,other,2023
0000004127-23-000014,SWKS,2023-05-08T20:05:21+00:00,earnings,2023
0001104659-23-057267,INCY,2023-05-08T21:21:48+00:00,other,2023
0001413329-23-000151,PM,2023-05-09T11:57:30+00:00,other,2023
0000759944-23-000082,CFG,2023-05-09T12:40:59+00:00,other,2023
0001193125-23-139055,EMN,2023-05-09T13:14:26+00:00,other,2023
0000927628-23-000197,COF,2023-05-09T20:05:45+00:00,management,2023
0000950170-23-020879,REG,2023-05-11T12:58:04+00:00,other,2023
0000916365-23-000061,TSCO,2023-05-11T14:07:43+00:00,other,2023
0001300514-23-000064,LVS,2023-05-12T10:03:10+00:00,agreement,2023
0000860731-23-000022,TYL,2023-05-15T16:51:18+00:00,other,2023
0001656423-23-000027,BXP,2023-05-15T21:30:33+00:00,other,2023
0001193125-23-146124,AMT,2023-05-16T20:19:59+00:00,agreement,2023
0000004127-23-000019,SWKS,2023-05-16T21:00:39+00:00,management,2023
0001174922-23-000111,WYNN,2023-05-17T20:16:02+00:00,agreement,2023
0000899051-23-000043,ALL,2023-05-18T20:30:39+00:00,other,2023
0001097149-23-000049,ALGN,2023-05-18T20:31:44+00:00,management,2023
0001510295-23-000057,MPC,2023-05-19T11:05:39+00:00,management,2023
0001193125-23-149320,EXR,2023-05-19T20:10:57+00:00,agreement,2023
0001022079-23-000104,DGX,2023-05-19T20:33:20+00:00,other,2023
0000779152-23-000028,JKHY,2023-05-22T20:48:21+00:00,agreement,2023
0001193125-23-151852,PRU,2023-05-23T20:32:35+00:00,agreement,2023
0001564708-23-000207,NWS,2023-05-23T23:20:22+00:00,other,2023
0001045810-23-000087,NVDA,2023-05-24T20:22:18+00:00,earnings,2023
0000064803-23-000021,CVS,2023-05-25T10:30:19+00:00,other,2023
0000764478-23-000019,BBY,2023-05-25T11:01:24+00:00,earnings,2023
0001104659-23-065457,AMZN,2023-05-26T20:09:07+00:00,other,2023
0001645590-23-000054,HPE,2023-05-30T20:08:18+00:00,earnings,2023
0001104659-23-066339,UAL,2023-05-31T12:04:17+00:00,management,2023
0001308179-23-000881,PCG,2023-05-31T18:17:39+00:00,other,2023
0001104659-23-067085,NRG,2023-06-01T20:35:48+00:00,agreement,2023
0000950170-23-026364,MAA,2023-06-05T20:16:01+00:00,other,2023
0001564708-23-000223,NWS,2023-06-05T22:18:25+00:00,other,2023
0000074208-23-000050,UDR,2023-06-06T20:16:54+00:00,other,2023
0001104659-23-070203,ABT,2023-06-12T14:32:56+00:00,management,2023
0000914208-23-000399,IVZ,2023-06-13T11:51:08+00:00,other,2023
0001193125-23-166574,DRI,2023-06-14T13:13:00+00:00,other,2023
0001104659-23-073385,UAL,2023-06-21T20:53:20+00:00,agreement,2023
0001193125-23-171954,AON,2023-06-22T13:45:05+00:00,agreement,2023
0001193125-23-172567,GM,2023-06-22T20:22:06+00:00,other,2023
0001193125-23-172661,AON,2023-06-22T21:03:03+00:00,management,2023
0001262039-23-000024,FTNT,2023-06-23T20:07:54+00:00,other,2023
0000950103-23-009190,AIG,2023-06-23T20:37:03+00:00,management,2023
0000936340-23-000150,DTE,2023-06-26T20:18:47+00:00,management,2023
0000019617-23-000408,JPM,2023-06-26T20:46:35+00:00,other,2023
0001193125-23-175558,WBA,2023-06-27T11:16:02+00:00,earnings,2023
0001041061-23-000033,YUM,2023-06-29T20:19:29+00:00,management,2023
0000037996-23-000042,F,2023-07-06T13:26:38+00:00,other,2023
0001104659-23-078772,CBOE,2023-07-06T20:43:21+00:00,management,2023
0000037785-23-000110,FMC,2023-07-10T11:43:57+00:00,earnings,2023
0000016918-23-000113,STZ,2023-07-10T21:22:06+00:00,other,2023
0001140361-23-034085,HPQ,2023-07-11T21:00:45+00:00,other,2023
0001564708-23-000297,NWS,2023-07-12T22:31:40+00:00,other,2023
0000950103-23-010291,XOM,2023-07-13T20:31:19+00:00,other,2023
0000927066-23-000162,DVA,2023-07-13T21:16:31+00:00,management,2023
0001193125-23-188128,FDX,2023-07-17T20:24:03+00:00,management,2023
0001053507-23-000136,AMT,2023-07-20T13:10:50+00:00,other,2023
0000051143-23-000015,IBM,2023-07-20T20:15:57+00:00,other,2023
0000804328-23-000033,QCOM,2023-07-21T20:09:27+00:00,other,2023
0001065088-23-000018,EBAY,2023-07-26T20:07:41+00:00,earnings,2023
0000820027-23-000074,AMP,2023-07-26T20:17:49+00:00,earnings,2023
0000072903-23-000110,XEL,2023-07-26T22:10:36+00:00,earnings,2023
0000885725-23-000041,BSX,2023-07-27T10:43:30+00:00,earnings,2023
0000916365-23-000087,TSCO,2023-07-27T11:05:27+00:00,earnings,2023
0001551152-23-000028,ABBV,2023-07-27T11:45:22+00:00,earnings,2023
0001035002-23-000101,VLO,2023-07-27T12:13:56+00:00,earnings,2023
0001157523-23-001178,CL,2023-07-28T12:01:03+00:00,earnings,2023
0001193125-23-197693,MCO,2023-07-28T20:00:55+00:00,management,2023
0001157523-23-001197,RVTY,2023-08-01T10:05:47+00:00,earnings,2023
0001157523-23-001198,IDXX,2023-08-01T10:30:32+00:00,earnings,2023
0001510295-23-000067,MPC,2023-08-01T10:40:15+00:00,earnings,2023
0001123360-23-000026,GPN,2023-08-01T11:02:19+00:00,earnings,2023
0000833444-23-000028,JCI,2023-08-02T10:59:41+00:00,earnings,2023
0001099219-23-000207,MET,2023-08-02T20:30:56+00:00,earnings,2023
0001002910-23-000101,AEE,2023-08-02T20:35:06+00:00,earnings,2023
0000864749-23-000171,TRMB,2023-08-03T11:23:04+00:00,earnings,2023
0001324424-23-000042,EXPE,2023-08-03T13:01:38+00:00,earnings,2023
0001193125-23-202902,KLAC,2023-08-03T20:30:44+00:00,other,2023
0001193125-23-203033,AMGN,2023-08-03T21:48:29+00:00,management,2023
0001193125-23-203870,MCO,2023-08-04T20:10:32+00:00,management,2023
0001193125-23-209031,WMB,2023-08-10T20:06:07+00:00,agreement,2023
0001193125-23-210755,NWL,2023-08-11T20:16:57+00:00,agreement,2023
0001213900-23-066346,OKE,2023-08-11T21:29:33+00:00,agreement,2023
0000712515-23-000040,EA,2023-08-14T20:06:04+00:00,other,2023
0000927628-23-000269,COF,2023-08-14T21:36:15+00:00,other,2023
0001564708-23-000367,NWS,2023-08-14T22:19:45+00:00,other,2023
0001628280-23-029483,FLT,2023-08-15T12:37:33+00:00,other,2023
0000049071-23-000052,HUM,2023-08-21T11:48:59+00:00,management,2023
0001091667-23-000119,CHTR,2023-08-21T20:18:26+00:00,management,2023
0000072331-23-000141,NDSN,2023-08-21T20:33:59+00:00,earnings,2023
0000009389-23-000031,BALL,2023-08-22T20:20:59+00:00,agreement,2023
0000707549-23-000105,LRCX,2023-08-24T20:12:53+00:00,management,2023
0001564708-23-000406,NWS,2023-08-29T22:15:34+00:00,other,2023
0000037996-23-000055,F,2023-09-01T12:30:56+00:00,other,2023
0001157523-23-001392,MOH,2023-09-05T20:15:58+00:00,other,2023
0001193125-23-229439,PCAR,2023-09-06T17:31:02+00:00,other,2023
0001104659-23-099123,KR,2023-09-08T12:22:02+00:00,earnings,2023
0000950170-23-047734,MAA,2023-09-12T20:16:41+00:00,other,2023
0001104659-23-100039,VTR,2023-09-12T20:32:45+00:00,agreement,2023
0001104659-23-100062,INCY,2023-09-12T21:00:20+00:00,management,2023
0001564708-23-000430,NWS,2023-09-18T11:07:18+00:00,other,2023
0001193125-23-237643,IFF,2023-09-19T20:16:04+00:00,agreement,2023
0001645590-23-000093,HPE,2023-09-19T20:20:50+00:00,other,2023
0001564708-23-000436,NWS,2023-09-20T23:05:49+00:00,other,2023
0001193125-23-239199,CME,2023-09-21T13:39:28+00:00,other,2023
0000950170-23-050045,PAYX,2023-09-27T12:38:30+00:00,earnings,2023
0000072903-23-000139,XEL,2023-10-02T20:07:01+00:00,management,2023
0001408198-23-000050,MSCI,2023-10-02T20:07:59+00:00,other,2023
0001130310-23-000127,CNP,2023-10-03T10:45:33+00:00,management,2023
0000100517-23-000175,UAL,2023-10-04T20:31:24+00:00,agreement,2023
0001564708-23-000475,NWS,2023-10-10T11:09:36+00:00,other,2023
0001967680-23-000007,VLTO,2023-10-12T12:58:44+00:00,other,2023
0000950170-23-053207,BLK,2023-10-13T10:38:58+00:00,earnings,2023
0000004962-23-000035,AXP,2023-10-16T16:00:42+00:00,other,2023
0000070858-23-000264,BAC,2023-10-17T10:48:23+00:00,earnings,2023
0000950157-23-001058,TMO,2023-10-17T13:06:56+00:00,other,2023
0000092122-23-000097,SO,2023-10-17T20:06:30+00:00,management,2023
0001104659-23-109618,PFG,2023-10-17T20:18:53+00:00,other,2023
0001045810-23-000217,NVDA,2023-10-17T21:27:14+00:00,other,2023
0001065280-23-000272,NFLX,2023-10-18T20:01:28+00:00,earnings,2023
0001035267-23-000192,ISRG,2023-10-19T20:04:36+00:00,earnings,2023
0001178913-23-003352,SEDG,2023-10-20T10:01:22+00:00,earnings,2023
0001193125-23-259917,DPZ,2023-10-20T20:02:00+00:00,other,2023
0000950103-23-015254,CPB,2023-10-23T21:07:52+00:00,other,2023
0000940944-23-000064,DRI,2023-10-24T20:00:51+00:00,agreement,2023
0000051143-23-000026,IBM,2023-10-25T20:17:03+00:00,earnings,2023
0001067701-23-000043,URI,2023-10-25T20:35:45+00:00,earnings,2023
0001104659-23-111585,MRK,2023-10-26T10:38:04+00:00,earnings,2023
0001093557-23-000218,DXCM,2023-10-26T20:04:04+00:00,other,2023
0001140361-23-049708,ESS,2023-10-26T20:39:23+00:00,earnings,2023
0001628280-23-035436,DOC,2023-10-30T11:07:31+00:00,earnings,2023
0001193125-23-267794,SHW,2023-11-01T12:42:59+00:00,other,2023
0000004977-23-000172,AFL,2023-11-01T20:14:49+00:00,earnings,2023
0001137774-23-000114,PRU,2023-11-01T20:22:46+00:00,earnings,2023
0000950159-23-000272,CI,2023-11-02T10:16:18+00:00,earnings,2023
0001157523-23-001618,HWM,2023-11-02T11:10:27+00:00,earnings,2023
0001628280-23-036203,FOX,2023-11-02T11:32:45+00:00,earnings,2023
0001193125-23-269009,APA,2023-11-02T14:40:30+00:00,earnings,2023
0000950170-23-058192,EXPD,2023-11-02T20:08:48+00:00,management,2023
0000877212-23-000145,ZBRA,2023-11-06T13:14:20+00:00,management,2023
0001104659-23-114774,CBOE,2023-11-06T21:30:21+00:00,other,2023
0000882184-23-000110,DHI,2023-11-07T16:57:42+00:00,earnings,2023
0000950170-23-061229,D,2023-11-08T21:53:46+00:00,other,2023
0001193125-23-277210,ABNB,2023-11-14T22:27:29+00:00,other,2023
0001100682-23-000025,CRL,2023-11-15T13:31:24+00:00,other,2023
0000898173-23-000061,ORLY,2023-11-16T21:30:34+00:00,management,2023
0001564708-23-000561,NWS,2023-11-17T00:21:00+00:00,other,2023
0001193125-23-279913,AAL,2023-11-17T22:16:04+00:00,other,2023
0000107815-23-000246,WEC,2023-11-20T12:15:39+00:00,other,2023
0001193125-23-280656,RMD,2023-11-20T21:10:31+00:00,other,2023
0001104659-23-119966,UAL,2023-11-20T22:03:14+00:00,other,2023
0000885725-23-000051,BSX,2023-11-22T21:04:01+00:00,management,2023
0001140361-23-054703,TPR,2023-11-27T21:24:00+00:00,agreement,2023
0000731766-23-000080,UNH,2023-11-28T21:25:09+00:00,other,2023
0001193125-23-284423,HD,2023-11-28T22:29:31+00:00,other,2023
0001193125-23-284801,CME,2023-11-29T14:19:30+00:00,other,2023
0001193125-23-287450,EXR,2023-12-01T21:06:04+00:00,agreement,2023
0001193125-23-289167,CCI,2023-12-05T21:16:54+00:00,agreement,2023
0000720005-23-000087,RJF,2023-12-05T21:56:10+00:00,management,2023
0001683168-23-008645,DAL,2023-12-06T11:30:11+00:00,other,2023
0001104659-23-124341,AVB,2023-12-07T22:15:39+00:00,other,2023
0001104659-23-124692,ES,2023-12-08T21:15:31+00:00,management,2023
0001193125-23-292068,RSG,2023-12-11T12:45:59+00:00,other,2023
0001524472-23-000045,XYL,2023-12-13T12:02:26+00:00,other,2023
0001193125-23-296654,VTRS,2023-12-15T21:14:31+00:00,other,2023
0001213900-23-096515,OMC,2023-12-18T21:23:48+00:00,management,2023
0000035527-23-000270,FITB,2023-12-19T13:02:29+00:00,management,2023
0001193125-23-298642,PEG,2023-12-19T21:30:33+00:00,other,2023
0000320187-23-000054,NKE,2023-12-21T21:15:23+00:00,earnings,2023
0001193125-23-301208,BNY,2023-12-21T21:17:08+00:00,other,2023
0000010795-23-000127,BDX,2023-12-21T21:45:01+00:00,other,2023
0000898173-24-000003,ORLY,2024-01-02T21:31:47+00:00,other,2024
0001510295-24-000002,MPC,2024-01-09T21:09:47+00:00,management,2024
0000049196-24-000003,HBAN,2024-01-10T21:31:03+00:00,management,2024
0001564708-24-000028,NWS,2024-01-10T23:43:55+00:00,other,2024
0001104659-24-003878,ECHO,2024-01-16T11:55:36+00:00,other,2024
0001489393-24-000002,LYB,2024-01-16T13:18:27+00:00,other,2024
0000759944-24-000008,CFG,2024-01-18T14:00:36+00:00,other,2024
0001140361-24-002654,ETN,2024-01-18T16:46:46+00:00,management,2024
0000077476-24-000003,PEP,2024-01-18T21:32:53+00:00,management,2024
0001193125-24-011229,EXR,2024-01-19T21:02:53+00:00,agreement,2024
0001075531-24-000003,BKNG,2024-01-19T21:11:32+00:00,management,2024
0001193125-24-011295,MSFT,2024-01-19T21:39:35+00:00,other,2024
0001193125-24-011608,ADM,2024-01-22T11:05:34+00:00,earnings,2024
0001701605-24-000007,BKR,2024-01-23T22:25:40+00:00,earnings,2024
0000055785-24-000006,KMB,2024-01-24T12:05:11+00:00,earnings,2024
0001403161-24-000013,V,2024-01-25T21:05:41+00:00,earnings,2024
0001552781-24-000023,NSC,2024-01-26T21:32:04+00:00,agreement,2024
0001035443-24-000073,ARE,2024-01-29T21:08:52+00:00,earnings,2024
0001193125-24-018126,TER,2024-01-29T21:16:03+00:00,other,2024
0000096021-24-000013,SYY,2024-01-30T13:03:25+00:00,earnings,2024
0001103982-24-000010,MDLZ,2024-01-30T21:02:45+00:00,other,2024
0001564708-24-000053,NWS,2024-01-30T23:30:32+00:00,other,2024
0001193125-24-020186,AVY,2024-01-31T11:46:02+00:00,earnings,2024
0001659166-24-000023,FTV,2024-01-31T12:32:48+00:00,earnings,2024
0000950159-24-000033,CI,2024-02-02T11:15:28+00:00,earnings,2024
0000950170-24-010091,CHD,2024-02-02T12:09:37+00:00,earnings,2024
0001524472-24-000003,XYL,2024-02-06T12:02:53+00:00,earnings,2024
0001193125-24-024829,WFC,2024-02-06T13:08:37+00:00,other,2024
0001585689-24-000023,HLT,2024-02-07T11:02:52+00:00,earnings,2024
0000032604-24-000004,EMR,2024-02-07T11:54:42+00:00,earnings,2024
0001193125-24-032073,PYPL,2024-02-12T21:17:01+00:00,management,2024
0001260221-24-000028,TDG,2024-02-12T22:01:31+00:00,other,2024
0000927066-24-000005,DVA,2024-02-13T21:11:16+00:00,earnings,2024
0001687229-24-000007,INVH,2024-02-13T21:15:51+00:00,earnings,2024
0000950159-24-000100,CI,2024-02-15T11:16:03+00:00,other,2024
0000045012-24-000010,HAL,2024-02-15T21:19:19+00:00,management,2024
0001193125-24-039384,NI,2024-02-20T13:00:58+00:00,management,2024
0001193125-24-041435,INTC,2024-02-21T21:06:20+00:00,other,2024
0001370637-24-000011,ETSY,2024-02-21T21:06:52+00:00,earnings,2024
0001075531-24-000011,BKNG,2024-02-22T21:01:50+00:00,earnings,2024
0001506307-24-000013,KMI,2024-02-23T22:32:07+00:00,other,2024
0001193125-24-045977,BRK-B,2024-02-26T18:53:12+00:00,earnings,2024
0001104659-24-027649,DOC,2024-02-26T22:58:25+00:00,other,2024
0001171843-24-001000,AZO,2024-02-27T11:55:14+00:00,earnings,2024
0000720005-24-000023,RJF,2024-02-27T21:34:33+00:00,other,2024
0000721371-24-000012,CAH,2024-02-28T21:20:54+00:00,management,2024
0000040545-24-000040,GE,2024-02-29T21:54:09+00:00,other,2024
0000029905-24-000011,DOV,2024-02-29T22:24:13+00:00,other,2024
0001140361-24-010702,ETN,2024-03-01T17:38:49+00:00,management,2024
0001145197-24-000013,PODD,2024-03-01T21:03:51+00:00,management,2024
0001193125-24-056715,PEG,2024-03-04T11:16:17+00:00,other,2024
0000040545-24-000056,GE,2024-03-07T11:20:28+00:00,other,2024
0001104659-24-031698,URI,2024-03-07T12:33:04+00:00,other,2024
0001104659-24-031928,RCL,2024-03-07T21:40:31+00:00,agreement,2024
0001193125-24-063290,GS,2024-03-08T17:01:35+00:00,management,2024
0001193125-24-067889,NI,2024-03-14T20:06:59+00:00,other,2024
0001104659-24-034815,DUK,2024-03-15T12:40:08+00:00,management,2024
0001140361-24-013978,BMY,2024-03-18T21:30:20+00:00,management,2024
0001193125-24-072052,NSC,2024-03-20T11:14:04+00:00,management,2024
0001193125-24-072735,SNPS,2024-03-20T20:25:00+00:00,other,2024
0000940944-24-000011,DRI,2024-03-21T11:03:19+00:00,earnings,2024
0000723254-24-000016,CTAS,2024-03-27T12:37:16+00:00,earnings,2024
0001585689-24-000062,HLT,2024-03-27T20:34:44+00:00,agreement,2024
0001193125-24-084038,GE,2024-04-02T10:42:06+00:00,agreement,2024
0000950170-24-039769,PAYX,2024-04-02T12:49:23+00:00,earnings,2024
0000827054-24-000063,MCHP,2024-04-02T20:18:35+00:00,management,2024
0001558370-24-004685,ULTA,2024-04-03T23:21:48+00:00,other,2024
0001463101-24-000052,ENPH,2024-04-04T20:13:51+00:00,management,2024
0001534701-24-000097,PSX,2024-04-04T20:49:07+00:00,management,2024
0001193125-24-092040,DOV,2024-04-10T21:16:07+00:00,other,2024
0001193125-24-092475,VRTX,2024-04-11T11:13:31+00:00,agreement,2024
0000093751-24-000584,STT,2024-04-12T11:30:53+00:00,earnings,2024
0000019617-24-000318,JPM,2024-04-12T14:18:43+00:00,other,2024
0001964738-24-000010,SOLV,2024-04-16T20:35:51+00:00,management,2024
0001628280-24-016497,ABT,2024-04-17T11:36:02+00:00,earnings,2024
0000004962-24-000029,AXP,2024-04-19T11:02:18+00:00,earnings,2024
0000080424-24-000048,PG,2024-04-19T13:59:10+00:00,other,2024
0000079879-24-000110,PPG,2024-04-22T17:19:15+00:00,management,2024
0001193125-24-104926,JPM,2024-04-22T20:31:05+00:00,other,2024
0001193125-24-105007,WFC,2024-04-22T20:53:46+00:00,other,2024
0000046080-24-000079,HAS,2024-04-24T10:47:42+00:00,earnings,2024
0001094285-24-000052,TDY,2024-04-24T11:35:04+00:00,earnings,2024
0001097149-24-000026,ALGN,2024-04-24T20:02:22+00:00,earnings,2024
0001133421-24-000025,NOC,2024-04-25T10:46:33+00:00,earnings,2024
0000051434-24-000029,IP,2024-04-25T11:05:05+00:00,earnings,2024
0000004904-24-000034,AEP,2024-04-25T15:14:01+00:00,other,2024
0001652044-24-000047,GOOG,2024-04-25T20:01:35+00:00,earnings,2024
0000882095-24-000010,GILD,2024-04-25T20:04:55+00:00,earnings,2024
0000084839-24-000071,ROL,2024-04-25T20:06:39+00:00,management,2024
0000927628-24-000159,COF,2024-04-25T20:07:05+00:00,other,2024
0000950142-24-001201,CCL,2024-04-25T20:23:41+00:00,agreement,2024
0000217346-24-000063,TXT,2024-04-25T20:56:58+00:00,other,2024
0001564708-24-000229,NWS,2024-04-29T11:21:10+00:00,other,2024
0001123360-24-000008,GPN,2024-04-29T20:13:46+00:00,other,2024
0001705696-24-000061,VICI,2024-04-30T20:25:54+00:00,other,2024
0001104659-24-055201,IDXX,2024-05-01T10:30:44+00:00,earnings,2024
0000950170-24-051256,PTC,2024-05-01T20:06:41+00:00,earnings,2024
0000950170-24-051272,PAYC,2024-05-01T20:10:14+00:00,earnings,2024
0001193125-24-127511,DVN,2024-05-01T20:19:01+00:00,earnings,2024
0001099219-24-000139,MET,2024-05-01T20:32:33+00:00,earnings,2024
0001410636-24-000093,AWK,2024-05-01T20:32:59+00:00,earnings,2024
0001070750-24-000125,HST,2024-05-01T20:50:25+00:00,earnings,2024
0001109357-24-000114,EXC,2024-05-02T10:53:09+00:00,earnings,2024
0001501585-24-000011,HII,2024-05-02T11:19:33+00:00,earnings,2024
0000068505-24-000014,MSI,2024-05-02T20:14:03+00:00,earnings,2024
0001335258-24-000069,LYV,2024-05-02T20:15:34+00:00,earnings,2024
0001628280-24-020034,IR,2024-05-02T20:32:33+00:00,earnings,2024
0001193125-24-129464,DOV,2024-05-02T21:00:59+00:00,management,2024
0000874761-24-000039,AES,2024-05-02T21:19:47+00:00,earnings,2024
0000936468-24-000058,LMT,2024-05-03T11:01:02+00:00,other,2024
0000726728-24-000072,O,2024-05-06T20:09:11+00:00,earnings,2024
0001564708-24-000241,NWS,2024-05-06T22:29:01+00:00,other,2024
0001193125-24-132582,EFX,2024-05-07T11:35:01+00:00,management,2024
0001543151-24-000017,UBER,2024-05-08T10:56:02+00:00,earnings,2024
0000050863-24-000086,INTC,2024-05-08T11:49:38+00:00,other,2024
0000832101-24-000018,IEX,2024-05-08T16:01:28+00:00,other,2024
0001104659-24-058578,SPG,2024-05-08T17:22:47+00:00,other,2024
0000074208-24-000042,UDR,2024-05-08T20:18:52+00:00,other,2024
0001352010-24-000015,EPAM,2024-05-08T22:45:52+00:00,earnings,2024
0001564708-24-000248,NWS,2024-05-08T22:49:40+00:00,other,2024
0001193125-24-134893,ED,2024-05-09T13:46:11+00:00,other,2024
0001104659-24-059327,PNW,2024-05-09T20:09:17+00:00,other,2024
0000096943-24-000078,TFX,2024-05-09T21:04:45+00:00,management,2024
0000037996-24-000077,F,2024-05-10T12:04:31+00:00,management,2024
0001193125-24-136151,OKE,2024-05-10T20:06:06+00:00,agreement,2024
0001628280-24-022621,HST,2024-05-10T20:06:46+00:00,agreement,2024
0001193125-24-136240,BAC,2024-05-10T20:44:01+00:00,other,2024
0000927066-24-000093,DVA,2024-05-13T10:16:32+00:00,agreement,2024
0000002488-24-000076,AMD,2024-05-13T20:23:38+00:00,other,2024
0001193125-24-137317,GIS,2024-05-13T21:00:55+00:00,management,2024
0000354950-24-000118,HD,2024-05-14T10:23:30+00:00,earnings,2024
0001564708-24-000257,NWS,2024-05-14T23:59:25+00:00,other,2024
0000950170-24-060580,ZBH,2024-05-15T21:05:14+00:00,management,2024
0000759944-24-000098,CFG,2024-05-16T12:50:56+00:00,other,2024
0001193125-24-140534,IP,2024-05-16T20:06:45+00:00,management,2024
0001193125-24-140585,BKR,2024-05-16T20:20:32+00:00,other,2024
0000874766-24-000079,HIG,2024-05-16T20:27:16+00:00,other,2024
0000315213-24-000062,RHI,2024-05-16T20:28:37+00:00,other,2024
0000052988-24-000038,J,2024-05-16T21:01:16+00:00,management,2024
0001999371-24-006337,PCG,2024-05-20T20:15:13+00:00,other,2024
0000109198-24-000031,TJX,2024-05-22T13:11:20+00:00,earnings,2024
0001193125-24-148078,PYPL,2024-05-28T20:01:33+00:00,other,2024
0000745732-24-000026,ROST,2024-05-28T21:35:10+00:00,other,2024
0001193125-24-148728,APA,2024-05-29T14:08:31+00:00,other,2024
0000047217-24-000039,HPQ,2024-05-29T20:17:14+00:00,earnings,2024
0000049071-24-000027,HUM,2024-06-03T11:30:17+00:00,other,2024
0000950103-24-007605,MTCH,2024-06-03T12:30:37+00:00,management,2024
0000950103-24-007646,JPM,2024-06-03T20:15:16+00:00,other,2024
0001393311-24-000140,PSA,2024-06-03T21:06:50+00:00,other,2024
0001413329-24-000126,PM,2024-06-04T10:02:14+00:00,other,2024
0001075531-24-000033,BKNG,2024-06-05T20:43:58+00:00,other,2024
0001043277-24-000030,CHRW,2024-06-06T20:18:36+00:00,management,2024
0001193125-24-157379,D,2024-06-07T20:16:06+00:00,agreement,2024
0001193125-24-157432,FTV,2024-06-07T20:31:04+00:00,other,2024
0001058290-24-000198,CTSH,2024-06-07T20:42:32+00:00,other,2024
0001140361-24-029309,BDX,2024-06-07T21:04:43+00:00,agreement,2024
0001601712-24-000216,SYF,2024-06-10T10:03:13+00:00,other,2024
0001058290-24-000204,CTSH,2024-06-10T11:05:23+00:00,agreement,2024
0001596532-24-000233,ANET,2024-06-10T20:17:22+00:00,other,2024
0000950170-24-071684,GRMN,2024-06-11T15:57:12+00:00,management,2024
0001397187-24-000027,LULU,2024-06-12T20:16:11+00:00,other,2024
0001193125-24-161579,TMUS,2024-06-14T20:02:07+00:00,other,2024
0001104659-24-071748,CAT,2024-06-14T20:05:51+00:00,other,2024
0001193125-24-161624,NDAQ,2024-06-14T20:15:59+00:00,other,2024
0001043277-24-000033,CHRW,2024-06-20T20:16:39+00:00,management,2024
0000950142-24-001676,CARR,2024-06-21T20:05:31+00:00,management,2024
0001193125-24-166956,GS,2024-06-24T20:17:33+00:00,management,2024
0001104659-24-074797,WM,2024-06-25T21:06:33+00:00,agreement,2024
0001193125-24-169064,MGM,2024-06-26T20:16:02+00:00,agreement,2024
0000916365-24-000077,TSCO,2024-06-28T12:30:23+00:00,other,2024
0001193125-24-172486,USB,2024-06-28T22:45:02+00:00,other,2024
0000749251-24-000029,IT,2024-07-01T10:10:50+00:00,management,2024
0001193125-24-174684,VTRS,2024-07-03T12:40:29+00:00,other,2024
0001206774-24-000650,GLW,2024-07-08T11:15:34+00:00,earnings,2024
0000080424-24-000063,PG,2024-07-09T20:28:38+00:00,other,2024
0000797468-24-000121,OXY,2024-07-10T20:15:22+00:00,earnings,2024
0001558370-24-009749,CAG,2024-07-11T11:32:12+00:00,earnings,2024
0001390777-24-000091,BNY,2024-07-12T10:30:47+00:00,earnings,2024
0000070858-24-000186,BAC,2024-07-16T10:45:46+00:00,earnings,2024
0000895421-24-000398,MS,2024-07-16T11:36:51+00:00,earnings,2024
0001104659-24-080713,APH,2024-07-18T13:15:01+00:00,other,2024
0001489393-24-000031,LYB,2024-07-18T20:36:28+00:00,agreement,2024
0000950170-24-085869,ODFL,2024-07-24T13:02:49+00:00,earnings,2024
0000815556-24-000033,FAST,2024-07-24T20:05:16+00:00,other,2024
0001193125-24-184856,AJG,2024-07-25T20:26:52+00:00,earnings,2024
0001130310-24-000094,CNP,2024-07-30T10:20:30+00:00,earnings,2024
0001104659-24-083733,HWM,2024-07-30T11:05:15+00:00,earnings,2024
0001193125-24-188316,PEG,2024-07-30T13:01:09+00:00,earnings,2024
0000007084-24-000024,ADM,2024-07-30T14:52:06+00:00,earnings,2024
0000310764-24-000095,SYK,2024-07-30T20:09:22+00:00,earnings,2024
0000950170-24-088226,GRMN,2024-07-31T11:00:09+00:00,earnings,2024
0001506307-24-000091,KMI,2024-07-31T20:10:58+00:00,management,2024
0001020569-24-000208,IRM,2024-08-01T10:49:35+00:00,earnings,2024
0000026172-24-000033,CMI,2024-08-01T11:50:59+00:00,earnings,2024
0000950170-24-088974,REG,2024-08-01T12:36:43+00:00,management,2024
0001555280-24-000290,ZTS,2024-08-01T20:32:36+00:00,other,2024
0000093410-24-000037,CVX,2024-08-02T10:30:26+00:00,management,2024
0001213900-24-064758,OMC,2024-08-02T20:17:23+00:00,agreement,2024
0000712515-24-000040,EA,2024-08-02T21:34:47+00:00,management,2024
0001069183-24-000047,AXON,2024-08-06T20:13:20+00:00,earnings,2024
0001100682-24-000025,CRL,2024-08-07T11:21:00+00:00,earnings,2024
0000927653-24-000096,MCK,2024-08-07T20:05:43+00:00,earnings,2024
0001035443-24-000238,ARE,2024-08-07T20:08:23+00:00,other,2024
0001051470-24-000193,CCI,2024-08-07T20:18:04+00:00,other,2024
0001193125-24-196470,VST,2024-08-08T11:13:01+00:00,earnings,2024
0001140361-24-036664,KKR,2024-08-09T21:20:54+00:00,other,2024
0001193125-24-198310,KEY,2024-08-12T10:08:32+00:00,other,2024
0001193125-24-198885,WBA,2024-08-12T20:14:55+00:00,other,2024
0000107815-24-000216,WEC,2024-08-12T20:15:23+00:00,other,2024
0001193125-24-198887,DVN,2024-08-12T20:15:53+00:00,agreement,2024
0001193125-24-199942,WMB,2024-08-13T23:03:55+00:00,agreement,2024
0001193125-24-200279,DHI,2024-08-14T12:45:58+00:00,other,2024
0001193125-24-200435,LLY,2024-08-14T16:27:03+00:00,other,2024
0000864749-24-000210,TRMB,2024-08-15T12:11:08+00:00,management,2024
0001104659-24-090857,MNST,2024-08-19T20:26:50+00:00,other,2024
0001193125-24-203259,VZ,2024-08-20T12:32:55+00:00,other,2024
0000789570-24-000024,MGM,2024-08-21T20:30:22+00:00,management,2024
0000745732-24-000041,ROST,2024-08-22T20:02:21+00:00,earnings,2024
0001104659-24-092808,TGT,2024-08-26T18:39:25+00:00,other,2024
0000200406-24-000079,JNJ,2024-08-26T20:26:20+00:00,management,2024
0000035527-24-000221,FITB,2024-08-28T13:06:27+00:00,other,2024
0001193125-24-208942,GS,2024-08-28T21:55:03+00:00,other,2024
0001558370-24-012541,ULTA,2024-08-29T20:06:28+00:00,earnings,2024
0001413447-24-000081,NXPI,2024-08-29T22:03:05+00:00,other,2024
0001564708-24-000450,NWS,2024-09-03T10:11:39+00:00,other,2024
0000950170-24-102826,FDX,2024-09-03T20:15:17+00:00,earnings,2024
0000092122-24-000085,SO,2024-09-09T18:15:04+00:00,other,2024
0000200406-24-000081,JNJ,2024-09-10T20:26:10+00:00,management,2024
0001104659-24-098914,BG,2024-09-11T20:01:31+00:00,other,2024
0000914208-24-000389,IVZ,2024-09-11T20:49:13+00:00,other,2024
0000910521-24-000048,DECK,2024-09-13T20:13:41+00:00,management,2024
0001193125-24-218877,TMUS,2024-09-13T20:18:57+00:00,management,2024
0001206774-24-000900,GLW,2024-09-16T20:59:32+00:00,other,2024
0001564708-24-000490,NWS,2024-09-23T10:20:28+00:00,other,2024
0001104659-24-101893,BG,2024-09-23T12:10:49+00:00,other,2024
0000092380-24-000116,LUV,2024-09-25T20:30:28+00:00,other,2024
0000093751-24-000718,STT,2024-10-01T11:19:34+00:00,other,2024
0001539838-24-000188,FANG,2024-10-01T20:03:29+00:00,earnings,2024
0001193125-24-230167,ATO,2024-10-01T20:11:28+00:00,agreement,2024
0001193125-24-232246,FIS,2024-10-03T20:15:56+00:00,agreement,2024
0000797468-24-000158,OXY,2024-10-09T20:30:21+00:00,earnings,2024
0000200406-24-000088,JNJ,2024-10-15T11:37:20+00:00,earnings,2024
0001137774-24-000210,PRU,2024-10-16T20:18:28+00:00,other,2024
0000019617-24-000595,JPM,2024-10-17T20:17:14+00:00,management,2024
0001413329-24-000163,PM,2024-10-18T10:03:15+00:00,other,2024
0001193125-24-239201,SLB,2024-10-18T11:08:59+00:00,earnings,2024
0000040545-24-000199,GE,2024-10-22T10:34:48+00:00,earnings,2024
0001193125-24-241105,NI,2024-10-22T20:46:29+00:00,other,2024
0001300514-24-000132,LVS,2024-10-23T20:08:11+00:00,earnings,2024
0001373715-24-000342,NOW,2024-10-23T20:11:14+00:00,earnings,2024
0000820027-24-000084,AMP,2024-10-23T20:11:47+00:00,earnings,2024
0001035002-24-000054,VLO,2024-10-24T12:19:07+00:00,earnings,2024
0000910521-24-000056,DECK,2024-10-24T20:07:19+00:00,earnings,2024
0001104659-24-111164,PFG,2024-10-24T20:17:32+00:00,earnings,2024
0001140361-24-044127,HPQ,2024-10-24T21:00:42+00:00,management,2024
0001418135-24-000092,KDP,2024-10-25T20:07:56+00:00,agreement,2024
0001193125-24-245518,SBAC,2024-10-28T20:12:53+00:00,earnings,2024
0001193125-24-245564,APA,2024-10-28T20:26:53+00:00,management,2024
0001336920-24-000052,LDOS,2024-10-28T23:23:03+00:00,earnings,2024
0000882184-24-000051,DHI,2024-10-29T15:45:37+00:00,earnings,2024
0000950170-24-118573,ZBH,2024-10-30T10:30:10+00:00,earnings,2024
0001558370-24-013879,TECH,2024-10-30T10:30:18+00:00,earnings,2024
0000950170-24-118583,MLM,2024-10-30T11:00:44+00:00,earnings,2024
0001637459-24-000138,KHC,2024-10-30T11:06:17+00:00,earnings,2024
0000319201-24-000024,KLAC,2024-10-30T20:07:04+00:00,earnings,2024
0001543151-24-000033,UBER,2024-10-31T10:55:56+00:00,earnings,2024
0001193125-24-248690,PSA,2024-10-31T20:15:55+00:00,management,2024
0001104659-24-113072,WM,2024-10-31T20:20:22+00:00,agreement,2024
0000034088-24-000066,XOM,2024-11-01T10:32:12+00:00,earnings,2024
0001193125-24-250630,IP,2024-11-04T21:16:00+00:00,other,2024
0001193125-24-251660,MKTX,2024-11-06T11:30:53+00:00,earnings,2024
0000107263-24-000094,WMB,2024-11-06T21:17:35+00:00,earnings,2024
0001564708-24-000587,NWS,2024-11-07T00:40:30+00:00,other,2024
0001596532-24-000366,ANET,2024-11-07T21:11:01+00:00,earnings,2024
0001047862-24-000067,ED,2024-11-07T21:45:35+00:00,earnings,2024
0001031296-24-000061,FE,2024-11-08T21:31:23+00:00,other,2024
0001130310-24-000119,CNP,2024-11-12T11:14:46+00:00,other,2024
0000100493-24-000118,TSN,2024-11-12T12:32:39+00:00,earnings,2024
0001744489-24-000275,DIS,2024-11-14T11:43:16+00:00,earnings,2024
0001140361-24-046925,OTIS,2024-11-14T21:21:58+00:00,other,2024
0001104659-24-119004,PFG,2024-11-14T21:28:51+00:00,management,2024
0001136893-24-000148,FIS,2024-11-15T21:16:03+00:00,management,2024
0001564708-24-000609,NWS,2024-11-18T12:00:51+00:00,other,2024
0001437749-24-035619,MOH,2024-11-18T21:20:34+00:00,agreement,2024
0001193125-24-261725,VST,2024-11-19T21:06:04+00:00,agreement,2024
0001375365-24-000043,SMCI,2024-11-26T21:08:58+00:00,agreement,2024
0000016918-24-000198,STZ,2024-12-03T12:33:55+00:00,other,2024
0001109357-24-000192,EXC,2024-12-03T14:05:46+00:00,management,2024
0000091419-24-000105,SJM,2024-12-03T21:15:59+00:00,other,2024
0001193125-24-269996,WFC,2024-12-03T21:57:32+00:00,other,2024
0000950170-24-132888,MLM,2024-12-03T22:25:18+00:00,management,2024
0001104659-24-125523,CTRA,2024-12-04T21:15:09+00:00,agreement,2024
0001193125-24-270723,SNPS,2024-12-04T21:30:54+00:00,earnings,2024
0001104659-24-125772,KR,2024-12-05T13:07:51+00:00,earnings,2024
0001564708-24-000650,NWS,2024-12-09T23:04:37+00:00,other,2024
0000864749-24-000259,TRMB,2024-12-10T00:02:04+00:00,other,2024
0000049196-24-000106,HBAN,2024-12-10T13:02:54+00:00,other,2024
0000093410-24-000066,CVX,2024-12-10T16:41:00+00:00,other,2024
0001065696-24-000131,LKQ,2024-12-11T13:16:40+00:00,management,2024
0000037785-24-000125,FMC,2024-12-11T21:32:48+00:00,management,2024
0001099219-24-000264,MET,2024-12-12T12:03:26+00:00,other,2024
0001730168-24-000125,AVGO,2024-12-12T21:23:06+00:00,earnings,2024
0001193125-24-277091,K,2024-12-12T21:30:27+00:00,agreement,2024
0001104659-24-128106,KR,2024-12-12T23:26:39+00:00,other,2024
0001193125-24-280528,D,2024-12-17T21:53:59+00:00,other,2024
0001564708-24-000676,NWS,2024-12-27T00:16:05+00:00,other,2024
